continuation_prob,seed,n_bars,n_events,n_events_enriched,fracdiff_d,bar_lag1_autocorr,T_raw,tw_mean,T_effective,sr_hat,dsr,pbo,skew,kurtosis,n_trials,wall_clock_sec,error
0.505,0,2987,434,434,0.5,0.003955261202245598,2812,0.15316090600439083,430.688467684347,0.03952618169025596,0.7666575108530176,0.5735930735930735,-0.05677102523583027,3.6280623756492982,20,30.788100957870483,
0.505,1,2987,422,422,0.2,-8.706772284517977e-05,1925,0.14990674334100096,288.57048093142686,0.019932889141680846,0.5135293994376792,0.13528138528138528,0.027026417158508047,5.228751758134309,20,29.59350085258484,
0.505,2,2987,401,401,0.4,-0.004609150471767242,2702,0.20950160733588297,566.0733430215557,-0.02159571311810424,0.21439965213598128,0.23160173160173161,0.023233568198510735,4.414685542648563,20,27.378626108169556,
0.505,3,2987,358,358,0.5,-0.0023051047530317447,2403,0.2087212617728692,501.5571920402047,0.03031887778578379,0.7035859376538679,0.3917748917748918,0.0458358983597129,3.2874252245576763,20,23.948378562927246,
0.505,4,2987,381,381,0.0,0.01879871911089248,1430,0.21664814779479782,309.8068513465609,0.029981297016675644,0.616667879553947,0.42424242424242425,0.15121083598633706,6.848025899186902,20,24.420385122299194,
0.505,5,2987,341,341,0.30000000000000004,-0.002511571745412173,2429,0.2501392307392962,607.5881914657506,0.010637871631897458,0.44689380490232344,0.7283549783549783,0.1734684146947498,5.268839863788059,20,22.90945267677307,
0.505,6,2987,383,383,0.30000000000000004,-0.02612288354789624,2350,0.2021875505716669,475.1407438434172,-0.017347394052401693,0.2751287462463444,0.9145021645021645,-0.06309267694096125,4.952971798886909,20,24.025031805038452,
0.505,7,2987,359,359,0.30000000000000004,0.03432318992686259,2098,0.2506981044653108,525.9646231682221,0.010914419543417316,0.5624437579420628,0.6753246753246753,0.00784915555693056,4.447903794155377,20,24.42579436302185,
0.505,8,2987,374,374,0.30000000000000004,0.014688967476304188,1173,0.2252561574023532,264.2254726329603,-0.017379140826319743,0.3566568984675754,0.6363636363636364,0.015045309472714876,2.8534972069176416,20,24.571757793426514,
0.505,9,2987,300,300,0.6000000000000001,0.0385769234667753,2792,0.22867931454260884,638.4726462029639,0.045883119809688504,0.8603782889914457,0.5854978354978355,-0.06638764599790128,3.449294961772848,20,22.965871810913086,
0.505,10,2987,428,428,0.2,0.012507985507049145,1350,0.22402131345695492,302.42877316688913,0.02430899853755006,0.5195558437243587,0.14393939393939395,0.15701516883754352,4.544297710767259,20,26.060997486114502,
0.505,11,2987,387,387,0.1,0.010613632868934922,2798,0.16127236803405257,451.24008575927905,0.01696808669408308,0.5718197754289832,0.35064935064935066,0.1501383660307429,7.021098999624529,20,24.539915561676025,
0.505,12,2987,368,368,0.2,0.031818014776365644,1059,0.1614036102198271,170.9264232227969,0.006131638157010967,0.45364600425342033,0.05194805194805195,0.02763468098154001,3.094206261115845,20,23.61886167526245,
0.505,13,2987,389,389,0.2,0.033249926400526826,1584,0.18171931906086405,287.8434013924087,0.021864187715793768,0.5477531940709204,0.9058441558441559,0.3747584775104415,7.9801417964610675,20,23.94236707687378,
0.505,14,2987,433,433,0.5,-0.007201813021375544,2360,0.1752245206251672,413.5298686753946,-0.008191186614951976,0.3665348679755206,0.4577922077922078,-0.07289859269958503,4.343903815496178,20,27.157293558120728,
0.505,15,2987,457,457,0.30000000000000004,0.01877161292005902,2325,0.18006564446556508,418.65262338243883,0.04156415827804116,0.6969502048925571,0.5097402597402597,0.3168482622972397,5.483619937328058,20,29.397709131240845,
0.505,16,2987,378,378,0.2,0.01831120610077128,1810,0.1929917472437168,349.3150625111274,-0.011959055901900644,0.35327918302502503,0.683982683982684,0.32043825120811126,4.6668406581310755,20,24.90090298652649,
0.505,17,2987,376,376,0.2,0.041687897058150576,2461,0.1492564890570333,367.3202195693589,0.025894360125547165,0.6569009094364607,0.7954545454545454,0.08052348624564006,3.9736158437780165,20,24.386343479156494,
0.505,18,2987,401,401,0.4,-0.002056740693041665,2871,0.20366128662026203,584.7115538867723,0.00863200221730088,0.48908174160058626,0.6948051948051948,-0.016794644314068945,5.995401912035456,20,26.70435667037964,
0.505,19,2987,395,395,0.2,0.003412874681460861,2348,0.18659158989903218,438.11705308292755,0.011672184480901371,0.5215217123992457,0.8008658008658008,0.12980898887997816,5.7002048873275974,20,27.586888790130615,
0.505,20,2987,339,339,0.5,0.012919298191574127,2741,0.19546277934919745,535.7634781961502,0.024837251719349716,0.6629994825014205,0.3300865800865801,0.04917827018897276,4.6020784904311265,20,23.75208044052124,
0.505,21,2987,376,376,0.6000000000000001,0.021770772877057223,2419,0.21303108270293486,515.3221890583994,-0.00298400634538806,0.428961206889658,0.737012987012987,-0.04044881400386793,6.016761558349617,20,25.99499249458313,
0.505,22,2987,456,456,0.30000000000000004,0.04886030990770804,907,0.19107185845366204,173.30217561747148,-0.009384354691152803,0.36959602257356927,0.3777056277056277,-0.0011128504570839964,2.8344088573418746,20,29.753337860107422,
0.505,23,2987,404,404,0.0,-0.00267851618527545,2080,0.15631512317656948,325.1354562072645,0.06347432020763073,0.810734037697874,0.5692640692640693,0.18602487714558166,4.831880487860924,20,26.23945164680481,
0.505,24,2987,382,382,0.1,0.0052023459983397595,2576,0.19341919835154744,498.2478549535862,0.006161544157282799,0.48472200551384853,0.9718614718614719,-0.01768133661887606,6.340981839910107,20,26.111761569976807,
0.505,25,2987,392,392,0.1,0.02756732089339634,1859,0.1713191981927224,318.48238944027094,0.016030279794462164,0.48412782899989487,0.2305194805194805,-0.25801900076784545,4.062493429671006,20,26.913530111312866,
0.505,26,2987,374,374,0.5,0.012742123914380036,2138,0.19288239966559204,412.3825704850358,-0.020634148138499737,0.29894229600978295,0.54004329004329,-0.0013165368063275576,4.294708188290711,20,25.537806749343872,
0.505,27,2987,379,379,0.4,0.03336825914050553,1038,0.2024812018004468,210.17548746886376,0.0005875747018116628,0.45292542509609635,0.698051948051948,-0.0355973541522755,2.922890725868695,20,26.013487577438354,
0.505,28,2987,357,357,0.2,0.006299339671669445,2560,0.19655174826967423,503.17247557036603,0.010839509101536514,0.5250212523399503,0.5075757575757576,-0.01901822729844436,6.015676360140558,20,25.27708148956299,
0.505,29,2987,311,311,0.5,0.003372679697402519,2809,0.2374386380769157,666.9651343580562,0.02729527985244002,0.7229210995996462,0.16666666666666666,0.056763930557503874,5.269431119540149,20,23.369060277938843,
0.505,30,2987,341,341,0.5,-0.005384461004453862,2808,0.19825565284426316,556.7018731866909,-0.036689293824743646,0.1572052217246665,0.44696969696969696,0.07962776037772837,5.706787898295961,20,23.66231393814087,
0.505,31,2987,361,361,0.0,0.009685533424950488,1339,0.21160670073440685,283.3413722833708,0.022252174306495683,0.5745650822945542,0.6082251082251082,0.12717453418993505,4.234572719219789,20,25.000560998916626,
0.505,32,2987,357,357,0.30000000000000004,0.05098245354350836,2206,0.18276398893596466,403.177359592738,0.028799424608294395,0.5169609189027612,0.1266233766233766,-0.0616090286074601,2.932435955839101,20,25.25373077392578,
0.505,33,2987,345,345,0.5,0.031826020514236796,2434,0.25195896753883223,613.2681269895177,0.03962866119369176,0.7018374528313294,0.14285714285714285,0.33335560592227026,7.756077991437312,20,24.644984245300293,
0.505,34,2987,363,363,0.5,0.01942825919650416,1904,0.2178176966832142,414.72489448483987,-0.0035762606221192436,0.4214166051692647,0.5140692640692641,-0.1548074514013779,3.9764259647290885,20,25.61235761642456,
0.505,35,2987,355,355,0.30000000000000004,0.0114515421161424,2676,0.21466847443969314,574.4528376006189,0.03659841574010807,0.6632128385583607,0.07683982683982683,0.214297577554712,5.015932139742237,20,25.443089246749878,
0.505,36,2987,407,407,0.30000000000000004,-0.017853906076820702,2821,0.1893158953501953,534.0601407829009,-0.0008054516515083963,0.3978347457898657,0.7510822510822511,-0.020411040222982665,5.424289360949116,20,28.913646697998047,
0.505,37,2987,402,402,0.2,0.01251194033031181,2203,0.18223037970440947,401.4535264888141,0.012311663736632025,0.5449297682426292,0.15476190476190477,0.026576278408625486,4.214181545517877,20,26.731829166412354,
0.505,38,2987,321,321,0.30000000000000004,-0.003202411080592842,2431,0.20538231699324802,499.28441261058595,-0.022496721079776336,0.23583954228895637,0.5541125541125541,0.026593243302949373,4.6512956292979375,20,24.841297149658203,
0.505,39,2987,346,346,0.4,0.050752839583499014,2553,0.19983287250449577,510.1733235039777,0.01600687926853753,0.5963089406294282,0.698051948051948,-0.11263304814266412,9.42374920361243,20,23.50574779510498,
0.505,40,2987,436,436,0.5,0.026071017884674738,1696,0.16798487036066703,284.9023401316913,-0.003140706140270779,0.43090866360755453,0.5876623376623377,0.005814198338745816,4.350394531104158,20,26.445086002349854,
0.505,41,2987,363,363,0.2,0.011584304181988095,373,0.16403306741807752,61.184334146942916,0.023465614884524935,0.5103218485352902,0.17965367965367965,0.18518626531418986,3.0229704869273983,20,23.8556170463562,
0.505,42,2987,324,324,0.0,-0.00926651741836386,2642,0.2085982787586064,551.1166524802381,0.0308283189022385,0.6450198094170021,0.36038961038961037,0.05225056763902678,6.582427330792984,20,22.556842803955078,
0.505,43,2987,393,393,0.2,0.04099563111325191,2537,0.17819205128306248,452.07323410512953,-0.026437679054253357,0.22410674171605643,0.4751082251082251,-0.03726844846966346,6.50700564147973,20,24.223170042037964,
0.505,44,2987,381,381,0.30000000000000004,0.008737291930612658,2430,0.2118774897385264,514.8623000646191,0.0010411629826666934,0.4184388427765238,0.1764069264069264,-0.02403826699535529,5.309495953115139,20,24.513420581817627,
0.505,45,2987,314,314,0.6000000000000001,0.029643594745054097,2612,0.22385949481682557,584.7210004615484,0.055164143149827496,0.8640125412019254,0.05735930735930736,0.1707133907651899,5.09814902502454,20,22.075788259506226,
0.505,46,2987,364,364,0.0,0.018081334029513615,2520,0.21001388891615827,529.2350000687188,0.025471924816076883,0.6755814957719725,0.8235930735930735,0.1682151586026767,5.499465000539321,20,24.062971115112305,
0.505,47,2987,413,413,0.4,-0.003240435669895557,2751,0.21014110449128623,578.0981784555285,0.0223634749017378,0.6485995624130803,0.474025974025974,-0.07824145556061934,4.255140924123554,20,26.46910858154297,
0.505,48,2987,325,325,0.0,-0.007604642010431474,1526,0.22159399716365494,338.15243967173745,0.02831702500193053,0.6021404871791025,0.4880952380952381,0.05866334514835327,4.905069010028562,20,23.566229820251465,
0.505,49,2987,375,375,0.4,-0.0053405107555122315,2185,0.24332703011515588,531.6695608016156,-0.00505880453499854,0.41115307122035594,0.7554112554112554,-0.3121942760536292,4.809255332369062,20,26.37053894996643,
0.51,0,2987,470,470,0.5,0.01098461954975782,2832,0.14756521783126408,417.9046968981399,0.038754196845622334,0.772203075304069,0.7510822510822511,0.08225990366411531,3.5224822654257055,20,28.56753444671631,
0.51,1,2987,439,439,0.2,0.032779992251620566,1990,0.14877940511881413,296.0710161864401,0.05333502915172424,0.7231009918718312,0.5194805194805194,0.07165465301355806,5.386390385677908,20,27.68394422531128,
0.51,2,2987,419,419,0.30000000000000004,0.036675805288586494,2304,0.20041216873768256,461.7496367716206,-0.005925617653199379,0.4096222570259608,0.6060606060606061,0.17213310100618567,3.7494344744830714,20,28.797476530075073,
0.51,3,2987,369,369,0.5,-0.006569797574222263,2802,0.21805516884573048,610.9905831057368,0.02913157901087402,0.7110291157492818,0.38961038961038963,0.18235383202884975,4.820343156068965,20,24.755454540252686,
0.51,4,2987,401,401,0.1,0.012592658790973026,1475,0.1916101487175138,282.62496935833286,0.01412958439164047,0.5481003027246455,0.2857142857142857,0.15885526999606245,6.005358931599713,20,27.20293164253235,
0.51,5,2987,366,366,0.4,0.04646038346528666,1189,0.23504348806352518,279.46670730753146,0.019328965656255127,0.5919527823867603,0.6883116883116883,-0.023638495372376882,3.1885659226240177,20,45.736533880233765,
0.51,6,2987,404,404,0.30000000000000004,-0.00956052918600946,1871,0.20111817024744216,376.2920965329643,-0.018440392721312107,0.3239790148226517,0.7716450216450217,-0.015986847083472363,4.297610506424321,20,37.642584562301636,
0.51,7,2987,381,381,0.30000000000000004,0.026857413217686768,1691,0.21470802536522965,363.0712708926033,0.013298318906257095,0.5402861375632493,0.2554112554112554,-0.0025145670260279087,2.739336469918602,20,29.542149543762207,
0.51,8,2987,381,381,0.30000000000000004,0.039667800022326345,2479,0.2113568151674856,523.9535448001968,-0.003145076166437911,0.39374919963178023,0.6439393939393939,0.2987001364285811,8.137772569520845,20,29.02893900871277,
0.51,9,2987,310,310,0.6000000000000001,0.05216129080256282,2794,0.25218567783156304,704.6067838613872,0.04358130347258831,0.8424530936318326,0.6233766233766234,0.04775171416781718,4.232743483796459,20,26.383453607559204,
0.51,10,2987,427,427,0.2,0.02673504411237491,974,0.19500718710762957,189.9370002428312,-0.010561144620232815,0.40185793177102513,0.5714285714285714,-0.004054665345411631,2.831048803187655,20,30.330743074417114,
0.51,11,2987,407,407,0.1,0.022956033985809955,2672,0.1523484332464445,407.0750136344997,0.014622236876334226,0.5514577005022663,0.7727272727272727,0.3429680218976589,11.215727414156266,20,29.31244206428528,
0.51,12,2987,378,378,0.30000000000000004,0.03134819568526947,1049,0.16970721134420125,178.02286470006712,0.03653440983734061,0.583167218385652,0.08766233766233766,0.07234360736891679,4.137559065290381,20,28.86307454109192,
0.51,13,2987,404,404,0.2,0.054519564886728274,482,0.17212560475590732,82.96454149234734,0.023383982271060796,0.5448476312762321,0.7142857142857143,0.1305594225916747,2.9068080164990366,20,30.397700786590576,
0.51,14,2987,469,469,0.5,0.011344242717232065,2097,0.16823006752289268,352.77845159550594,-0.015147973493499329,0.33816511200612537,0.08982683982683982,-0.047425886250132325,4.905514096121866,20,33.26967787742615,
0.51,15,2987,453,453,0.30000000000000004,0.04780028093797208,2317,0.19018421809946864,440.6568333364688,0.023674283994639042,0.6315959702740374,0.8874458874458875,0.0073573354990449855,5.976213370613708,20,32.78093600273132,
0.51,16,2987,381,381,0.2,0.0039194831560669646,1206,0.18228275276160075,219.8329998304905,-0.014172730402590752,0.3779716571187672,0.6764069264069265,-0.10605590681217364,5.148577157955964,20,29.024813175201416,
0.51,17,2987,407,407,0.2,0.04446816775388755,2060,0.14170225390009397,291.90664303419356,0.012404635176468103,0.5500373107954643,0.6147186147186147,0.178070513311708,4.449818137121325,20,32.48082661628723,
0.51,18,2987,403,403,0.4,0.03392517661756296,2868,0.20638991497304982,591.9262761427069,0.0035065066541034467,0.42264371941570034,0.8300865800865801,-0.06766414519935673,4.957078034874753,20,32.19306468963623,
0.51,19,2987,413,413,0.2,0.025343261975266082,1449,0.18623532908628332,269.8549918460245,0.011726169116547495,0.5034797727382432,0.45454545454545453,-0.033186431972605054,3.1188951545998447,20,27.954099416732788,
0.51,20,2987,348,348,0.5,0.018706067761496324,2753,0.185725326257782,511.3018231876738,0.016705194746207686,0.5985275262261021,0.5844155844155844,0.08391403453501964,4.627850126999579,20,26.96642518043518,
0.51,21,2987,397,397,0.7000000000000001,0.03668161372411688,2380,0.18147059892329417,431.90002543744015,0.010045450750892259,0.4866726456625781,0.5854978354978355,-0.16554498361538575,5.834817381506529,20,29.979393482208252,
0.51,22,2987,476,476,0.30000000000000004,0.05851886100069387,1918,0.17596769122870304,337.50603177665243,-0.030446617634237106,0.20005384270593468,0.7132034632034632,-0.22805974256083797,5.6278750790904795,20,36.635475158691406,
0.51,23,2987,407,407,0.0,0.03149230996696154,1567,0.15168108816998943,237.68426516237344,0.032398986258317504,0.6215217560197449,0.4318181818181818,-0.16768337735313413,4.491940669190248,20,29.603200435638428,
0.51,24,2987,386,386,0.1,0.010906458763460972,1636,0.18629556345019022,304.7795418045112,0.0026867624348888837,0.4559306837290673,0.44047619047619047,0.03522061881930575,2.962621666356003,20,30.3593327999115,
0.51,25,2987,416,416,0.1,0.05285346299746713,1630,0.15102787620234767,246.1754382098267,-0.00514203107834112,0.4168375162733511,0.3235930735930736,-0.004548730196809175,4.085635362179017,20,29.178005933761597,
0.51,26,2987,391,391,0.5,0.0538938718028902,2767,0.17051412014663409,471.8125704457365,-0.02069177402601942,0.2637330651632711,0.4989177489177489,-0.0664958567508483,4.480595622085783,20,29.356369733810425,
0.51,27,2987,422,422,0.5,0.0317853738683269,1584,0.1831117777070615,290.0490558879854,0.009953173261802178,0.5020371515508006,0.49567099567099565,0.10969579290511633,3.2378230602001543,20,31.245894193649292,
0.51,28,2987,385,385,0.2,0.01090180961151165,1681,0.1758843342349415,295.6615658489366,0.010067391924161565,0.5078542907274158,0.8593073593073594,0.3041792983879432,5.071172333331685,20,29.463823556900024,
0.51,29,2987,317,317,0.5,0.040919999540303766,2810,0.2273511435009629,638.8567132377057,0.018851922507280693,0.6518691449576537,0.28679653679653677,-0.14068284767582373,5.951768019006728,20,25.551791191101074,
0.51,30,2987,353,353,0.6000000000000001,0.027801128659026487,2424,0.17794346760177276,431.33496546669716,-0.03826300780539826,0.16442297548001578,0.010822510822510822,-0.060394585752024735,6.736626560495134,20,28.022829294204712,
0.51,31,2987,387,387,0.1,-0.008050545952082147,959,0.18806174291958727,180.35121145988418,0.048503991898943576,0.5851831370989871,0.11038961038961038,0.36720610884905175,4.239995676738381,20,28.754520893096924,
0.51,32,2987,350,350,0.30000000000000004,0.06720226152854138,2630,0.1665425595853746,438.0069317095352,0.001628127346536763,0.47228991979872825,0.7564935064935064,-0.10720268356047336,4.440067206207975,20,27.87690782546997,
0.51,33,2987,360,360,0.5,0.055856584747451136,2817,0.2479197259398232,698.389867972482,0.019027554643526123,0.5406045723096748,0.06601731601731602,-0.10724565254521927,4.913973010738848,20,27.46365261077881,
0.51,34,2987,390,390,0.5,0.013134974486715167,1465,0.23377014812981797,342.47326701018335,0.0031110155394297304,0.4251939296638361,0.045454545454545456,-0.17470670604192218,3.910867886193229,20,29.862738847732544,
0.51,35,2987,353,353,0.30000000000000004,0.03272084077231582,2244,0.2234936710339497,501.51979780018314,0.0025645994638205287,0.4706419553302364,0.7034632034632035,-0.037494321414755234,9.317693910444131,20,27.367830753326416,
0.51,36,2987,414,414,0.30000000000000004,0.03103861595953813,125,0.17805818178837443,22.257272723546805,-0.0036441015134914597,0.4646413618793512,0.3116883116883117,-0.07973810456027255,2.9719555610427952,20,29.23475742340088,
0.51,37,2987,408,408,0.2,0.033762560679289136,2199,0.18377667375557083,404.12490558850027,0.011576907803560807,0.5410729290168684,0.6212121212121212,0.07392669085417294,5.022064625195329,20,31.80330204963684,
0.51,38,2987,359,359,0.30000000000000004,0.03532614749272848,2542,0.1937545968931332,492.5241853023446,-0.014306661616978912,0.28659813641749576,0.34415584415584416,0.42946636136427285,6.3403918776228565,20,26.61423897743225,
0.51,39,2987,361,361,0.4,0.05274695168547459,873,0.20000441765555146,174.60385661329641,-0.001250421505400928,0.4596545774070398,0.577922077922078,-0.020273367677420103,4.822181194742212,20,26.09148597717285,
0.51,40,2987,460,460,0.5,0.02352599359410479,1169,0.1555620829114037,181.8520749234309,-0.02692384652710383,0.33527675770201687,0.8127705627705628,-0.11558834658342716,6.05534644732974,20,28.27280831336975,
0.51,41,2987,362,362,0.2,0.021063931663611216,963,0.15888884892850458,153.0099615181499,0.016418557419355922,0.5648743918861739,0.9837662337662337,0.19549647632539885,3.739510420484345,20,24.599058866500854,
0.51,42,2987,349,349,0.0,0.005431809362706653,2381,0.19312006325441336,459.81887060875823,0.05172828199761371,0.8235797085213872,0.7792207792207793,0.36044799270894956,6.131701917280024,20,23.961688995361328,
0.51,43,2987,427,427,0.2,0.03618662179564573,837,0.17468832017776822,146.214123988792,-0.005530699502542469,0.423127931688195,0.3354978354978355,-0.0352854068503576,2.996269969317942,20,26.12510657310486,
0.51,44,2987,379,379,0.4,0.04811660841557439,2732,0.2138120273703915,584.1344587759096,0.004480621508897971,0.43508056049267746,0.1396103896103896,0.006490603902549578,5.399642264737947,20,25.48230481147766,
0.51,45,2987,340,340,0.6000000000000001,0.036957682256098585,2709,0.23405577519254056,634.0570949965924,0.04091051560243373,0.8231798146979343,0.27056277056277056,0.05499853596392963,5.066540640311669,20,26.972931146621704,
0.51,46,2987,366,366,0.0,0.040922240082319095,1292,0.21532321304037327,278.19759124816227,0.0302787302968586,0.5978973504696885,0.5248917748917749,0.033867979347003654,4.36794563812791,20,26.81619930267334,
0.51,47,2987,405,405,0.30000000000000004,0.008923384696800466,1115,0.2089584062146135,232.98862292929405,0.015061325222485478,0.49054477503232863,0.1937229437229437,0.06408228428777084,3.5715080205461485,20,28.83946180343628,
0.51,48,2987,336,336,0.1,0.01603565287486599,2606,0.21895988768385716,570.6094673041317,0.010338940954611972,0.4586860220158318,0.5854978354978355,0.08287497110817674,6.78951075454788,20,27.099842309951782,
0.51,49,2987,366,366,0.4,0.017732328430588234,2181,0.22423795669433338,489.06298355034113,0.014249640397098046,0.4128440649269604,0.050865800865800864,-0.01812814131128237,3.0014295900972066,20,32.609755516052246,
0.515,0,2987,492,492,0.5,0.04757093015771299,2073,0.14397623443141772,298.46273397632893,0.030181440554048887,0.6500122127475254,0.2694805194805195,-0.09812805431807049,4.056664168956269,20,32.89934802055359,
0.515,1,2987,450,450,0.2,0.0528764285348003,762,0.16043276055995218,122.24976354668355,0.03840455656480645,0.550191300690586,0.3961038961038961,0.21275161642606272,3.717904310277988,20,38.39839839935303,
0.515,2,2987,441,441,0.30000000000000004,0.06947280492463152,1340,0.19884382954352467,266.45073158832304,0.0064326639740245675,0.44969814235160654,0.1471861471861472,0.02623311381256272,3.1066845011039477,20,40.57948637008667,
0.515,3,2987,374,374,0.5,0.05645343792676841,2300,0.20756595872728995,477.4017050727669,0.04568407002910255,0.7861832989075915,0.07467532467532467,0.1863347998088933,4.81441261955725,20,38.53562569618225,
0.515,4,2987,419,419,0.2,0.040205028479447055,2843,0.15232491111089386,433.05972228827125,0.01541790208196624,0.5712599671893906,0.5238095238095238,0.18070135176220267,5.654283745104607,20,34.54483366012573,
0.515,5,2987,368,368,0.4,0.04067062198315982,1015,0.21995465779218132,223.25397765906405,0.013181394924411576,0.5365667786637763,0.6504329004329005,-0.1395087961656142,3.3162471143194185,20,29.393563985824585,
0.515,6,2987,448,448,0.4,0.023569494134728274,1441,0.17307918415888995,249.40710437296042,-0.033595107191123796,0.27287407871935254,0.6991341991341992,-0.011284670871825662,3.9986097477457405,20,42.28254842758179,
0.515,7,2987,410,410,0.30000000000000004,0.06028176902417713,1019,0.1902836787182127,193.89906861385873,0.024486140799476763,0.5507077945462929,0.39826839826839827,0.06535933093672808,2.993867924272312,20,48.4558846950531,
0.515,8,2987,396,396,0.30000000000000004,0.07617054384665425,1274,0.19725874115089023,251.30763622623417,0.0030053928170628826,0.44083311970116373,0.33116883116883117,-0.21184047752643217,4.37652113260806,20,41.298468828201294,
0.515,9,2987,328,328,0.6000000000000001,0.054777810568231396,2792,0.24889835900224463,694.924218334267,0.04743775955566315,0.8825243758796141,0.7911255411255411,-0.03056041103602051,3.5792372703293096,20,28.577228546142578,
0.515,10,2987,441,441,0.30000000000000004,0.07478631873157553,2199,0.1827501955903215,401.867680103117,-0.011908251018958496,0.3419232255464886,0.7391774891774892,-0.048180140182203096,5.242201201862393,20,37.66559171676636,
0.515,11,2987,425,425,0.1,0.04814777644703701,2245,0.1387712358926596,311.5414245790208,0.016203632627734322,0.5670790763648572,0.7683982683982684,0.019704961866038706,4.227937498428231,20,38.72721982002258,
0.515,12,2987,406,406,0.30000000000000004,0.0549027221330684,658,0.17033382877792483,112.07965933587454,-0.02019051717658386,0.3772622401149266,0.6666666666666666,0.01081289139227927,2.811834373191706,20,41.37021040916443,
0.515,13,2987,427,427,0.1,0.04924858223604651,1019,0.1664370786577312,169.59938315222809,0.008415818693944362,0.418781196297555,0.5411255411255411,0.20815704570118188,3.2418994757221493,20,41.77099013328552,
0.515,14,2987,493,493,0.5,0.03334685331360012,2109,0.14438213434586433,304.5019213354279,0.03412674940906194,0.6743865402593393,0.4880952380952381,0.17984450611398425,5.04325619735279,20,45.8163537979126,
0.515,15,2987,477,477,0.4,0.07167916000943698,1878,0.16881470257591646,317.0340114375711,0.05257060936292947,0.7340487672021618,0.45346320346320346,0.05425141960350021,5.323219276097248,20,46.7754385471344,
0.515,16,2987,402,402,0.2,0.04679184530408892,1581,0.17029931256755126,269.24321316929854,-0.01859198791492765,0.2910943083314502,0.007575757575757576,0.2529911766650172,4.8949828948133245,20,39.829779386520386,
0.515,17,2987,417,417,0.2,0.10800926171159497,1867,0.14908331717680534,278.3385531690956,0.007953803989904617,0.5084048624430989,0.5844155844155844,-0.13641270284424784,5.668508446776858,20,37.117730140686035,
0.515,18,2987,428,428,0.5,0.07669199881177598,2873,0.18432232974861995,529.5580533677851,0.011028476452969367,0.5455244238170743,0.6179653679653679,-0.08861280800102143,4.456800060138793,20,40.23775243759155,
0.515,19,2987,420,420,0.30000000000000004,0.060105242229097515,2803,0.18983030734698222,532.0943514935911,0.0038232798675807427,0.4320762420302596,0.5692640692640693,0.022869728542991557,6.044354471569077,20,46.69399833679199,
0.515,20,2987,358,358,0.5,0.04562502527044983,2678,0.17839773928623986,477.74914580855034,0.02602503472416006,0.6769440177392585,0.341991341991342,0.09430788713920417,4.702201876808743,20,38.641037464141846,
0.515,21,2987,401,401,0.6000000000000001,0.08983950721977241,2177,0.16801398571373113,365.76644689879265,0.0372050508406281,0.5729172140804296,0.003246753246753247,-0.02585045170741352,3.53479170267161,20,39.545868158340454,
0.515,22,2987,497,497,0.4,0.09512295342183748,1871,0.16501248990804412,308.7383686179506,-0.01121217051210731,0.31896252079978266,0.24891774891774893,0.06570245589118068,4.0485331217230485,20,45.337677240371704,
0.515,23,2987,434,434,0.1,0.06903861290679986,1756,0.14089181050929905,247.40601925432915,0.04305704031594413,0.7186869257129892,0.7012987012987013,0.023861894506109132,4.383545027329543,20,38.516308546066284,
0.515,24,2987,413,413,0.0,0.04060383868047622,1648,0.1713706407007845,282.41881587489286,0.039906993998846146,0.5708240782742598,0.2748917748917749,0.15500499139912063,3.821530599770771,20,44.120232343673706,
0.515,25,2987,432,432,0.2,0.07895631342160059,1713,0.15166815299857572,259.8075460865602,-0.0029385697789625033,0.4176497002783186,0.30735930735930733,-0.16071846264051035,5.251392681101183,20,44.048301458358765,
0.515,26,2987,401,401,0.5,0.06182568177895071,2789,0.1700691578696636,474.3228812984918,-0.013328345173608596,0.3434481225669849,0.4523809523809524,-0.03912562907534279,4.59755465176293,20,40.539642095565796,
0.515,27,2987,442,442,0.5,0.07850207259509012,2261,0.1672207513929002,378.08611889934735,0.018284894368335435,0.5961495604712398,0.6114718614718615,-0.023884018405520485,3.0609739954901745,20,41.85298752784729,
0.515,28,2987,419,419,0.30000000000000004,0.03913909639191553,2783,0.14974677017614066,416.74526140019947,-0.009046142468206222,0.37679445827539965,0.54004329004329,0.038352543115156845,10.20033626106203,20,41.08466386795044,
0.515,29,2987,344,344,0.4,0.056976718485350276,2712,0.21769368366402986,590.385270096849,0.033243145431137835,0.7189530747506175,0.017316017316017316,0.002718740246114811,4.9612679145876015,20,36.7565381526947,
0.515,30,2987,376,376,0.6000000000000001,0.05117796308674297,2100,0.1685647824340091,353.9860431114191,-0.045637294524508425,0.1772897764119768,0.5887445887445888,-0.1339159416106734,4.933440791298452,20,40.05630803108215,
0.515,31,2987,415,415,0.2,0.03256320329941294,768,0.17322147924314918,133.03409605873856,0.009602374661389497,0.47094532383673454,0.26406926406926406,-0.17677489525756782,4.494593897636401,20,39.3636109828949,
0.515,32,2987,360,360,0.4,0.08459316752493586,2757,0.16306064219337804,449.55819052714327,-0.0017153172979068574,0.40882179382266215,0.7683982683982684,-0.07546788287553104,5.348185322784642,20,29.3756263256073,
0.515,33,2987,372,372,0.5,0.07245339317829438,2141,0.21111540645678892,451.9980852239851,0.017277917374253732,0.6081799517493599,0.5357142857142857,0.05079356824730249,3.3247021361246447,20,28.004369497299194,
0.515,34,2987,419,419,0.5,0.04884573799960582,1623,0.2457409024576737,398.8374846888044,0.006838108502844451,0.50134267621501,0.6320346320346321,0.02528281052567958,3.085179803348965,20,30.2951877117157,
0.515,35,2987,376,376,0.4,0.027888460875110863,2336,0.22672200111792354,529.6225946114694,0.02190109456940773,0.6403015741625364,0.3268398268398268,-0.16838031238875203,7.076863160824175,20,27.954379081726074,
0.515,36,2987,429,429,0.30000000000000004,0.07444599453871974,8,0.17167255957997446,1.3733804766397957,-0.014803568290425707,0.49395828421760773,0.7023809523809523,1.1068531825235146,4.244045352835292,20,30.763744592666626,
0.515,37,2987,400,400,0.30000000000000004,0.07034554077973691,1180,0.18216104332037625,214.95003111804397,0.025589376235994755,0.5842832526848212,0.3246753246753247,0.029059113376410532,5.034989317427756,20,28.989280462265015,
0.515,38,2987,365,365,0.30000000000000004,0.05067761988317701,2450,0.191560038137321,469.32209343643643,-0.014537380127098874,0.324222114697881,0.7326839826839827,0.08790430691343401,4.149674437804112,20,27.47048044204712,
0.515,39,2987,373,373,0.4,0.07979477738746026,2240,0.19047272341134575,426.65890044141446,0.02713201994772546,0.5999441697920103,0.08225108225108226,0.15016062119867346,3.696645617327678,20,29.30229425430298,
0.515,40,2987,467,467,0.5,0.0809624712745126,2218,0.1466761180343901,325.32762980027724,-0.008356958403214614,0.3875934702570528,0.7965367965367965,0.07905271185639143,5.377318034776807,20,32.115575075149536,
0.515,41,2987,396,396,0.2,0.053726031868994176,2035,0.1544780430547622,314.3628176164411,0.018133034467519873,0.5926153372382418,0.6926406926406926,0.17742009024898361,4.7440163697267845,20,29.341251850128174,
0.515,42,2987,358,358,0.0,0.053797466117706444,1708,0.18685680121350373,319.1514164726644,0.0616848352188698,0.8197496134096329,0.3181818181818182,-0.013296355096709908,4.61972470064352,20,28.66188883781433,
0.515,43,2987,448,448,0.2,0.06050861234648802,1875,0.16969728272875426,318.18240511641426,-0.017324441566098383,0.33637087503848173,0.2824675324675325,-0.07972756203920361,4.691156190609023,20,31.07823371887207,
0.515,44,2987,399,399,0.5,0.0630628921565831,2566,0.2157717524806516,553.670316865352,0.0329645250670446,0.6781580868967857,0.10930735930735931,0.20362698856353156,4.478551952098677,20,29.370771408081055,
0.515,45,2987,381,381,0.5,0.060707581647863315,2787,0.20896626872534024,582.3889909375232,0.040010771991716744,0.7911644259828824,0.3268398268398268,0.05220068017780625,4.587214420473902,20,29.154566049575806,
0.515,46,2987,373,373,0.0,0.07181803329330247,2097,0.19055421321706395,399.5921851161831,0.02904236921179716,0.6194418737295605,0.6677489177489178,0.06649305729972439,5.790165120058145,20,28.499897241592407,
0.515,47,2987,417,417,0.30000000000000004,0.02971127244321939,1992,0.19152603845210597,381.5198685965951,0.019993969533724978,0.47988727910574575,0.4491341991341991,0.3829285144314553,9.044565457848172,20,29.553534746170044,
0.515,48,2987,373,373,0.2,0.026235795369401762,2281,0.20545155510941518,468.63499720457605,-0.0032601030522965138,0.4015317083754246,0.7251082251082251,-0.21366734311222557,5.923897872302588,20,28.587515830993652,
0.515,49,2987,417,417,0.4,0.03852764765967592,1472,0.2131345938003497,313.73412207411474,-0.01446975820020676,0.3445379616259599,0.10281385281385282,-0.14975509843390555,4.115279691383139,20,32.38248133659363,
0.521,0,2987,534,534,0.5,0.09613858752401398,2722,0.13408458017531347,364.97822723720327,0.027663141124991637,0.6617169631193475,0.5562770562770563,-0.014270248331093378,4.014654377339776,20,34.42441439628601,
0.521,1,2987,477,477,0.2,0.12506618969887592,508,0.1580796224705471,80.30444821503792,0.011582351067344553,0.4619703215733498,0.5584415584415584,0.12440219763043744,3.170144849819598,20,31.6012225151062,
0.521,2,2987,470,470,0.30000000000000004,0.11173430241242098,2714,0.165453745165509,449.04146437919144,-0.008726927177294277,0.3845608126276884,0.9036796536796536,0.10887784745346411,5.5450742576146865,20,32.668073892593384,
0.521,3,2987,413,413,0.5,0.09439100797902246,2712,0.1965622728450131,533.0768839556755,0.02929192895768159,0.6835496069567055,0.14177489177489178,0.030055900805827915,3.61278763368963,20,29.574803352355957,
0.521,4,2987,462,462,0.30000000000000004,0.061396108890934796,1343,0.14543251799819445,195.31587167157517,0.015363840830788606,0.5197514143762048,0.43073593073593075,-0.006787784131212988,2.904255477395109,20,31.659399271011353,
0.521,5,2987,388,388,0.5,0.1105420911096929,1489,0.21197261068890327,315.627217315777,0.01636954776236304,0.5622989425377019,0.4274891774891775,-0.024468604753454273,5.05747930035451,20,29.213495016098022,
0.521,6,2987,462,462,0.4,0.07132973155117928,2636,0.17536872970894932,462.2719715127904,-0.03756146369357185,0.16862246366409456,0.5703463203463204,-0.3317735848610341,11.101585034770277,20,33.43797826766968,
0.521,7,2987,454,454,0.30000000000000004,0.09488015103444648,479,0.16147188276936983,77.34503184652814,-0.004964469882226487,0.4132394672452431,0.5367965367965368,0.03627436010233583,2.8501557046504327,20,31.523857355117798,
0.521,8,2987,440,440,0.30000000000000004,0.11565818564139611,1844,0.1663953647028681,306.8330525120887,0.0006158894917054407,0.4218540970085385,0.30844155844155846,0.2639223684350846,4.930672031690362,20,30.979203701019287,
0.521,9,2987,352,352,0.6000000000000001,0.1079790985262229,2824,0.2254740560977363,636.7387344200073,0.05949973394729903,0.9258547842618776,0.6266233766233766,0.053316684188507955,4.734709337002907,20,27.60755443572998,
0.521,10,2987,457,457,0.2,0.10469083564091931,2816,0.1597643417351782,449.8963863262618,-0.007763563767312406,0.35851595802133274,0.7792207792207793,-0.22228709896557786,11.358865509758921,20,31.475351095199585,
0.521,11,2987,444,444,0.1,0.10428043602514253,2523,0.1344854531493683,339.3067982958562,0.018481579447908156,0.5924731726974426,0.762987012987013,0.011745952664529963,6.450972854019769,20,31.92906355857849,
0.521,12,2987,432,432,0.30000000000000004,0.1233079520571165,2407,0.16744491583262194,403.03991240912103,-0.007008747264739457,0.3854759080918927,0.5941558441558441,-0.13132015503033942,12.72266727699471,20,30.63448143005371,
0.521,13,2987,459,459,0.2,0.1120352789471555,934,0.14608721204745193,136.4454560523201,0.023253493956151554,0.5533037196701378,0.6883116883116883,0.030671649356385174,4.217502259655099,20,30.84741711616516,
0.521,14,2987,500,500,0.5,0.0866599730509414,2599,0.15615026224982706,405.83453158730055,0.01087369924072371,0.5373045764792603,0.6666666666666666,-0.1560445140826849,6.3126682276109305,20,30.376827001571655,
0.521,15,2987,505,505,0.4,0.09679963834515995,2429,0.1636680095220883,397.54959512915246,0.04353717478620608,0.6308366689322125,0.36038961038961037,0.3745351400710093,7.088035278930042,20,33.70330572128296,
0.521,16,2987,448,448,0.30000000000000004,0.10948586464129842,1776,0.14949448202145407,265.50220007010245,-0.020966090222470275,0.29998300336132094,0.27164502164502163,-0.1381195529913416,5.146807850679279,20,30.31896686553955,
0.521,17,2987,457,457,0.2,0.14615867050288664,2776,0.12945971510525406,359.38016913218524,0.007607278820530085,0.4959981065659295,0.6471861471861472,-0.10553887853222536,6.875557208717401,20,32.07038712501526,
0.521,18,2987,463,463,0.5,0.10914763297199338,2540,0.15780904358007986,400.83497069340285,0.0067588403081325,0.5051082006337825,0.9567099567099567,0.03375027966951075,4.673008483739167,20,32.15976595878601,
0.521,19,2987,451,451,0.2,0.09398990895640212,1393,0.19019932381882013,264.9476580796164,0.014170283322068898,0.4628859563939651,0.3041125541125541,0.006264965189807291,4.821846111359692,20,31.871294260025024,
0.521,20,2987,381,381,0.5,0.08635040284387312,2761,0.17812918666899222,491.81468439308753,0.02162707542674874,0.5855423242967,0.6212121212121212,0.07478260252294003,5.595913917299111,20,28.939728260040283,
0.521,21,2987,439,439,0.6000000000000001,0.10987544480622696,1668,0.15095936052934836,251.80021336295306,-0.006699491608446207,0.4166701031417712,0.6006493506493507,-0.11063472021718743,3.863086365993407,20,30.156081676483154,
0.521,22,2987,532,532,0.4,0.11050043323266863,1623,0.150864620524211,244.85327911079446,-0.022295399409493176,0.2852718263323237,0.09740259740259741,-0.0887382025866812,3.947040273643915,20,33.936100482940674,
0.521,23,2987,467,467,0.2,0.10917276342061809,1625,0.13919214581962677,226.1872369568935,0.019424046982635883,0.5615365146448276,0.7521645021645021,0.11727214599905504,4.9238192021458955,20,32.39042687416077,
0.521,24,2987,422,422,0.1,0.08920152629710702,1969,0.16247839717780574,319.9199640430995,0.007960230691226467,0.4971257994441192,0.5173160173160173,-0.07774172950041615,6.053186051509726,20,29.75866389274597,
0.521,25,2987,478,478,0.4,0.1178469937118222,2831,0.13459647758534685,381.0426280441169,0.011154851553941844,0.5373774618670956,0.9523809523809523,-0.1668265866574145,4.956587127735297,20,32.167736291885376,
0.521,26,2987,444,444,0.5,0.12358440501397297,2769,0.15685240199702005,434.3243011297485,-0.014601430575819165,0.35910867059361085,0.7662337662337663,-0.10507003819987122,8.82096625924188,20,31.895558834075928,
0.521,27,2987,488,488,0.5,0.09088181424221083,2061,0.14543616311156468,299.7439321729348,0.006481307593753827,0.48562311708438544,0.6439393939393939,-0.023031361243332087,3.6800767277834097,20,34.404266595840454,
0.521,28,2987,483,483,0.4,0.09706704958863244,2539,0.13540101321959955,343.78317256456324,0.006992722394388182,0.4740307121575578,0.4069264069264069,0.0041097303361325764,3.642427219326504,20,36.534555435180664,
0.521,29,2987,358,358,0.4,0.08960243514184375,2836,0.20365779121672603,577.5734958906351,0.02787628708606893,0.696159699372826,0.6093073593073594,-0.05986198477172652,4.818199274650764,20,27.283589601516724,
0.521,30,2987,407,407,0.6000000000000001,0.07778733341488075,2252,0.1652081161280409,372.0486775203481,-0.025794958660314615,0.21993229429407757,0.2510822510822511,-0.026583793907432367,4.33018355589663,20,29.6955144405365,
0.521,31,2987,438,438,0.2,0.09709434265873071,2396,0.15566360431338247,372.9699959348644,0.018209469866920795,0.5513005245805099,0.7467532467532467,-0.11054857804508002,9.865536671235414,20,30.67620277404785,
0.521,32,2987,374,374,0.4,0.11998744635441666,2177,0.16091556365557477,350.3131820781863,0.012780899042192036,0.5639506088681089,0.8387445887445888,0.09270344899578688,4.468012471949329,20,29.36835479736328,
0.521,33,2987,403,403,0.5,0.1276920746812453,2799,0.17990438207280696,503.55236542178665,0.044137741721849,0.783301184286333,0.48917748917748916,0.34898495289645126,5.276749188347648,20,29.467222452163696,
0.521,34,2987,459,459,0.5,0.10633009842629311,2030,0.2127357163100425,431.8535041093863,0.017306864703144898,0.5855341686457823,0.42424242424242425,0.07549172031765283,4.264775847811399,20,33.35627055168152,
0.521,35,2987,377,377,0.4,0.09423395670938214,1910,0.22869077466755372,436.7993796150276,0.015725291145773642,0.522075697388437,0.30844155844155846,0.16328465693818955,6.044578925643016,20,31.633678436279297,
0.521,36,2987,443,443,0.4,0.1145230197086944,887,0.16257733389577697,144.20609516555416,-0.015624497857243489,0.3989515771471853,0.487012987012987,-0.03186221137706447,5.161424265064805,20,32.21597123146057,
0.521,37,2987,420,420,0.30000000000000004,0.12612792397523515,1992,0.16997069983767282,338.58163407664426,0.02044925369650344,0.4939079135472707,0.6515151515151515,0.27227666160822306,5.907667747645953,20,30.74942922592163,
0.521,38,2987,388,388,0.30000000000000004,0.10990102578726237,2852,0.1831082515932771,522.2247335440263,-0.015839816208944497,0.25729086358582176,0.6417748917748918,0.29332255735707613,5.143539703551121,20,29.596144199371338,
0.521,39,2987,425,425,0.4,0.1152782075590966,2681,0.15832713889753092,424.47505938428037,0.012125013377232695,0.5518175624205662,0.9318181818181818,-0.0722936107659249,4.2631322049006055,20,31.003838777542114,
0.521,40,2987,486,486,0.5,0.10843994482970791,1367,0.1445971274141492,197.66427317514197,-0.023957637177473293,0.3170509959197654,0.26731601731601734,0.2622540760769016,4.689899279970133,20,32.50014328956604,
0.521,41,2987,451,451,0.2,0.10643294623999491,2029,0.1422269743743262,288.57853100550784,0.028068024457455126,0.6337179225293996,0.41233766233766234,0.1887873061899004,6.976399960622114,20,32.118016481399536,
0.521,42,2987,391,391,0.0,0.10484823565769659,2097,0.1816962187111327,381.01697063724527,0.07140178994218924,0.8971884029994018,0.801948051948052,0.935077071407318,15.78805674281756,20,29.356873035430908,
0.521,43,2987,470,470,0.2,0.09427809652886715,2242,0.15945457900869428,357.49716613749257,-0.0155439548737143,0.3133914733746157,0.8658008658008658,-0.11957761923776364,5.03624731931348,20,33.655524492263794,
0.521,44,2987,416,416,0.5,0.10540331736961978,2843,0.20849178144532404,592.7421346490562,0.0326996272644464,0.7514873356850877,0.5887445887445888,0.10814019753983731,4.424068525402918,20,30.46823287010193,
0.521,45,2987,410,410,0.5,0.11325810680626822,2759,0.20294181838507966,559.9164769244347,0.05247810574994522,0.866582933098345,0.3300865800865801,0.16007920042645557,4.251738147623563,20,30.47244143486023,
0.521,46,2987,389,389,0.0,0.10837062720494767,1728,0.19552268131578732,337.8631933136805,0.02477316036769851,0.5329672487385091,0.4491341991341991,-0.18648858314121064,4.855327797113386,20,29.4395911693573,
0.521,47,2987,445,445,0.2,0.08842888407768189,606,0.182816667944304,110.78690077424824,-0.006476065340135642,0.4369826017673409,0.8441558441558441,0.3629972577681005,6.7183489138049435,20,32.23472547531128,
0.521,48,2987,412,412,0.2,0.06242969945392618,656,0.1827171142935019,119.86242697653725,0.011531249232226943,0.49724542319229775,0.6926406926406926,-0.024106394587132887,3.2564446658134836,20,30.332282543182373,
0.521,49,2987,463,463,0.5,0.09716323752107212,2449,0.19261581217471122,471.71612401586776,-0.0155934392202165,0.2676196848267793,0.46320346320346323,-0.08933477035529695,5.292458767632912,20,31.81200408935547,
0.527,0,2987,584,584,0.5,0.15805015130067518,2668,0.12337833517043874,329.17339823473054,0.032552154611196635,0.681773547167912,0.788961038961039,-0.04444513461289033,5.6862797192488665,20,36.496737003326416,
0.527,1,2987,517,517,0.2,0.16231285371901996,1696,0.1484968245020088,251.85061435540692,0.00794643423340519,0.4451989624960502,0.4653679653679654,-0.06943625249008262,6.625375641714372,20,34.31677603721619,
0.527,2,2987,513,513,0.4,0.1479118947633059,2453,0.1424508716233647,349.4319880921136,-0.017896377531689375,0.2509750726436413,0.45454545454545453,0.042479440975348434,12.592485694952083,20,34.629581451416016,
0.527,3,2987,460,460,0.5,0.13045501633159662,2809,0.16623130156284213,466.9437260900236,0.02154457399719802,0.6103471490534124,0.4686147186147186,0.2590494053128233,4.685589967101821,20,34.86067342758179,
0.527,4,2987,530,530,0.30000000000000004,0.12541192339682808,2802,0.12257301615497437,343.4495912662382,0.01399095663671923,0.5463093746226109,0.7132034632034632,0.09837360964814076,6.814152720580984,20,34.91733455657959,
0.527,5,2987,427,427,0.6000000000000001,0.15492595292068184,2437,0.19824649159445434,483.12670001568523,0.01985786966237886,0.5280881853839111,0.7002164502164502,-0.2697027122533318,7.561904023944789,20,31.890187978744507,
0.527,6,2987,578,578,0.5,0.11678565951880966,2801,0.1418602081951658,397.3504431546594,-0.04766624956125743,0.1529699290684043,0.7088744588744589,-0.15890051926546261,5.526373655237748,20,62.655842304229736,
0.527,7,2987,509,509,0.30000000000000004,0.14466514440537376,2733,0.1414779278147895,386.65917671781966,0.0163977188339631,0.40523285470816783,0.31277056277056275,0.1663596478106116,5.546758160478937,20,36.9000608921051,
0.527,8,2987,460,460,0.30000000000000004,0.16528528816364693,1345,0.15669875730880606,210.75982858034413,-0.02056664996387086,0.3454347854353579,0.8268398268398268,0.09761787348527758,3.2008765186488337,20,33.226226806640625,
0.527,9,2987,395,395,0.6000000000000001,0.17690565326351743,2770,0.21611058796186056,598.6263286543538,0.06351303653072815,0.9271282587838753,0.487012987012987,0.14145682937376305,3.4969878711517866,20,28.203907251358032,
0.527,10,2987,502,502,0.2,0.14811669925064438,1105,0.13613119910582042,150.42497501193156,0.011982227406884559,0.5087989814560931,0.4707792207792208,-0.09283272859665345,3.070030275299441,20,33.898974895477295,
0.527,11,2987,485,485,0.1,0.1359080895404228,1750,0.12365633734293059,216.39859035012853,0.03740909214019076,0.5590308994923993,0.09956709956709957,0.16471786683685977,5.20707575242249,20,33.891597032547,
0.527,12,2987,481,481,0.30000000000000004,0.15986771230656668,2119,0.14876197684867254,315.22662894233713,-0.006636471087865723,0.3818306005270552,0.8582251082251082,0.024140820454630427,2.98088556265845,20,37.96385860443115,
0.527,13,2987,499,499,0.2,0.19414109001479557,2473,0.14408035261823757,356.3107120249015,0.018927423837002782,0.5215397718237104,0.525974025974026,-0.04346817517438996,5.0966164408771135,20,34.4621148109436,
0.527,14,2987,553,553,0.5,0.15275602173548564,2008,0.14051529107832592,282.15470448527844,0.04349573768377459,0.7109957937168884,0.2803030303030303,-0.0627395233180429,4.452775126520384,20,39.89258646965027,
0.527,15,2987,516,516,0.4,0.1595701099684452,1755,0.14767237785511747,259.16502313573113,0.04275357072412691,0.6926805246412856,0.577922077922078,0.3536067147649801,7.599213061386761,20,34.155017137527466,
0.527,16,2987,487,487,0.4,0.1575956840427381,1803,0.1380302148666976,248.86847740465575,-0.03984122401482323,0.21154554368863943,0.579004329004329,0.1525279356504536,5.1316075391852145,20,32.337061643600464,
0.527,17,2987,482,482,0.2,0.19152138398901752,2838,0.1313042566774078,372.64148045048336,-0.0013522518509811433,0.4268072269989317,0.841991341991342,-0.07486835574436128,5.101818745217839,20,34.68504357337952,
0.527,18,2987,513,513,0.5,0.1811578546052597,2007,0.1372683582496146,275.49759500697655,0.007973925862834894,0.49694354168942934,0.6558441558441559,-0.017974165887677824,4.019027991978334,20,35.145169496536255,
0.527,19,2987,493,493,0.2,0.14129271208238975,1375,0.1845420767618213,253.7453555475043,0.03206791459069146,0.6096910429509663,0.7272727272727273,0.01429822807676576,4.735942811407875,20,34.206563234329224,
0.527,20,2987,425,425,0.5,0.14414041192188629,2132,0.16533250621000842,352.48890323973797,0.022935107770737758,0.6288187107823899,0.5941558441558441,0.03003751617979862,4.384595799469113,20,30.91062903404236,
0.527,21,2987,469,469,0.6000000000000001,0.17888978831774224,2692,0.13632497529879142,366.9868335043465,0.02202009121481875,0.5379488347594551,0.031385281385281384,-0.056078290755413956,5.2244486036794555,20,31.86509418487549,
0.527,22,2987,582,582,0.4,0.17592851800877304,1640,0.1312865235011796,215.30989854193453,-0.008821733318844319,0.3581522031139285,0.3430735930735931,-0.0857977826291706,5.166806647173491,20,36.71854376792908,
0.527,23,2987,511,511,0.2,0.15575733866638047,2053,0.13961743733535276,286.63459884947923,0.009021286276857124,0.4731650887795512,0.6136363636363636,0.026359415944280713,3.4141605705819997,20,43.19570803642273,
0.527,24,2987,453,453,0.1,0.15830451581842017,1681,0.1468112047962979,246.78963526257675,0.03430411184101652,0.5809824119126301,0.15800865800865802,-0.17090984591956376,4.14065767450439,20,33.157060384750366,
0.527,25,2987,549,549,0.5,0.16804435877062765,2373,0.11869967728212107,281.6743341904733,0.02021592199066668,0.5714053926414606,0.6439393939393939,-0.01753708981238904,3.5523692233139625,20,36.3303120136261,
0.527,26,2987,486,486,0.4,0.16783649262152653,2305,0.13645809287456426,314.53590407587063,-0.022828345405179407,0.30519140596943367,0.7857142857142857,0.004141952856859512,5.0803044069796925,20,35.36122751235962,
0.527,27,2987,555,555,0.5,0.1581721505124099,2718,0.13395095727270842,364.07870186722147,0.036940251790401626,0.7150025387403263,0.4101731601731602,-0.0011041160670438555,3.93246508928041,20,37.63673520088196,
0.527,28,2987,560,560,0.5,0.14372459070105523,2446,0.11341458133734551,277.4120659511471,0.0010373491926454147,0.4459848613891082,0.36796536796536794,0.008355405548460745,4.399955396827609,20,37.0823450088501,
0.527,29,2987,397,397,0.4,0.12938168633747432,2081,0.1693852879326541,352.49078418785314,0.03865376217935445,0.6975907873818158,0.1829004329004329,0.16384300969756652,4.767580327333171,20,31.050781726837158,
0.527,30,2987,481,481,0.7000000000000001,0.12459693224006099,1536,0.13566925436101385,208.38797469851727,-0.03126003822055193,0.30679174579058854,0.5909090909090909,0.05026542011229928,2.878806561444972,20,35.75737476348877,
0.527,31,2987,481,481,0.30000000000000004,0.12466517843122822,1029,0.14454224266526014,148.7339677025527,-0.011697063187210274,0.3879478153946462,0.5573593073593074,0.035279209228579626,2.8574090092844906,20,34.554383516311646,
0.527,32,2987,404,404,0.4,0.18565416177848448,2646,0.15587695256983491,412.45041649978316,0.01970871175192387,0.5853263143697395,0.3961038961038961,-0.05324483360099051,3.7474330217556027,20,32.32738494873047,
0.527,33,2987,433,433,0.6000000000000001,0.18847424848577818,2797,0.15749763909890513,440.52089655963766,0.04868244868172273,0.8169391276006683,0.7326839826839827,0.0692879442335231,4.5497863863745565,20,33.28812050819397,
0.527,34,2987,515,515,0.5,0.1367447435796323,1397,0.17750691929844536,247.97716625992817,0.006030466600714087,0.4687984286280551,0.4155844155844156,-0.0013028701007177339,3.092578109245662,20,36.101195335388184,
0.527,35,2987,404,404,0.4,0.13895832718845683,2800,0.22012903542568482,616.3612991919175,0.035136563208286224,0.7577428348102648,0.7196969696969697,-0.09959358340586359,5.395848135311594,20,30.622325897216797,
0.527,36,2987,483,483,0.4,0.16505317128827526,2632,0.1449929579477947,381.62146531859565,-0.01669010673880628,0.2756977865214597,0.3268398268398268,-0.3138784459207297,9.966412831513274,20,35.897581577301025,
0.527,37,2987,445,445,0.30000000000000004,0.16718066731497375,1061,0.17419483674548056,184.82072178695486,0.004363989297930267,0.4804142667903835,0.672077922077922,-0.07462169635389276,4.255597282963164,20,35.03503704071045,
0.527,38,2987,425,425,0.30000000000000004,0.1512069920206569,2377,0.1775001774736898,421.91792185496064,-0.010448690279912149,0.23306379541183575,0.21103896103896103,0.43228020110955595,6.769744815647873,20,32.291686058044434,
0.527,39,2987,477,477,0.4,0.1920429206443251,1439,0.14182492958148502,204.08607366775695,0.024021608826731107,0.5745717351305155,0.3971861471861472,-0.016507175215118568,2.879607144411517,20,34.82312893867493,
0.527,40,2987,525,525,0.5,0.14563748077699992,1520,0.13684987866832002,208.01181557584644,-0.023512560710385638,0.32605141996329257,0.6028138528138528,-0.05277117726427528,2.9298919980482245,20,37.31933641433716,
0.527,41,2987,525,525,0.2,0.16538011507771275,2426,0.12391115096006883,300.60845222912695,0.01668016966670671,0.5856621476984782,0.9329004329004329,0.10714565399757874,4.609112271383907,20,35.20347332954407,
0.527,42,2987,432,432,0.0,0.15136686784623055,2762,0.1745255524322664,482.0395758179198,0.05370168182178942,0.8418339937677859,0.7651515151515151,0.194542021443392,5.706490971077201,20,32.691604137420654,
0.527,43,2987,528,528,0.2,0.1570760397307522,1402,0.1326525504920106,185.97887578979888,-0.005650759124990821,0.3889247700872385,0.3874458874458874,-0.17783624295179593,5.156858670800268,20,35.572633504867554,
0.527,44,2987,442,442,0.5,0.14162093752692853,2867,0.1923785130016737,551.5491967757985,0.03998913740615243,0.7900177107175363,0.45670995670995673,0.051796066860284824,4.452270511392566,20,32.43897843360901,
0.527,45,2987,451,451,0.5,0.15590417181886013,2847,0.1841443473941729,524.2589570312102,0.04242702064629489,0.8127623580106348,0.5281385281385281,0.14544633311534805,4.257467289965071,20,33.97634768486023,
0.527,46,2987,422,422,0.2,0.14547614980494794,2288,0.17442118771399556,399.07567748962185,0.03224119339076383,0.5799253208620404,0.7824675324675324,-0.08650550149399022,4.227809340955458,20,31.541224718093872,
0.527,47,2987,492,492,0.2,0.14706587589693587,1769,0.16441428632060087,290.8488725011429,0.007316043643765603,0.4804324522971779,0.7261904761904762,-0.41934711489952187,6.848797456827395,20,34.85896897315979,
0.527,48,2987,434,434,0.2,0.14606271733684337,426,0.16212125337022504,69.06365393571586,0.011509079673350861,0.4907700904704172,0.7922077922077922,0.5808962030717923,8.322988277250527,20,32.09784150123596,
0.527,49,2987,503,503,0.5,0.15644978882188737,2818,0.17102605599305212,481.95142578842086,-0.004550513334524731,0.3120600224788689,0.1774891774891775,0.13406281457183478,5.570004695963455,20,34.92717742919922,
0.537,0,2987,677,677,0.5,0.2730111002113293,2617,0.10960370743614033,286.83290236037925,0.013259217813410447,0.5121561970171473,0.2305194805194805,-0.0529922116740968,3.557328007142581,20,41.770386695861816,
0.537,1,2987,609,609,0.2,0.25067174245390367,944,0.13517379164002155,127.60405930818034,0.0065534589410711904,0.44403637761330605,0.13528138528138528,0.2317245861800317,4.765402678020074,20,39.37657403945923,
0.537,2,2987,604,604,0.4,0.2517663350766016,2411,0.1122460625351753,270.62525677230764,-0.03468437911652776,0.23548615477027118,0.6190476190476191,-0.026858477976726667,4.224011601968861,20,38.57449436187744,
0.537,3,2987,547,547,0.6000000000000001,0.2404891153953547,2107,0.12812481391835892,269.95898292598224,0.027416346136349464,0.5885902776970321,0.27380952380952384,0.05558795017442961,3.056632794359399,20,36.75334119796753,
0.537,4,2987,627,627,0.4,0.2455132867447853,2746,0.10527796478364256,289.09329129588247,0.021825578918407897,0.6004463971468966,0.5443722943722944,0.0521401390907923,4.20315605114607,20,38.71292853355408,
0.537,5,2987,485,485,0.6000000000000001,0.25388559393149984,1798,0.16821405198092867,302.4488654617098,0.03825287559909537,0.7128738481953929,0.40476190476190477,0.10857376441901492,3.434266397869878,20,33.72590517997742,
0.537,6,2987,694,694,0.5,0.2278175640429326,2210,0.11362541834870571,251.11217455063962,-0.03669573202776156,0.25507101977202923,0.7023809523809523,0.03928538767733923,3.86535324528588,20,42.746625900268555,
0.537,7,2987,615,615,0.30000000000000004,0.24434035695907289,2834,0.11925618515505211,337.9720287294177,0.009223820042636315,0.4025472575975892,0.3106060606060606,-0.14408941407364778,6.412393690713561,20,41.598753929138184,
0.537,8,2987,518,518,0.1,0.2544901870520658,1682,0.1458202191865376,245.26960867175623,-0.006676979571576915,0.3584579221052987,0.7316017316017316,-0.15080290466678614,5.976878434386065,20,38.859532594680786,
0.537,9,2987,473,473,0.7000000000000001,0.2549518427827333,2807,0.1780825830952947,499.87781074849227,0.06655689033986996,0.9086817287187521,0.3495670995670996,0.0735286979074764,3.291598426322021,20,38.237685441970825,
0.537,10,2987,559,559,0.30000000000000004,0.2472391140950439,2824,0.11423281393113285,322.5934665415192,-0.0031707877407749227,0.3534776120276125,0.5281385281385281,-0.5608580528003312,10.899283481716942,20,43.51898813247681,
0.537,11,2987,527,527,0.1,0.2436354855593663,1875,0.1095219487998309,205.35365399968293,0.06378672496680067,0.7102623866834354,0.27705627705627706,-0.1459679672417999,5.923554836983076,20,36.11795425415039,
0.537,12,2987,551,551,0.30000000000000004,0.2594559446890694,2736,0.13181471837333017,360.64506946943135,-0.008208438901178956,0.32735835639537236,0.5173160173160173,0.4215254797291258,13.664444166366653,20,36.98100924491882,
0.537,13,2987,566,566,0.30000000000000004,0.2729036511262354,1994,0.13128589461083218,261.78407385399936,0.0051491062803068425,0.3970746955221307,0.18506493506493507,0.052481253628974565,4.7176412731131645,20,37.59478783607483,
0.537,14,2987,663,663,0.5,0.24260928984637892,2504,0.11386801023658416,285.12549763240673,0.032744808414058996,0.6725518438127396,0.8928571428571429,0.077731294696686,7.227249653240396,20,41.28044939041138,
0.537,15,2987,610,610,0.4,0.2569746151438217,2087,0.11648748460890772,243.1093803787904,0.03607637311130566,0.65998749432049,0.7478354978354979,0.11875117997877964,4.315481489936881,20,39.87515306472778,
0.537,16,2987,575,575,0.4,0.24707340244006046,1354,0.12540123473659703,169.79327183335238,-0.018536394884883185,0.3607072975045407,0.5270562770562771,0.12197995735963332,3.9597352271157957,20,39.063854455947876,
0.537,17,2987,555,555,0.2,0.25780525252178255,1588,0.121014247701812,192.17062535047745,-0.0062092639503353395,0.3959700215417565,0.34415584415584416,0.00677260300771911,3.9930712126600123,20,35.733566761016846,
0.537,18,2987,609,609,0.5,0.26599710634067397,2726,0.11466097124758615,312.5658076209198,0.020266760649003058,0.6077692494512614,0.7142857142857143,-0.03679063283244202,4.85777432436822,20,40.56743860244751,
0.537,19,2987,609,609,0.1,0.2335946228051452,1419,0.14542933989664714,206.36423331334228,0.01071380377472227,0.521957201547432,0.49242424242424243,0.228496617905127,5.567613316275384,20,40.20712947845459,
0.537,20,2987,490,490,0.5,0.22197943204562945,1904,0.1466566555393815,279.2342721469824,0.022228000670191792,0.581614388530816,0.9047619047619048,-0.13402456144691552,4.287329947568014,20,34.01169490814209,
0.537,21,2987,542,542,0.6000000000000001,0.2581217896407334,2734,0.11634760845366576,318.0943615123222,0.014689041740881564,0.48029533813333986,0.29004329004329005,0.06214135609530784,6.681854414428824,20,35.38090109825134,
0.537,22,2987,649,649,0.4,0.25757475367382604,1527,0.11247519489794672,171.74962260916465,-0.011175256905214611,0.3554761893126369,0.2748917748917749,-0.03910902805123564,4.235965398188872,20,41.521949768066406,
0.537,23,2987,596,596,0.30000000000000004,0.237426198462418,1740,0.12623125880851718,219.6423903268199,-0.0015555142926822522,0.4302502733364083,0.33766233766233766,0.09573700377897826,4.384952652577477,20,39.26563310623169,
0.537,24,2987,529,529,0.1,0.25301829069567294,904,0.12841522235364866,116.08736100769839,0.021580296289785254,0.5362172490068712,0.5692640692640693,-0.07255485884885896,2.905168568665815,20,36.16984558105469,
0.537,25,2987,644,644,0.5,0.270552283679563,2668,0.1068827365504716,285.16314111665827,-0.0013851469959255,0.41190792520409636,0.9372294372294372,-0.29075043127959055,5.630567543164165,20,40.69604516029358,
0.537,26,2987,578,578,0.4,0.26151235602140754,1352,0.11153819923335671,150.79964536349829,-0.00983350218059806,0.40480299328368274,0.5941558441558441,0.01508402093199276,3.0793806874258767,20,37.938374757766724,
0.537,27,2987,660,660,0.6000000000000001,0.2463909989212931,2495,0.10825322116039104,270.09178679517566,0.030727630371954095,0.6307713450374202,0.329004329004329,0.060515661635831434,4.457044828354475,20,42.13330936431885,
0.537,28,2987,687,687,0.5,0.23836265002135296,2682,0.09582433867659548,257.00087633062907,0.012028469212714284,0.4485597524046953,0.2554112554112554,-0.11128935140470338,4.277277330927674,20,42.46055030822754,
0.537,29,2987,468,468,0.4,0.23467600778681383,1725,0.1288106252015142,222.19832847261202,0.025658288639753512,0.5410441402746557,0.5844155844155844,-0.05924226104488443,2.9176513566570055,20,34.49897384643555,
0.537,30,2987,585,585,0.7000000000000001,0.2529634262766147,2569,0.1134671752946095,291.4971733318518,-0.025050498540058693,0.2703242358122526,0.4134199134199134,0.07269183206027653,4.717702048408659,20,39.48541831970215,
0.537,31,2987,561,561,0.30000000000000004,0.21761179406280176,1689,0.12670399773824276,214.00305217989202,-0.017600407164224254,0.3368119409998501,0.35064935064935066,0.012511894493365832,5.026736179591952,20,37.08393216133118,
0.537,32,2987,458,458,0.5,0.27485786753184793,2794,0.15135563123747706,422.8876336775109,0.02302145807013749,0.613994659168495,0.13636363636363635,0.19144308731991658,4.991671714822433,20,32.95934772491455,
0.537,33,2987,489,489,0.6000000000000001,0.29654913083711126,2801,0.13289453149580205,372.2375827197415,0.04514273815357296,0.7791331385557654,0.3333333333333333,-0.02225140942630551,3.263644037284614,20,34.01605844497681,
0.537,34,2987,592,592,0.30000000000000004,0.23109594646913703,2358,0.1442257289750374,340.0842689231382,0.013037457287683695,0.5208427803433561,0.37445887445887444,-0.009990641798181002,2.993776402082092,20,38.60869812965393,
0.537,35,2987,469,469,0.5,0.23290528069933192,1302,0.18468090203474016,240.4545344492317,0.0350192722231011,0.6693362786594834,0.5941558441558441,-0.03008322073913704,3.418003354210136,20,34.14602017402649,
0.537,36,2987,535,535,0.4,0.2622667556577628,696,0.1279528992836775,89.05521790143955,-0.03331617609088675,0.3213258229078494,0.5075757575757576,0.09519095818135195,2.7066304566051698,20,34.66921925544739,
0.537,37,2987,517,517,0.30000000000000004,0.253915788466941,1094,0.14787152015228652,161.77144304660146,0.013984056117209355,0.47780555010691783,0.4653679653679654,0.09090133432945505,2.774757436923415,20,35.33683753013611,
0.537,38,2987,485,485,0.30000000000000004,0.2383360841752015,2158,0.14717005653098317,317.59298199386166,-8.612010209569635e-05,0.39669813441647983,0.26406926406926406,0.5954378362070037,7.7143048548840945,20,35.07525181770325,
0.537,39,2987,557,557,0.4,0.2827780560899754,1128,0.11843073132986445,133.5898649400871,0.04882852438360423,0.6136799744669011,0.3712121212121212,0.10040107300413684,4.258346634255334,20,37.55386424064636,
0.537,40,2987,593,593,0.5,0.24025512909023908,2011,0.12258937101945734,246.52722512012872,0.012880495445206006,0.4858519517675152,0.5725108225108225,0.2316839302219095,6.0310638123378935,20,38.141483306884766,
0.537,41,2987,643,643,0.2,0.26693547482114144,2276,0.10868148616393059,247.35906250910602,0.01971394595404794,0.592072357176866,0.4696969696969697,0.20804116692132169,5.861480865554878,20,44.226004123687744,
0.537,42,2987,493,493,0.2,0.25608409707008417,2215,0.14584233098381336,323.04076312914657,0.028904994077276834,0.6265524552075517,0.9274891774891775,-0.06313769254130135,4.466207892120607,20,36.414082288742065,
0.537,43,2987,586,586,0.30000000000000004,0.25466981808176015,911,0.10858887080171026,98.92446130035805,0.0003342433906808882,0.4625427991772236,0.7835497835497836,0.05298695190429266,2.7245479913532895,20,39.87714147567749,
0.537,44,2987,512,512,0.6000000000000001,0.23033252159765594,2852,0.17985846146146212,512.95633208809,0.056831994165401224,0.8749521280028816,0.07142857142857142,0.19306678998610932,4.144731332996795,20,34.54210448265076,
0.537,45,2987,529,529,0.5,0.26754515911092863,2708,0.1441511649855508,390.3613547808716,0.046431174121704014,0.7890511825766664,0.8658008658008658,0.018311860820459477,3.866369863264913,20,34.881516218185425,
0.537,46,2987,476,476,0.2,0.26402421815897226,1811,0.1561955440050133,282.87013019307904,0.07130111096865432,0.83933074596853,0.43614718614718617,0.08422371611901054,4.515140292266572,20,35.71316146850586,
0.537,47,2987,568,568,0.2,0.23234630120047492,2543,0.1277918659271626,324.9747150527745,-0.006355794237547683,0.37820531761509446,0.7813852813852814,-0.08652048412809082,6.940708213613668,20,37.86752486228943,
0.537,48,2987,514,514,0.2,0.2362214070378367,2248,0.13252928860806573,297.9258407909318,0.01465526722003632,0.4869119108279681,0.8495670995670995,0.06714118786834032,8.758668850042554,20,34.739485025405884,
0.537,49,2987,613,613,0.6000000000000001,0.25413357725953734,2072,0.13098832156139975,271.40780227522026,-0.020851747019497,0.2983965247558986,0.42857142857142855,0.1628767266796621,4.36990492365274,20,37.69895935058594,
0.558,0,2987,1034,1034,0.5,0.40714750457148535,2256,0.07192047461094443,162.25259072229065,-0.010206986692613794,0.4038355704676864,0.9047619047619048,0.07558189780416628,3.428744603768583,20,53.082131147384644,
0.558,1,2987,812,812,0.30000000000000004,0.43461804160343825,2261,0.1058535462926246,239.33486816762422,-0.0031112951401902986,0.315193000421922,0.2132034632034632,0.005041074774132222,4.717192436165897,20,48.069396018981934,
0.558,2,2987,824,824,0.4,0.4097755777614064,1579,0.08527277939255891,134.64571866085052,-0.01956300752686123,0.3311586692455977,0.2132034632034632,0.016745323247827758,2.4025608868549706,20,49.204184770584106,
0.558,3,2987,756,756,0.6000000000000001,0.4154625834458552,2647,0.09869201631231761,261.2377671787047,-0.017611286406685175,0.3230308803348831,0.5183982683982684,-0.15200067904184833,5.142949848409323,20,48.171863317489624,
0.558,4,2987,941,941,0.5,0.38978527957124925,2448,0.06818143347007445,166.90814913474225,0.02573695039753759,0.5832825871018172,0.5216450216450217,-0.005301083236274956,3.775979255916057,20,62.2859160900116,
0.558,5,2987,635,635,0.7000000000000001,0.4243887745456543,2554,0.1317527966336358,336.4966426023058,0.03414165355646628,0.6626913730386732,0.2943722943722944,-0.14045522346325107,4.212460371001709,20,41.779054403305054,
0.558,6,2987,1005,1005,0.5,0.39997779184628196,2759,0.07665646256828496,211.4951802258982,-0.04235648981425968,0.20517599493930005,0.26406926406926406,0.02914551848746123,4.404327616579803,20,57.81099486351013,
0.558,7,2987,919,919,0.4,0.4206795623475192,1910,0.08361555880722858,159.7057173218066,-0.004537423959246142,0.4012812682622767,0.10714285714285714,0.03346155127174257,2.7367923819903766,20,50.90978026390076,
0.558,8,2987,670,670,0.0,0.43907394614527484,1854,0.1103842823271532,204.652459434542,0.0023138151337765613,0.40649907692480713,0.551948051948052,0.029510573934382868,3.849411882109558,20,41.69686031341553,
0.558,9,2987,678,678,0.7000000000000001,0.42812339264327914,2601,0.13295628082765412,345.81928643272835,0.04317511365150331,0.6422597922595792,0.13852813852813853,0.028978314384260295,3.6757610324418124,20,70.66561985015869,
0.558,10,2987,737,737,0.30000000000000004,0.40334153478474105,1482,0.0851278650454025,126.1594959972865,0.03161477934366244,0.515269298857882,0.06818181818181818,0.19524405933977332,10.504438274405224,20,60.14549779891968,
0.558,11,2987,701,701,0.2,0.406392570360978,2104,0.09302838812839323,195.73172862213934,0.09707438875536648,0.8662327012714665,0.30303030303030304,0.13105412050718654,4.227331154412855,20,43.43505644798279,
0.558,12,2987,745,745,0.30000000000000004,0.4348485257544174,2643,0.09690897778937481,256.1304282973176,-0.019320132117424768,0.2615376004269207,0.7164502164502164,-0.128909004030277,4.8703627900532505,20,44.9867959022522,
0.558,13,2987,803,803,0.30000000000000004,0.4280440308983349,568,0.09636642809992546,54.736131160757665,0.023502137267725005,0.47062138500581485,0.08116883116883117,-0.06258936706442685,2.311774184730036,20,45.27077651023865,
0.558,14,2987,939,939,0.5,0.4149295144068027,2799,0.077404062603454,216.65397122706776,0.04619288672148251,0.6877961365551849,0.6352813852813853,0.12675687631032542,3.7451746805955173,20,52.51967453956604,
0.558,15,2987,854,854,0.4,0.42244994526260193,2617,0.0790164630340951,206.78608376022686,0.04962543009624251,0.6330857980927397,0.2435064935064935,0.14398621462628722,5.213914157630121,20,48.351179122924805,
0.558,16,2987,819,819,0.5,0.40516027548569894,2082,0.09110498423749104,189.68057718245635,-0.030340823510546126,0.28601952602829384,0.24025974025974026,0.04779099237530957,3.917020654544339,20,48.466118574142456,
0.558,17,2987,763,763,0.1,0.43007110480510224,1829,0.0833721777777647,152.48771315553165,0.02924490629984177,0.6018412444364617,0.4989177489177489,-0.026698899275311678,3.8511618792801174,20,44.888590812683105,
0.558,18,2987,837,837,0.5,0.4285954922744659,1872,0.08245212638352371,154.3503805899564,0.02414318199456953,0.5726640568175796,0.7153679653679653,-0.05255467986095495,3.671199204348921,20,51.08286714553833,
0.558,19,2987,875,875,0.1,0.4063695378184651,2551,0.0970494426444786,247.5731281860649,0.021744961674022928,0.5498803168966411,0.4155844155844156,0.0951768841244172,9.91389827497364,20,53.18910551071167,
0.558,20,2987,640,640,0.5,0.40265384638101903,1537,0.11903577767564859,182.9579902874719,0.03408815986113213,0.6358400303318432,0.42424242424242425,0.2800172778171951,3.87676362081091,20,38.159645318984985,
0.558,21,2987,735,735,0.6000000000000001,0.42300222278097266,830,0.0792921644861161,65.81249652347637,0.0005313594610566577,0.4585892474479376,0.14285714285714285,-0.02534926327231916,3.0014252926554956,20,45.45200324058533,
0.558,22,2987,845,845,0.4,0.43754245911746803,2622,0.08495923480992876,222.7631136716332,-0.002683024700992694,0.4041261847798868,0.4015151515151515,0.0051526263470455,6.644004138206302,20,48.9006769657135,
0.558,23,2987,840,840,0.4,0.40950231792680825,2411,0.10634459850084595,256.3968269855396,0.011818251547508188,0.4318413337235445,0.5216450216450217,-0.4299387433374216,8.855160893433592,20,49.38263988494873,
0.558,24,2987,741,741,0.0,0.41690195213425885,2352,0.08680094162401644,204.15581469968666,0.04381843802229894,0.6669450884408625,0.6363636363636364,0.08280953263522915,5.991387807316924,20,43.93103647232056,
0.558,25,2987,888,888,0.6000000000000001,0.4333613625143682,2261,0.08098007646656274,183.09595289089836,0.04937877261261626,0.7052348039933016,0.5930735930735931,-0.08526855690391384,3.6103056193993415,20,49.390064001083374,
0.558,26,2987,804,804,0.2,0.4424138348743187,2164,0.07828409454061129,169.40678058588284,0.005091731329188745,0.44717736458365687,0.5638528138528138,0.03914201246638075,4.5810893331818,20,47.43937134742737,
0.558,27,2987,956,956,0.6000000000000001,0.4281037305500784,2130,0.08840486180019576,188.30235563441695,0.05007056749502457,0.6035930681344586,0.14285714285714285,-0.04696864297889916,3.194924658550515,20,53.43622708320618,
0.558,28,2987,1055,1055,0.6000000000000001,0.4093740215725376,2867,0.06554948314613186,187.93036817996006,0.02142720352483502,0.4739045829972976,0.4101731601731602,-0.18864633903713576,3.8874841400120475,20,55.43282890319824,
0.558,29,2987,649,649,0.30000000000000004,0.40179848460376455,2056,0.0966985807645598,198.81228205193494,0.036126934270789904,0.5779635619243662,0.2196969696969697,0.021403524633163883,9.546844720788803,20,38.932952880859375,
0.558,30,2986,856,856,0.7000000000000001,0.40273410921065317,1653,0.07422552009828297,122.69478472246175,0.009037735652918627,0.4588287288011267,0.4675324675324675,-0.022832218060597886,2.50853894405765,20,48.01367211341858,
0.558,31,2987,807,807,0.4,0.39601107357498233,1950,0.08617368847140444,168.03869251923865,-0.013888232333128154,0.3880304841482143,0.7326839826839827,-0.001432177569901085,4.097657633533952,20,47.610618591308594,
0.558,32,2987,625,625,0.5,0.4389283146244068,1871,0.13031705522323755,243.82321032267745,0.029047428624582646,0.6113686941362247,0.3344155844155844,0.03808006005228008,3.9422776718605532,20,41.26915764808655,
0.558,33,2987,668,668,0.6000000000000001,0.44146991868330343,2634,0.10538256376132377,277.5776729473268,0.027725783263181633,0.6566244846766429,0.7132034632034632,-0.030644286923450236,3.864858363834188,20,52.755377531051636,
0.558,34,2987,812,812,0.2,0.41742045812383466,2652,0.10726972836938407,284.47931963560654,0.046308053119169294,0.688177118515297,0.30194805194805197,0.07936239832516083,4.477665853120188,20,59.8054313659668,
0.558,35,2987,629,629,0.5,0.38954588420900715,2471,0.14078186644915353,347.87199199585837,0.037136320797067066,0.6428574292157696,0.3246753246753247,-0.048853451733496776,3.055004107981049,20,42.91563582420349,
0.558,36,2987,702,702,0.5,0.42112324572941545,1711,0.09979247088918645,170.74491769139803,-0.04290631714249491,0.24304484247072217,0.6439393939393939,0.02380337840857112,3.4160635006018705,20,43.117342948913574,
0.558,37,2987,707,707,0.4,0.4123456941477982,2526,0.11519854490541676,290.9915244310827,-0.007526870937298393,0.35941008346204517,0.5606060606060606,0.04520699671715127,3.8035098341189575,20,42.22525119781494,
0.558,38,2987,671,671,0.2,0.42993100782477306,2740,0.1056635386210089,289.5180958215644,0.02550320818409043,0.5192989111787849,0.12337662337662338,0.37939321194138254,9.98734335158381,20,41.401636600494385,
0.558,39,2987,750,750,0.4,0.43525102938076743,800,0.09235279948668079,73.88223958934464,0.02409296212318372,0.4752994859565508,0.09632034632034632,0.054440231744205946,3.0300932194349013,20,44.02215576171875,
0.558,40,2987,782,782,0.4,0.4322347496648563,1589,0.09048244540606037,143.77660575022995,0.021639419590954577,0.5342887098644553,0.2987012987012987,-0.04591018207663941,3.3460980628011514,20,50.162708044052124,
0.558,41,2987,917,917,0.30000000000000004,0.42087921159789493,2662,0.0819943476295121,218.2689533897612,0.01584825480685808,0.5482540073117458,0.7575757575757576,0.033174541778793025,3.572399867407261,20,50.97555661201477,
0.558,42,2987,692,692,0.2,0.42697818289320877,1892,0.1090633868202987,206.34792786400516,0.030902779545857077,0.508211211201506,0.06818181818181818,-0.06965639415061957,3.9356551126809274,20,42.78680443763733,
0.558,43,2987,838,838,0.30000000000000004,0.4085966695083705,1407,0.07765099150277754,109.254945044408,-0.005496347100419268,0.3655120867098698,0.2305194805194805,0.01318299778932632,2.5147402449746568,20,47.47903060913086,
0.558,44,2987,674,674,0.6000000000000001,0.4255212061863518,2851,0.13628549341956267,388.54994173917316,0.0501815886802252,0.8153119005263847,0.6904761904761905,-0.023426549992348392,2.98721305241883,20,41.83394122123718,
0.558,45,2987,762,762,0.4,0.43726360753392957,2578,0.08735909526071003,225.21174758211046,0.052960424181477256,0.7197083266126685,0.3106060606060606,0.09327206998229727,5.157704032154215,20,45.9793062210083,
0.558,46,2987,645,645,0.30000000000000004,0.40622131222032765,2607,0.11298778671174793,294.55915995752684,0.058463422913381274,0.742146728226223,0.5367965367965368,0.0839788323398602,5.0488426478945145,20,39.96850633621216,
0.558,47,2987,798,798,0.2,0.4084743541047895,2547,0.09155582737298373,233.19269231898957,0.008108798816515139,0.49264549796289336,0.7619047619047619,0.0942468946404122,4.161386116587552,20,47.007829666137695,
0.558,48,2987,705,705,0.2,0.413273868627318,2153,0.08848656966277167,190.51158448394742,0.04010250717003965,0.6235134049442395,0.39285714285714285,0.1185595574557316,5.1364987786099014,20,44.63342618942261,
0.558,49,2987,882,882,0.6000000000000001,0.43939499850496877,2310,0.08925044726763788,206.16853318824352,-0.0465975834930835,0.21651585561205716,0.696969696969697,-0.02982294149835053,3.82227256608124,20,43.364094972610474,
0.566,0,2987,1139,1139,0.5,0.468527633941192,2649,0.06323614691699031,167.51255318310734,0.0170353521231899,0.4154058446369536,0.2987012987012987,0.35002557711294535,4.9462343431749485,20,49.55827522277832,
0.566,1,2987,901,901,0.30000000000000004,0.48900753226847604,2065,0.09453377560473085,195.2122466237692,-0.027698207675221204,0.31640913730541126,0.7586580086580087,0.08859016099920818,3.577323565561489,20,43.19050097465515,
0.566,2,2987,924,924,0.4,0.479301160060182,2281,0.0780867963502027,178.11598247481237,-0.0023719177569561595,0.37441070710991653,0.17532467532467533,0.07567239068117453,3.8259181684076835,20,44.98804473876953,
0.566,3,2987,824,824,0.6000000000000001,0.4659760707114229,2519,0.09197727855540838,231.69076468107372,-0.004860263922075377,0.3778196692261169,0.3474025974025974,0.05135907240295729,4.957627652488675,20,40.870410203933716,
0.566,4,2987,1077,1077,0.5,0.4302472322776683,2410,0.06177316396875579,148.87332516470144,0.03618994126165617,0.6406864925720325,0.170995670995671,-0.02447342326756895,4.63152730780164,20,50.4804253578186,
0.566,5,2987,685,685,0.7000000000000001,0.46028773913369897,2820,0.12237399045023642,345.0946530696667,0.04722379897699806,0.7401713570902211,0.43614718614718617,-0.10555531970569365,2.8675771094395586,20,44.37845325469971,
0.566,6,2987,1147,1147,0.5,0.45893933774692514,2623,0.0665502874820846,174.5614040655079,-0.05599035849672196,0.19620554591979017,0.395021645021645,0.01709198255738761,4.583693939922464,20,61.24867367744446,
0.566,7,2987,1027,1027,0.4,0.4541448188739725,2179,0.07350204578382623,160.16095776295734,0.013568900827831515,0.5079647204577125,0.6569264069264069,-0.1673482439227869,6.135309177187118,20,54.41927742958069,
0.566,8,2987,700,700,0.0,0.4880464565418047,2301,0.11266591658286935,259.2442740571824,0.009296262669108825,0.49700759360409413,0.9069264069264069,-0.16441455249610304,5.198948533827979,20,42.49160647392273,
0.566,9,2987,753,753,0.7000000000000001,0.4645001031299449,2749,0.11258764626481983,309.5034395819897,0.06011825656105267,0.8226973135513991,0.538961038961039,-0.01482383373938834,3.3587808846214253,20,44.6405553817749,
0.566,10,2987,818,818,0.30000000000000004,0.4496386372512755,2085,0.0773004144307423,161.1713640880977,0.004743414806938848,0.4592322250058939,0.6439393939393939,0.10476572965972752,9.782876323994746,20,47.29489231109619,
0.566,11,2987,769,769,0.2,0.4527315241446838,2686,0.08734936561297925,234.62039603646227,0.09024755217577159,0.8777859418235096,0.5703463203463204,0.13349676786703688,4.027589407363468,20,47.522573709487915,
0.566,12,2987,845,845,0.30000000000000004,0.48737859627152086,752,0.08821018930178672,66.33406235494361,0.014838376053101154,0.46310722159032275,0.2196969696969697,0.123998794890449,4.180236605290647,20,41.37556743621826,
0.566,13,2987,880,880,0.4,0.47859825705642184,2789,0.09011344161634863,251.32638866799633,0.025109834854194237,0.5509647250842953,0.829004329004329,0.029829280624247268,3.882317837231163,20,42.075209856033325,
0.566,14,2987,1034,1034,0.5,0.4679499849907011,2853,0.06992331876684013,199.4912284417949,0.021534172720181006,0.564164296982776,0.9015151515151515,0.017646315071274846,3.8084035734400628,20,46.24054408073425,
0.566,15,2987,954,954,0.4,0.4782021507530677,2433,0.06997181143760908,170.2414172277029,0.044562510698695164,0.61601650291483,0.6818181818181818,-0.0751342541928286,3.9086012341688523,20,43.52047061920166,
0.566,16,2987,868,868,0.5,0.456391456586125,2563,0.08747099104151926,224.18815003941387,-0.05052196154831275,0.17921817182532807,0.6428571428571429,-0.027457519743497343,4.690197161257383,20,43.561710834503174,
0.566,17,2987,863,863,0.0,0.47929118798658554,2522,0.07522084038665056,189.7069594551327,0.045754264446389234,0.7112541267279991,0.9274891774891775,0.12472590163672721,5.077112169755258,20,42.03853106498718,
0.566,18,2987,955,955,0.5,0.4856267130290534,2867,0.06826924263687051,195.72791863990776,0.01952378679865981,0.5628019718133455,0.8495670995670995,-0.03412389402650554,4.0550615542022665,20,44.54536700248718,
0.566,19,2987,995,995,0.1,0.4630736905494263,2242,0.09221960450429549,206.7563532986305,0.03363893455860416,0.48506970390298365,0.02813852813852814,0.15616191447696345,5.52306162684498,20,45.299988985061646,
0.566,20,2987,677,677,0.5,0.4723443468608316,2773,0.11209616023701979,310.8426523372559,0.035860871703315735,0.6622549828572314,0.9264069264069265,-0.002172318934131563,4.09795066442457,20,35.35555815696716,
0.566,21,2987,807,807,0.5,0.4527036089885141,2131,0.07124559318970049,151.82435908725174,-0.00014350060030364812,0.39618389212367544,0.26731601731601734,-0.049377257069804774,4.438277233754003,20,39.281789779663086,
0.566,22,2987,916,916,0.4,0.4755766650725096,2493,0.0790746193028182,197.13302592192576,-0.022269403527802416,0.3252725112992775,0.4805194805194805,0.07467891169699668,3.152572513136954,20,43.532548904418945,
0.566,23,2987,912,912,0.4,0.4676931881021055,1524,0.10055023062813925,153.23855147728423,0.019180684288341514,0.4111486568529058,0.19696969696969696,-0.29193680832722,4.224427619651715,20,43.38441586494446,
0.566,24,2987,817,817,0.1,0.4667443136064705,1459,0.08525052356727675,124.38051388465678,0.012144050359469387,0.5033991805778458,0.45454545454545453,-0.06879758696127501,3.3488515728207076,20,40.02559971809387,
0.566,25,2987,1005,1005,0.6000000000000001,0.47848345262073555,2621,0.06922769247311646,181.44578197203822,0.062406356326165674,0.7678214883840176,0.22727272727272727,-0.014431512327806269,3.785642620029127,20,45.00298595428467,
0.566,26,2987,914,914,0.1,0.4843226437189851,2675,0.07336760042845922,196.2583311461284,0.031380704099576114,0.644932637099029,0.9047619047619048,0.24369792950585584,5.725698315820134,20,42.473833084106445,
0.566,27,2987,1083,1083,0.6000000000000001,0.4655988950711254,2580,0.07756892941201134,200.12783788298924,0.061254925445432644,0.5608505669785812,0.07034632034632035,-0.01297442143409811,8.056547895870775,20,47.89038848876953,
0.566,28,2987,1206,1206,0.6000000000000001,0.4726266913394938,2725,0.057363158100878386,156.3146058248936,0.04047863308663776,0.6053937024405676,0.5346320346320347,0.006703426320804601,3.351328945652322,20,51.53695869445801,
0.566,29,2987,754,754,0.2,0.45937985227518713,1907,0.08422116495083291,160.60976156123837,0.04761516149946104,0.6611411770589868,0.5551948051948052,0.09480745798650628,4.958764518195624,20,38.03665018081665,
0.566,30,2986,945,945,0.7000000000000001,0.46437131501220513,1832,0.06890717032724356,126.23793603951019,0.007036159083359541,0.4963102433279584,0.724025974025974,-0.03085356842627732,3.68473065043221,20,44.314218282699585,
0.566,31,2987,907,907,0.4,0.4614075158622988,1518,0.08000194196373932,121.44294790095628,-0.015007017576084553,0.39041131692594777,0.3582251082251082,-0.1516979952417301,4.084675756452006,20,43.261229038238525,
0.566,32,2987,691,691,0.5,0.5005402069160166,2202,0.11961446319470055,263.3910479547306,0.0654620123382783,0.7625561489415482,0.6861471861471862,-0.07164565131266099,3.7484925764726316,20,36.795510053634644,
0.566,33,2987,728,728,0.6000000000000001,0.49054287791013035,2777,0.09625328611843277,267.2953755508878,0.037735655858267735,0.6994448465506421,0.7922077922077922,0.04208936150791244,3.562383470742447,20,36.295870780944824,
0.566,34,2987,902,902,0.1,0.4599388242074379,1310,0.09614203375844871,125.9460642235678,0.055465772253504,0.6220051679360444,0.19480519480519481,-0.004713737969611936,3.426632728723492,20,46.07357096672058,
0.566,35,2987,688,688,0.5,0.47024459162295434,2135,0.13611397631025526,290.603339422395,0.017721948114863283,0.4669245351898725,0.3398268398268398,-0.02607033218977196,2.468517287960649,20,39.92184042930603,
0.566,36,2987,752,752,0.5,0.4745544593081969,2836,0.09487355455428241,269.0614007159449,-0.05677522179639411,0.13733117139936057,0.7932900432900433,0.07289550134027921,5.759136170401131,20,38.807021141052246,
0.566,37,2987,785,785,0.4,0.47933431625708556,2434,0.10719790104706761,260.91969114856255,-0.0009213530629620057,0.36315916622142164,0.09307359307359307,0.0850087893279649,3.637440998785616,20,39.66272974014282,
0.566,38,2987,732,732,0.2,0.4614319668093147,2667,0.09490749526440792,253.11828987017591,0.052551418785102354,0.7341099741364596,0.3246753246753247,0.17556470481635705,6.443043349744504,20,37.51620030403137,
0.566,39,2987,831,831,0.30000000000000004,0.4923283760896402,967,0.08375177403492201,80.98796549176959,0.025514975716190057,0.5414862779495403,0.6320346320346321,-0.03497011819941164,3.1722624598410714,20,40.63180875778198,
0.566,40,2987,851,851,0.4,0.47532485845229516,2194,0.08262894511480441,181.2879055818809,0.012718292454115342,0.4576047898768538,0.37337662337662336,-0.07165873267494836,3.665460745416547,20,40.22842884063721,
0.566,41,2987,1048,1048,0.30000000000000004,0.46665075635697145,2630,0.07547919401443501,198.51028025796407,0.03242369725284269,0.611049288643079,0.33874458874458874,-0.07324509365208878,3.6166020966517074,20,46.876081466674805,
0.566,42,2987,767,767,0.2,0.47490843338688554,2715,0.09790693635291783,265.8173321981719,0.04700383179499351,0.7086306088077402,0.8354978354978355,0.023469256549582557,4.4395623437925025,20,38.8169801235199,
0.566,43,2987,932,932,0.30000000000000004,0.45682489916161123,2030,0.06835813226209114,138.76700849204502,0.032373239472348485,0.4363181278025496,0.015151515151515152,0.1780076892818237,5.963090155348135,20,43.767231702804565,
0.566,44,2987,752,752,0.6000000000000001,0.4587977043700613,2850,0.12459377199255961,355.09225017879487,0.04863016434294756,0.7830553581578414,0.5021645021645021,-0.07313565641696716,3.245688764581003,20,37.83125877380371,
0.566,45,2987,866,866,0.4,0.48260864058639813,2181,0.07477017381400843,163.07374908835237,0.04526540698602052,0.6860534204579528,0.7673160173160173,0.0017528757897355444,4.603362550311923,20,42.58632946014404,
0.566,46,2987,714,714,0.30000000000000004,0.4474083517582252,2421,0.10695491619280328,258.93785210277673,0.055138427126731775,0.7621732907629017,0.354978354978355,0.4130668788949454,6.5104741320327015,20,36.58036184310913,
0.566,47,2987,924,924,0.2,0.4462594912102952,1852,0.07713685045454907,142.85744704182488,0.024305561973889098,0.48564408429518247,0.07900432900432901,-0.10728362952754823,5.165625824852871,20,42.54347372055054,
0.566,48,2987,807,807,0.2,0.4647158249449141,2245,0.07943286854672439,178.32678988739625,0.03502370557219799,0.6183115998320758,0.8095238095238095,0.013632219233526144,7.7960703260521065,20,39.6675820350647,
0.566,49,2987,960,960,0.6000000000000001,0.47996511884744103,2104,0.07989661982346281,168.10248810856575,-0.042931862261462714,0.2407738227487647,0.4036796536796537,0.09387902654042644,3.5430405844658726,20,44.53061079978943,
