roll,t_stat,t_p_value,n_active,mean_pnl
1,-1.9472568674463104,0.051549541852184744,6132,-1.6677879238784775e-05
2,-1.1990894448146958,0.23054805850451965,5177,-1.3245269566442477e-05
3,-1.153129777104709,0.24890754392836856,5467,-1.2008922782443087e-05
4,-0.897189884960628,0.36966195109275013,4871,-8.061555293930712e-06
5,-2.5231145957969323,0.011656541078850946,6279,-1.7213410590827576e-05
6,-0.07293721728329737,0.9418595699045018,4178,-8.87581996222736e-07
7,1.0460835023191604,0.2955742072063965,4889,1.0824306932606833e-05
8,-2.3396752257653195,0.019337912063137175,5235,-1.734341008234611e-05
9,-0.8044264030428601,0.4212037580941983,3609,-1.1820349927449012e-05
10,-0.5938462788054918,0.5526430335216155,4781,-6.650809964164773e-06
11,-1.2440762293410288,0.21354106657085836,4193,-1.227014919709328e-05
12,-1.6771637923531288,0.09358460455163975,4216,-1.924037950153415e-05
13,-0.24331801639730008,0.8077684705189119,5298,-2.7355452178992834e-06
14,-1.6796610704725132,0.0930796938941103,5538,-1.5446898142754732e-05
15,-0.11357663788023828,0.9095784285380208,4542,-1.317491611043214e-06
16,-1.3256140219112909,0.1850369031468333,4369,-1.8552986162698673e-05
17,-2.000973453758398,0.045441141660051976,5880,-1.1103208252583869e-05
18,-1.0197272139749913,0.3079073364214029,4986,-7.144104444511377e-06
19,-0.5130503141811996,0.6079398998932692,4768,-4.487811060043914e-06
20,-1.7841645984545988,0.07446396816528145,4522,-1.5610617428800586e-05
21,-0.9779068308569908,0.3281748617428635,4345,-8.547153497341263e-06
22,-0.2557114115253651,0.7981856630783872,4391,-1.9795138304934257e-06
23,-0.546284710467951,0.5848952795741034,4869,-4.66500428439183e-06
24,-1.2911531672313254,0.19671505828960023,4629,-1.7395311164730733e-05
25,0.4863190535210898,0.6267625098125051,4949,4.651665691066765e-06
26,-1.8747519297552673,0.06089508382017228,4270,-2.2070781038978014e-05
27,-1.3792193162115893,0.16788797885176177,5071,-1.4365768121240001e-05
28,-1.688804932573097,0.0913196113502206,4966,-1.5563603940930377e-05
29,0.543325239774739,0.5869313420546622,4759,4.856836375054961e-06
30,-0.9170676436241536,0.3591482254937559,5391,-7.215062430998073e-06
31,0.009904307802886725,0.9920980720105494,4521,1.3045236237641726e-07
32,1.158171735228805,0.24686826927252192,3723,1.2224802539796846e-05
33,-0.9973099405994642,0.3186557093806206,5799,-6.9656552189868315e-06
34,-1.1222385645340793,0.26181425788446444,5062,-1.204311507133871e-05
35,-0.6457179578978137,0.5184958850615438,4377,-5.8857700133969484e-06
36,-0.6362961563499582,0.5246093730367938,5610,-3.682957117677001e-06
37,-0.576898907608436,0.5640348359256904,4795,-6.133083977041134e-06
38,-2.087302184145497,0.03691274088671026,4866,-2.379901106213099e-05
39,-0.17020656899032643,0.8648551872165564,4591,-1.572392683036905e-06
40,0.7669118626101372,0.44317394742031513,4524,8.645923149969954e-06
41,-0.8290606818109779,0.40711166780695707,4758,-9.734775202059559e-06
42,-0.7652052613388859,0.4441812375458163,5660,-7.796598640638664e-06
43,0.4631970910284984,0.6432484466499249,3978,4.99236812950941e-06
44,-0.5619857915945261,0.5741469398183536,5931,-3.2454567203965006e-06
45,-0.9826163243985383,0.3258422515802275,5175,-7.488519619569225e-06
46,-1.9974696904664766,0.04582877763897497,4955,-2.334943372864194e-05
47,0.20013380963085248,0.8413838126084332,5165,2.2975643288375907e-06
48,-2.579098407529504,0.009934659078059793,4916,-2.3370973215542455e-05
49,-0.580806036696899,0.5613954688268343,5391,-6.358594929993035e-06
50,-1.3270879558009767,0.18453902072967576,5099,-8.548653939960139e-06
51,-1.1954365755899379,0.23196450778870958,5906,-9.371848269462787e-06
52,0.7015673459349308,0.48298525328277675,4507,4.957158685949143e-06
53,-2.401129744762948,0.01638147012050184,4915,-2.921105596289618e-05
54,1.563178588946706,0.11806476837008284,5842,1.7319058470123032e-05
55,1.3776829352120243,0.1683683969679357,4589,1.1695009162291254e-05
56,-1.010967893861427,0.31208809022696915,4346,-1.2124356283267396e-05
57,-1.865891117612252,0.06214533513934639,3298,-2.6545549870085914e-05
58,-2.1867948757760467,0.02880063804219901,5354,-2.1672359669312994e-05
59,-2.63433137425639,0.008454798175860923,5308,-2.0295684283852862e-05
60,-1.9491653574574181,0.05132667826852577,5476,-1.5147329330183185e-05
61,-0.744834066477811,0.4564079496110096,4875,-7.66405976056062e-06
62,-1.2817414746988103,0.19999608194918417,4738,-1.0573900946067303e-05
63,-0.8537645332690157,0.3932737008175553,5350,-7.297991366647681e-06
64,-1.1617157566646987,0.24542267850475863,3866,-1.089076650196754e-05
65,-1.7857261254453825,0.0742252892127131,3710,-2.1905103248065582e-05
66,-1.7220615645056898,0.0851118660300787,5781,-1.2201878217295002e-05
67,-0.25753665778548485,0.7967754598690608,4845,-2.167551771388887e-06
68,0.4607860777597541,0.6449725909318702,4889,4.590920344270184e-06
69,-0.1928941816049081,0.8470496419239797,5023,-1.6998188246510334e-06
70,0.44140395304355506,0.6589378635070484,5523,5.0480001397571555e-06
71,-0.8073634770991529,0.41949746036774127,4759,-9.938591881837792e-06
72,-1.3715462772723435,0.17027187020807832,4584,-1.451317390392764e-05
73,0.013906969473459437,0.9889046927101421,5648,8.350766205617709e-08
74,0.23344350478360515,0.8154257599436561,5477,1.4519744451402765e-06
75,-2.398963270374358,0.016475768545255454,5321,-1.6997320156910003e-05
76,-0.3472264282250085,0.7284368108697534,4687,-3.394853857436792e-06
77,-1.0258842939433002,0.30499162333479135,5455,-6.35123568033535e-06
78,0.05137332728882122,0.9590297352776518,6048,2.8656752077171113e-07
79,-1.764550405336331,0.07770405149613246,4719,-1.696427410456777e-05
80,-1.3256548384780233,0.18501740288340907,4781,-1.098768821471092e-05
81,-2.351079605859281,0.018760777693877184,4626,-2.8789372924237784e-05
82,-1.3678271814102958,0.1714152137960654,6269,-7.080522084501702e-06
83,-0.409569421835302,0.6821400317339714,4821,-5.321402667578817e-06
84,-0.6525239771158898,0.5140941803501407,4844,-7.489695173779443e-06
85,-1.4092043091194626,0.158849707000023,4150,-1.5724227028195014e-05
86,-0.95816622636276,0.3380281140307688,4712,-1.0667153267122582e-05
87,-0.9420793671827686,0.3462138458773436,3681,-1.0718703443064835e-05
88,-2.1361051477742006,0.032719504063331684,4977,-1.5652383062273604e-05
89,-0.07723161085396991,0.9384428064538366,4401,-7.852974929220957e-07
90,-0.06580112123149434,0.9475388159921534,4960,-8.69236245160801e-07
91,0.4146060754267844,0.6784495121516869,4630,2.844895345786901e-06
92,-0.5460353079780581,0.5850641239611338,5425,-5.0115995008981775e-06
93,-0.7345455804541813,0.4626525885445387,4746,-6.621887480278471e-06
94,1.4336849577203852,0.15171681686166472,5724,9.932996193703586e-06
95,-3.912738556605186,9.269674167833308e-05,4208,-5.273741642865101e-05
96,-0.5166210869966747,0.605442186749237,5316,-5.604404085084527e-06
97,-0.026607314758148055,0.9787740427625129,4811,-1.8460599075353993e-07
98,-1.3177968471146757,0.1876361793691519,4680,-1.5698308275308504e-05
99,-0.7660532733042631,0.4436842036122468,4567,-9.025048938049625e-06
100,-0.6429359529129346,0.5202985190450602,4487,-8.807591761638008e-06
101,-3.621758567194692,0.00029551982867803694,4982,-3.4809960487833404e-05
102,-0.3977546039475894,0.690831201671972,4221,-5.8629766188659854e-06
103,-0.42684454160286545,0.6695142794912412,4232,-5.204104891465108e-06
104,0.20828790660445845,0.8350149125255961,3951,2.8864799773747493e-06
105,-1.3339713167262874,0.18227760330069964,4722,-1.6469677606878266e-05
106,-0.3094934066042067,0.756957700806111,5621,-3.1612664370170442e-06
107,-0.26200428474052184,0.7933312019333836,4132,-3.999131993445594e-06
108,-0.8435858983688603,0.3989498453851048,4119,-7.342770564236235e-06
109,0.29005364798605326,0.7717865213721034,5311,2.125758399524841e-06
110,-1.2729407609705672,0.2031175546640105,3771,-1.6369154874863807e-05
111,-1.5863354873960296,0.1127168061869539,5902,-8.523629917239387e-06
112,-0.05427560699476731,0.9567182780300711,4025,-6.046935580122167e-07
113,-3.4229082425621136,0.0006244459211264264,5079,-2.7569435409554992e-05
114,0.42818317057038396,0.6685368007038819,4846,3.446232197433414e-06
115,-1.7931539254714408,0.07301415737397066,4589,-1.852967591290686e-05
116,-1.751512563504425,0.07991415425986448,5427,-1.3733552314341022e-05
117,-1.105306597782853,0.2690815417725525,4855,-1.2933066674037446e-05
118,-0.7945927061353768,0.426883578989081,5695,-8.037544446845844e-06
119,-0.19243183855453494,0.8474122263782111,4725,-1.8510272109829531e-06
120,0.10347629351901032,0.9175891834888781,4918,1.339668302689165e-06
121,0.7682713477542437,0.44236978100560753,4144,7.71914760353176e-06
122,-1.3096848644184624,0.19035769090240162,5449,-9.714976440067469e-06
123,-1.3529297116372818,0.1761371315837308,5181,-1.1505044789467734e-05
124,0.06439413080022259,0.948659159369523,4671,5.755701628959686e-07
125,-0.35397154000192216,0.7233774826462778,4322,-3.2626267005073454e-06
126,-1.415810875388141,0.1569128177225294,3802,-2.0925969827005176e-05
127,-0.8600176378612987,0.3898141337060699,5923,-8.446513792574546e-06
128,-2.2031979550570107,0.027625420987104965,5093,-1.9967268605886472e-05
129,-1.105667672867738,0.2689156387818792,5879,-7.3560925309317375e-06
130,0.17063803559617888,0.8645163316404747,4347,2.3470745027599787e-06
131,-0.03313096233588956,0.9735717322526638,4185,-3.780660508160463e-07
132,-1.7933100693937625,0.07298343501217164,5029,-1.4611091082590012e-05
133,-0.20439310666389482,0.8380555046851275,4528,-2.381106489047488e-06
134,-1.5126976351279895,0.13041750888236425,5179,-1.1935555654057415e-05
135,-1.8753504340490723,0.06079566352765964,5695,-1.3237985559112122e-05
136,-0.6091547929323723,0.5424453600906427,5885,-6.298214009389357e-06
137,0.5667284067512093,0.5709221765499675,5423,6.05561606132817e-06
138,-1.5908488336786717,0.11172035806289338,4119,-1.9381608535494666e-05
139,-1.0976427397851916,0.2724090769471237,5444,-8.087494567022376e-06
140,-1.1443011364353526,0.25254646215259857,5744,-1.15545569278063e-05
141,-0.22158046060548645,0.8246493954984166,5084,-1.4623301992572174e-06
142,-1.3515607659159024,0.17658308666463385,4549,-1.5201648374973756e-05
143,-0.8551614398942445,0.3925087577738131,4362,-1.150618652993287e-05
144,-0.4942293376137591,0.6211702061113356,4179,-5.298283513251726e-06
145,0.15937149717744314,0.8733828149511629,4862,2.0007869361453665e-06
146,-0.447716429281375,0.6543779836211452,4821,-3.053650036054087e-06
147,-0.022829408063179433,0.9817873623096967,4500,-1.6517679047268105e-07
148,-1.2188788226824552,0.22294504643561974,5242,-8.827325958836734e-06
149,-1.5909237937166425,0.11169288240098774,4779,-1.3018498759272936e-05
150,-0.924994196836577,0.35501396214451475,4957,-9.918595655981195e-06
151,-0.24667030889442226,0.8051746132661288,4511,-3.3400620613883726e-06
152,-1.143379182168442,0.25294095147296947,4581,-1.3449881754135177e-05
153,-1.2178702664879062,0.22333220628739037,4877,-1.08466005247497e-05
154,-2.404955264323882,0.016217476795352903,4198,-2.9287566807101382e-05
155,-0.7485936001482484,0.45414524667499956,4090,-7.280549833390512e-06
156,-1.4628797821322213,0.1435600130790562,5262,-1.3934487511074813e-05
157,-1.7487037430671126,0.08040370420653753,4993,-2.1761567346153338e-05
158,-1.551429666215734,0.1208641321349071,4841,-1.8533764416580738e-05
159,-1.0264455954696192,0.3047236468074057,5905,-6.685232407223769e-06
160,-1.1695413848546523,0.24223678884112476,5444,-1.2000231820301938e-05
161,-1.2358554128689907,0.21657360699015094,4737,-1.5486777214519448e-05
162,-1.2567851425351184,0.20888908370132242,5094,-8.503167670906147e-06
163,-0.503478208504832,0.6146527414580589,4501,-3.6643766930074006e-06
164,0.8362795826072796,0.4030393521192437,4791,6.609798733135879e-06
165,0.06447678460040973,0.9485930475619748,5249,3.995405246581032e-07
166,-0.8514984978938547,0.39452837539993335,5684,-6.056474435841552e-06
167,-0.33005000064632034,0.7413779733003305,4379,-3.030542480891131e-06
168,-0.5251827323808911,0.5994766302344994,5691,-4.518702956587616e-06
169,-0.6877905252404724,0.49161752662339153,4861,-6.785724840432524e-06
170,-0.5683484081406682,0.5698201036279285,5885,-5.086761861842547e-06
171,0.6403422256914453,0.5219832075802011,4437,5.777017477432605e-06
172,-1.172889272148507,0.24090449329405583,4347,-1.7120195399154602e-05
173,0.5705969683569376,0.5682984279952956,5018,3.9201976935448185e-06
174,-1.3463093872455958,0.17827574381496203,4182,-1.4318278979783942e-05
175,-0.7580005077376055,0.44849075461794774,4458,-1.031640613458597e-05
176,-0.7997744213485631,0.42387806601415257,5197,-5.658140870636687e-06
177,-1.5902060580408328,0.11184717567214708,5376,-1.4647236177508772e-05
178,-1.0369143401370167,0.29982442540505594,5155,-8.707539998907914e-06
179,1.2142631104729318,0.2247058680107381,4894,1.1764397629353885e-05
180,-0.6767265912692645,0.49861092256760076,4973,-8.556388933294437e-06
181,0.05272991785125338,0.9579489594113451,5669,3.345162867109874e-07
182,-1.598851567190814,0.10993590120047503,3839,-2.175835028923853e-05
183,-0.3119301357360999,0.7551063506257045,5109,-2.3580623582021766e-06
184,-2.0258398397920074,0.042834672998908196,4957,-1.4688544615221672e-05
185,0.4006189338687179,0.6887208076562583,4258,5.211193434762632e-06
186,-1.4329294263001877,0.15194272693337574,4831,-1.270034575808491e-05
187,-1.491449517173091,0.13590636200080408,5020,-1.2301769847406409e-05
188,-1.3213113686426512,0.1864741913639376,3946,-1.5277166592993116e-05
189,-0.5477888899616905,0.5838601603011755,5250,-3.756023932681863e-06
190,-0.7196488730539543,0.47178712429848546,3664,-9.228421612194196e-06
191,-1.4161704332996912,0.1567932008630839,4609,-1.6727566664929743e-05
192,-2.7071399498460793,0.0068097630161101375,4972,-2.036781064392614e-05
193,0.8253030133333898,0.4092403910997948,4825,7.539915708014939e-06
194,-2.1757956512784236,0.029627218213722273,4119,-2.941514709529415e-05
195,-0.5699678411722476,0.5687285965067792,4403,-4.89676470263909e-06
196,-2.3166924687476715,0.020556825079944163,5535,-1.576763290426592e-05
197,1.2548098340619798,0.20960267521809284,5345,1.126578217049126e-05
198,-0.08095272439882706,0.9354842766163647,3428,-8.574561275861102e-07
199,-0.7864580571751217,0.4316302832508776,5993,-5.209555315920144e-06
200,-1.0131547787269688,0.31103179810356396,5381,-7.450906257674598e-06
201,-2.1335246983205725,0.032925341060432656,5563,-1.4625406932459012e-05
202,0.23228486426376763,0.8163265681639147,4851,1.5389594751809805e-06
203,-1.11175361620952,0.26628834972005255,6041,-8.248880389897397e-06
204,-0.8154912492844246,0.4148262800742657,5533,-8.357591552234319e-06
205,-0.7276420589678354,0.4668671836448579,4945,-8.70310635756519e-06
206,0.220729493611365,0.8253120866361419,4996,2.424070935468248e-06
207,-0.8508606541895052,0.39488137530434675,5887,-5.203316827934921e-06
208,-0.6059789476244056,0.544564290250733,3869,-9.045516051684401e-06
209,-1.9786598072338533,0.047904818075027,5426,-1.9889758058726406e-05
210,-1.6481455991621359,0.09938774365964576,4838,-1.3559206423816962e-05
211,-1.6403485893873258,0.1009914841416113,5352,-1.424318400776903e-05
212,-1.2542275544322838,0.20982225617696293,4658,-1.1559347133119718e-05
213,-0.3247096499489455,0.7454135855715989,5326,-2.0593580375486853e-06
214,-0.22383887460295582,0.8228927870314848,4525,-2.8185528303078615e-06
215,-2.2549668998000225,0.02417892750544448,4950,-1.7126281333667945e-05
216,-0.27406815227772613,0.784044807664888,4508,-2.709404807029635e-06
217,-0.47808093089830805,0.6326149720059426,4673,-6.430997229405166e-06
218,-0.08110952493075158,0.9353583527962694,4636,-8.050808656867859e-07
219,-0.9657658321422655,0.3342123938614363,4578,-8.423058391458248e-06
220,-0.4070970106181656,0.6839573032409656,4238,-4.275464816217377e-06
221,-2.4280426609455383,0.015215216040344703,5058,-2.4183747132172802e-05
222,-0.15942233289052768,0.8733425519417666,5026,-9.69861460964894e-07
223,-2.0704156917764234,0.03845806627736614,5738,-1.5052038142719293e-05
224,-2.6335196295668637,0.008477678490442564,4787,-2.5374652318386198e-05
225,-0.9596821797529651,0.33725377457767935,6015,-5.78931244765367e-06
226,-0.10493880595025437,0.9164288016602318,4746,-1.0258730439805393e-06
227,-0.21769418048914033,0.827675769043432,5307,-1.5163454835994223e-06
228,-0.027154669566603836,0.9783374367971094,5084,-2.8386489342983075e-07
229,-1.307809722392929,0.19099263504127917,5489,-1.2943949325475052e-05
230,-0.11617354293909002,0.9075207514967301,4060,-1.1116966697948796e-06
231,-0.6483929061384344,0.5167559588912685,5932,-5.684930425545443e-06
232,0.1447826292033778,0.884887130384364,6299,1.4240415911794743e-06
233,-1.568430727138612,0.1168548455834304,4265,-1.7992993746202646e-05
234,-1.0534787049241305,0.29218555172383476,3984,-1.1439520711857045e-05
235,-1.218749965165064,0.2230060422236435,4296,-1.0886609469041553e-05
236,-1.2538887712160196,0.20994143506988872,4969,-9.698327506321365e-06
237,-0.13161676687081988,0.8952933621687875,4459,-1.2222107273653187e-06
238,-1.9157669999584146,0.05545980928252159,4380,-2.0581495744584667e-05
239,-1.3837492567700713,0.16650244277862147,4597,-1.2823483773266898e-05
240,0.07707606922370484,0.9385665355725064,4400,5.736565194626334e-07
241,-1.0407920420669705,0.29801201370119146,6301,-6.11150108253793e-06
242,-1.8848370889907584,0.05950609244501148,5341,-1.455290140341886e-05
243,-0.9089366000121621,0.36342743697299484,4997,-9.72214643300265e-06
244,-1.4793347734585505,0.13911055429192687,5278,-1.1543820948881733e-05
245,-0.4978644179521301,0.6186054098470075,4244,-5.681165699966895e-06
246,0.4706592221712727,0.6379114389802099,3757,5.671870564694623e-06
247,-1.5847141289059232,0.1130910736161439,5291,-1.7479045642674685e-05
248,-2.165874767559299,0.030372320096009764,4570,-2.6263694619209132e-05
249,-2.9747963395390737,0.0029476094837477262,4444,-2.913375362217321e-05
250,-1.6213953372771814,0.1049980171089746,4841,-1.3810650642508936e-05
251,0.6447323624920672,0.5191261566976899,5797,3.5301044065431145e-06
252,-1.0609465358354249,0.2887601743560759,5574,-6.100659015855433e-06
253,-2.6772387722602473,0.007443996127420638,5821,-1.6999657990118623e-05
254,0.3321314689227722,0.7398052273100884,4569,3.3655754163509954e-06
255,-0.3484211147046643,0.72754092550282,4321,-4.468893253210424e-06
256,-0.3077280856723222,0.7583008210642017,5538,-2.0407058635093895e-06
257,-1.090754135087,0.27543750209720663,4659,-9.815910461684447e-06
258,-1.05039131628964,0.29360109432110404,4039,-8.227677735792066e-06
259,0.2256837317341914,0.8214586031366209,4122,2.169398293427356e-06
260,-1.5877741843659088,0.11240016392554852,5039,-1.4682651551362352e-05
261,-1.5614851458196835,0.11847325201222092,4951,-1.1622579274597762e-05
262,-1.4581106226648672,0.14487480335163383,4851,-1.7242269781473035e-05
263,-0.7629263476643114,0.44554304949034274,5038,-5.3398282447075305e-06
264,-2.5798884434616687,0.00990966143506955,5349,-2.839869201887263e-05
265,-2.7071585976619463,0.006813199220662813,4270,-3.2980876325282216e-05
266,-0.5520580268624826,0.5809388869627403,4074,-7.032093300450733e-06
267,0.14913372422931712,0.8814539740042555,5134,1.074542174279092e-06
268,0.7382033259281677,0.4604255408160749,5002,7.915839463805612e-06
269,-1.7044576033587382,0.08839270391435217,3201,-2.915908259961055e-05
270,-1.6717570894472105,0.09462688996514768,5725,-1.3893966717856464e-05
271,-0.32011978637688215,0.7488924588140264,4480,-3.7707042738317655e-06
272,-0.03546705402395758,0.9717092147367954,3731,-5.590262860713101e-07
273,-1.1856858672835762,0.23581120019234825,4347,-1.2651481325577988e-05
274,0.42034437232544275,0.67425260984656,4828,4.830141540906387e-06
275,-0.4983695336675967,0.618246521787186,4784,-3.878854206391254e-06
276,-1.3376492044783317,0.1810592405500009,6283,-8.284824512453047e-06
277,0.059892798873993125,0.9522434712376935,4874,6.547726342432112e-07
278,0.1856561151345983,0.8527226951450106,4565,1.4643674149408307e-06
279,-3.2625804743447504,0.0011111045194578395,5239,-2.9994710721356114e-05
280,1.5080253850427034,0.13161557268407997,4678,1.75283633731537e-05
281,0.2649535037228536,0.7910581660343463,4239,2.963148515852659e-06
282,-0.07224664450469627,0.9424085570463356,4929,-4.886696048566632e-07
283,-2.16077051884572,0.030758487371376875,5213,-1.5627966786739262e-05
284,-2.4637227194345166,0.013782147328933236,5239,-2.8254749412051777e-05
285,-0.6607744387291994,0.5087918804814322,4362,-6.230520220291576e-06
286,-0.9495451000981352,0.34239376623498474,4561,-1.2397203627749585e-05
287,0.6933695495210745,0.48811145469233486,4767,5.449292860032049e-06
288,-0.8025103314609109,0.42230000672098145,4521,-8.385684753816371e-06
289,-2.1951957738693255,0.028201538242282664,4407,-2.5097383489667868e-05
290,-0.8620181417170506,0.3887183761148867,5062,-8.594290328246473e-06
291,-1.2556628192536903,0.20930766493040265,4227,-1.4973542416574534e-05
292,0.20533709736588857,0.8373164561004338,5433,1.330865796272582e-06
293,1.114141158003806,0.26526705457904454,5531,1.0216741365930707e-05
294,-1.5157797392634442,0.12965614072993858,3899,-2.031885194950249e-05
295,-1.7764020164887468,0.07572036477346566,5663,-1.1500520548966867e-05
296,0.639080687351761,0.5228065220694416,4058,8.426187788080635e-06
297,-1.0664279366435543,0.2862878333856269,4471,-1.2637443941077033e-05
298,0.9693462852379757,0.3324199856693473,4932,9.054816301494922e-06
299,0.7226808258346941,0.46990625836486366,5586,4.922970544399949e-06
300,-2.774446632930101,0.005548059892654722,5552,-2.7651390466274877e-05
301,-0.7660025352448876,0.4437103556068531,5085,-6.716955276933695e-06
302,0.2062436513067021,0.8366107016488431,4154,2.3982989465452874e-06
303,-1.6226689811931698,0.1047212982367034,5159,-1.4935498715980566e-05
304,-0.3944950128466483,0.6932362124413118,4084,-5.814334216841087e-06
305,0.5692149147510285,0.5692308802312245,6213,4.619219778286989e-06
306,0.26251260256359343,0.7929380284955783,4600,3.23121114300051e-06
307,-0.6556421057591488,0.5120814961944984,5573,-6.76144813679526e-06
308,-2.0362781950209032,0.041769961598313365,5533,-1.349986050912734e-05
309,-1.9997281739048978,0.04558807307726509,4621,-2.4847183224905376e-05
310,0.8276200202392908,0.40792539113011594,4980,5.326880463854233e-06
311,-1.0109254600449369,0.3121008396292637,5020,-1.2805109215844319e-05
312,-1.779397141698341,0.07523759256829132,4827,-1.500370155876399e-05
313,-1.6333494592496483,0.10246529152946326,4513,-1.8244904456949396e-05
314,-1.8536808663270294,0.06385352823517376,4285,-2.2075524039810116e-05
315,-3.5112994875148753,0.0004501231234135261,4687,-3.4782720546782484e-05
316,-2.15057764392209,0.03155663775729156,5076,-1.725075580877797e-05
317,-0.1185189067972238,0.9056621924612243,4194,-1.6301571645423047e-06
318,-0.14954319438339445,0.8811345413790463,3171,-2.155838905778039e-06
319,-0.884889205205099,0.37625905211254174,4988,-1.0169931422741195e-05
320,-0.8665492439992221,0.38624894679918365,3471,-1.2198264280204072e-05
321,-1.1911578782855259,0.2336704463112902,3587,-1.40814896616111e-05
322,-2.555882687473412,0.010616387855773235,5982,-1.3918012610730629e-05
323,-1.534442882512273,0.1250093719075147,3570,-1.743259142946154e-05
324,-0.6230251514074697,0.5332981779505102,4708,-5.766870273841277e-06
325,-1.365501498840323,0.17214970756118664,5665,-1.3945821371314733e-05
326,-1.5381633551426679,0.12407377809339892,4861,-1.3305503677362608e-05
327,-2.309127108407894,0.020972201616688668,5687,-1.5426184805114104e-05
328,0.6182547705506581,0.5364373694229161,4701,4.8790774770154346e-06
329,-1.9086476786057511,0.05636451807077192,5022,-2.4197732875328525e-05
330,-1.9722628918604743,0.048624090451496293,6185,-1.1438813834849226e-05
331,-0.8858868869544941,0.3757289123061187,4225,-1.084915358357726e-05
332,1.0420774853298864,0.29742438802207194,5181,6.69610228589118e-06
333,-2.384658719076898,0.01712865301476496,5502,-1.762062565232546e-05
334,-1.0534880773995234,0.2921809714145964,4002,-1.3623951082261154e-05
335,-0.8987409904955791,0.368833837689706,5010,-1.173286406862874e-05
336,0.5753597245225229,0.5650773579127966,4416,7.81726967541617e-06
337,-0.4421489488908549,0.6584054675748772,3978,-3.7303692736230488e-06
338,0.34996931795662467,0.7263748104157544,5633,2.8068499032632314e-06
339,-0.8098754298999552,0.4180526965282989,4710,-6.653398221171211e-06
340,-0.9848217048952718,0.32474845437357525,6476,-5.4160566582156874e-06
341,-0.5853202732020905,0.5583594163600196,4887,-6.198739072649287e-06
342,-1.6808009011666853,0.09285667304054557,5671,-1.0562706808729388e-05
343,-1.8435531142590367,0.06530735240151841,5008,-1.683966938306126e-05
344,0.6512202698261295,0.5149360236462435,4719,4.8897475842705844e-06
345,-2.2870342204043683,0.02223577257315612,4959,-1.583189631430344e-05
346,-1.3908123547589717,0.16434698075630516,4788,-1.3911916566813307e-05
347,0.4907041118349542,0.623655814501813,5364,4.095139981067102e-06
348,-2.2278782688757652,0.02592572031624618,5976,-1.4006069625882247e-05
349,-2.9825250738771416,0.002872614403502727,5000,-3.053360570059727e-05
350,-0.4313070565131283,0.6662645419223594,4788,-4.981926847686381e-06
351,-0.8664884629881403,0.3862598684296663,5542,-7.436595147622457e-06
352,-0.3433907492586713,0.7313180666419707,5329,-2.264722572622577e-06
353,1.1313791298439726,0.2579516983540324,4833,1.089546257925655e-05
354,-1.1344116335943015,0.256680409437674,4650,-1.4547320024825599e-05
355,-2.4986809315331384,0.01249521042431434,5387,-2.4003967963249936e-05
356,-0.2751277008487535,0.7832274179484118,6121,-1.5967980892899053e-06
357,-3.2673526105274284,0.0010921324388788456,5596,-2.2515472480638876e-05
358,-2.2232154268655675,0.02624258727257711,5391,-1.7490797694737698e-05
359,-3.6425984987076125,0.00027205319999445976,6346,-2.274258778853107e-05
360,-0.5055574556341911,0.6131867429951052,5748,-4.903552183327816e-06
361,-0.4301737946002437,0.6670862754316986,5437,-3.0605160369903424e-06
362,-0.4135446723573503,0.6792269155617232,4592,-3.887153974699884e-06
363,-3.59725047785506,0.00032414965350402447,6091,-2.1985487021112397e-05
364,-0.6362956225846267,0.524618200932836,4229,-6.94413056870563e-06
365,-1.8677774286426707,0.061860711048498995,4324,-2.112066962886999e-05
366,-0.025264026954167053,0.9798454825914138,4520,-2.825525594402922e-07
367,-1.4264900630839272,0.15380497676449867,4001,-1.9840108533889422e-05
368,-1.5246989627171943,0.12739678249081798,5054,-1.7662648808172686e-05
369,0.09842391615146417,0.9215995700277755,5078,6.389941134038591e-07
370,-0.9612047640712381,0.3365040063429261,4243,-1.2231123580234823e-05
371,-3.359381439750094,0.0007864173318270495,5573,-2.3257881055334424e-05
372,0.18433662725679154,0.8537581641787961,4257,2.1226241107733413e-06
373,-0.031694510854409635,0.9747172079891255,4120,-4.2580487883878234e-07
374,-0.000190885785738733,0.9998477026351142,5108,-1.4052458050736357e-09
375,-1.9919842531369485,0.046441587521371286,3947,-3.0133122435087867e-05
376,-1.5239802206543933,0.12759085251544233,4097,-1.7236606366267685e-05
377,0.2958259597584595,0.7673752155717564,5028,3.577566968084207e-06
378,-1.0203219277590705,0.30762181363322716,5366,-7.5569547962429805e-06
379,-1.3733527713764602,0.16969585291349532,5794,-9.814661141596234e-06
380,-2.12397197336357,0.033722561345172375,4889,-2.2452417072584166e-05
381,-1.8376366361895988,0.06617997925477459,4633,-2.2518204980842023e-05
382,-0.5098094323939153,0.6102117255577384,4207,-6.301175598814559e-06
383,-1.7876903563586364,0.07389600231422899,4324,-2.2243895567448095e-05
384,-0.6618628475654618,0.5080920197689953,4637,-7.3602990285424856e-06
385,-2.424036036254794,0.015385142827196496,4887,-2.335569980957843e-05
386,-0.18316658668129354,0.8546744175914838,5226,-1.1698400062779336e-06
387,1.3573197414129157,0.17476948802875358,3410,1.8804618310286273e-05
388,-2.1599190415137675,0.03082152977351793,5563,-2.1090673142082764e-05
389,-0.46408636799160286,0.6426033185049924,5790,-2.9607253764088124e-06
390,-1.007550397079726,0.3137169013829211,5238,-8.774295264609054e-06
391,0.016476807921236843,0.9868547650541994,4321,1.9780717173186927e-07
392,-3.2800740922964944,0.0010438462646671365,5876,-2.197536264468852e-05
393,-2.0066595338278463,0.044840159059189366,4956,-1.6112750827603545e-05
394,-2.13420457971926,0.032878120345467776,4658,-2.4306706186959293e-05
395,-0.4747877948326329,0.6349575877618507,5358,-3.0432993432037555e-06
396,-2.1384354527487797,0.03252846242627916,5137,-2.7300364039209614e-05
397,-0.6022332643702161,0.5470472104547999,4820,-7.415263159082323e-06
398,-1.0117452267200113,0.3117152905770242,4419,-1.4105889171268598e-05
399,-0.6610445162556617,0.5086192795132738,4289,-5.918822361676198e-06
400,-0.6961770111061181,0.4863621283355233,3666,-9.825392204514322e-06
401,-1.0159461459326964,0.30970808331717503,4634,-1.2180940103185769e-05
402,0.2984680408444703,0.7653605013561449,4267,4.06288396670884e-06
403,-4.925973471078796,8.625675316231707e-07,5834,-3.30989765613001e-05
404,-0.49001745589746754,0.624141318269813,5438,-4.539731338937238e-06
405,-1.6611115488164137,0.09675216397974484,5130,-1.4033620062605979e-05
406,-2.285917687978046,0.022311044737538976,4008,-3.116835667811609e-05
407,-0.1554619215149527,0.8764627168298957,5659,-1.075024585597258e-06
408,-1.0025068827422918,0.31614488904294347,5269,-1.0079029038137769e-05
409,-2.0285595544202066,0.042556014786738317,5006,-1.7543829604530497e-05
410,-1.6917674741599575,0.09076453431166165,4199,-1.8589418425848607e-05
411,-0.0784058811437874,0.937509153840067,3964,-1.0345366882963657e-06
412,-0.2956661202793182,0.767498550100306,4556,-3.69886279790685e-06
413,-1.9820487908897126,0.04753012462925055,4852,-1.8843743624931874e-05
414,0.3236794252497946,0.7461941605733853,5048,2.19608148158235e-06
415,-1.76575187979181,0.07751259674640276,4063,-2.4768709501833503e-05
416,0.23954039261999727,0.8106976685464584,4428,2.8864929513834634e-06
417,-1.3452485526341196,0.17860175360345876,5374,-1.5502206692002904e-05
418,-0.30593480414808094,0.7596655572862208,5651,-2.1390647314942302e-06
419,-0.4111331097826243,0.6809947393690874,4449,-4.540233271390162e-06
420,-0.8640932303028604,0.38757776598451255,5045,-9.55835638701809e-06
421,-1.2712197404935852,0.20370793063137027,5148,-8.76236438368504e-06
422,-0.01667963501503293,0.9866928112657152,5390,-1.0438299296916714e-07
423,-1.7660252947430668,0.0774494285638394,5277,-1.4415319600032635e-05
424,-1.2396748032994953,0.21515403143473222,4988,-1.008463159589819e-05
425,-2.6061702797768254,0.00918504443455248,4692,-2.5731644739924005e-05
426,-1.3102686388406615,0.19017222106558118,4476,-1.141537928046254e-05
427,-2.101620032433033,0.03563824974992813,4830,-1.9073241101889787e-05
428,-1.5479624892490824,0.1216908317180101,5319,-1.2020377620475535e-05
429,-0.6596666018602181,0.5094960508851414,5379,-5.159004080961608e-06
430,-2.290648768088298,0.02203091005263591,4392,-2.8113927934734267e-05
431,-0.5821500758670819,0.5604871651520309,6086,-3.7393858081246683e-06
432,0.14279648163459874,0.886456721914844,4956,1.9494337876260448e-06
433,-1.5131199747225694,0.1302984026699361,6422,-7.312503946328036e-06
434,-0.35955131940056,0.7192006202770052,4236,-3.5002298092356433e-06
435,-3.0072316367967606,0.0026490419176667945,5183,-2.4533429008527034e-05
436,-0.40675784552583133,0.6842004538047393,5962,-2.17243635352144e-06
437,-1.4837288211664157,0.13795109839653952,4489,-1.7414405467948872e-05
438,1.5793592994829668,0.11432579459245429,4386,1.4583268583740405e-05
439,-0.6320558376297559,0.5273777364311609,5285,-4.207091882729463e-06
440,-0.8834495035868334,0.37703299504464693,5372,-5.664905529721303e-06
441,-0.06998655198817458,0.9442069160742894,5483,-8.144319803156677e-07
442,-1.4165555609107796,0.15668484524806758,4331,-1.2562948904153103e-05
443,-1.0703576744448502,0.28451677461583147,4422,-1.2562352184062505e-05
444,0.5754460645986053,0.565018779455269,4447,4.80485556441529e-06
445,-0.5368362186640085,0.5914146792946231,3521,-5.7264154679484256e-06
446,-0.561774385918038,0.5742952105503978,4945,-4.924568827807991e-06
447,-1.8648555559707714,0.06226582881567988,4562,-2.152821513684669e-05
448,-2.9312731626740356,0.0033893385629986117,5632,-1.9149149684641613e-05
449,-2.160092297448871,0.030818445196976407,4477,-2.9571714624214353e-05
450,0.4648939921346353,0.6420279296452898,4925,3.441927997992947e-06
451,-0.7365699703987174,0.46142176832864124,4564,-7.929277362988452e-06
452,-0.2746804735251965,0.7835744736574564,4455,-3.5905472090503093e-06
453,-1.0743560689031069,0.28271424128132727,5072,-1.233347341362409e-05
454,-0.02291778113395842,0.9817168731655401,4500,-2.3856962156579636e-07
455,-0.8712942578581402,0.38363295454183577,5303,-1.0077712652033553e-05
456,-1.150606271970537,0.24995709222157525,4379,-1.1924448362264586e-05
457,-0.46698311172621604,0.6405343999916915,4535,-3.820683285912174e-06
458,-0.6653557424224926,0.5058559564621121,4655,-9.31209662284548e-06
459,-1.4968209245967277,0.13449778869098172,5449,-1.2583185259669325e-05
460,-1.1271844383775813,0.2597105429091122,5876,-7.960408140608043e-06
461,0.27300495033159367,0.7848619404244384,4500,2.0873338589333428e-06
462,-1.0333759839845797,0.30147870002913013,4928,-1.3008220300040361e-05
463,-1.9772257925965437,0.04807084588353305,5011,-2.275521490411146e-05
464,-0.36800865183253356,0.7128818515591417,5170,-3.9459726239404915e-06
465,-1.7796232936999983,0.07524665094452332,2786,-2.9464730022367648e-05
466,1.7538844770249997,0.07950288022121499,5827,9.743058467602226e-06
467,-2.11093476552139,0.034828659632970105,4880,-2.259522231824054e-05
468,-2.201837455578868,0.027725078513062495,4713,-2.1983430121215665e-05
469,-2.7156864519665187,0.006634353204037602,5545,-2.0246368002291575e-05
470,-1.011391470765568,0.31188825003932186,4138,-1.2932661238794975e-05
471,0.6602162483240257,0.509145749000024,4957,4.380001376325936e-06
472,-1.9944693371949354,0.046165042168011095,4219,-2.2163579103248534e-05
473,-2.109594503292837,0.0349479631577263,4535,-2.4501556362433674e-05
474,-1.6897229663044873,0.09114046435766787,5240,-1.2812081488945293e-05
475,1.4353516463407154,0.15124790647327035,5129,1.3254346542242162e-05
476,-1.5191515377028846,0.12879272424115373,4625,-1.7142990983801037e-05
477,0.8307582809968083,0.4061572042359556,4220,9.063579253848453e-06
478,-1.6167667841538649,0.10598893005102394,5232,-1.3860359570233683e-05
479,-2.001310800066154,0.045418701632863545,4512,-2.2644723239810243e-05
480,-0.4736432675123498,0.6357714970209258,6019,-3.29015842810572e-06
481,-1.4911439311286052,0.13598565375540073,5093,-1.3280450607109097e-05
482,-0.844708342496199,0.39831515224228853,4876,-7.053999824024636e-06
483,0.7942636054043546,0.4270756913215088,5593,5.629346313470884e-06
484,0.7627486293296019,0.44565821047624743,4009,8.175665090872886e-06
485,-2.546628420343805,0.010903189838437743,5657,-1.7116577607558002e-05
486,-0.8113165113790933,0.4172188098675602,5537,-8.243218776104994e-06
487,-0.28135308808901743,0.778451994438836,4696,-3.4989676083021236e-06
488,0.18862117297011025,0.8503964958818588,5664,1.8917394892350015e-06
489,-0.48835781792226474,0.6253150147658588,5758,-2.8748694828104825e-06
490,-0.6155857747342764,0.5381931342599575,5562,-3.6277890089729674e-06
491,-1.2004166840864607,0.23003370295946501,5065,-1.009475536501968e-05
492,-1.5468383336166278,0.12196836487341023,4786,-1.66570395566766e-05
493,-1.9468390350789915,0.0516125944563266,4776,-1.927484600791943e-05
494,0.10191299009730395,0.9188309197736155,3945,1.4254894612153375e-06
495,-1.3341201174220372,0.18222946286494945,4677,-1.2130224433974739e-05
496,-0.09234123258442914,0.9264311611641309,4372,-1.1349305579838609e-06
497,0.689651467292404,0.49044441181539056,5160,7.822390470971455e-06
498,-1.6642929177907848,0.09612512754283165,4400,-1.9859362408456866e-05
499,-0.4928085038384189,0.6221682095010801,5329,-2.909821857333435e-06
500,-1.0185736030502526,0.3084698781551807,3825,-1.164112667801147e-05
501,0.48556526849846543,0.6273041926466334,3699,5.497122914653332e-06
502,-0.9528224107189047,0.34072419162530343,5219,-6.106216252889136e-06
503,-1.1576062260275646,0.2470951159727861,3931,-1.1838487227462361e-05
504,-0.30947400742899245,0.7569843343151743,2762,-4.315595593979376e-06
505,-0.9513354399056165,0.34147641717148614,5437,-8.458575357133721e-06
506,-1.3285773013203532,0.18407167345162612,3601,-1.6501044557169935e-05
507,-0.3471647303033002,0.7284796895269676,6027,-1.8966160302400658e-06
508,-1.7607469453580196,0.0783352491730902,5660,-1.1559360538302052e-05
509,-3.417429433484572,0.0006366511534134922,5608,-2.423964866764634e-05
510,-1.246911293304578,0.21248976981463819,4889,-1.0274113969562874e-05
511,-1.0325735820071824,0.3018551525545845,4835,-9.274709504709958e-06
512,0.7415753791133435,0.4583725179930149,6249,3.779898258418498e-06
513,0.5694416904567843,0.5690814118438849,5121,3.6621930309467454e-06
514,-1.0689377103078495,0.2851519192469947,4763,-1.218182019669559e-05
515,-0.29693245294587367,0.7665304428128197,4989,-2.0371507646536742e-06
516,-1.3986668799713218,0.16196786573808608,5643,-1.5684368878189663e-05
517,-0.11088728182215046,0.9117101236539318,5067,-1.155482845534277e-06
518,-0.7487630795191027,0.45403415164361993,5160,-8.719321294624887e-06
519,-0.7201861406336187,0.47144433206472947,4961,-7.251429885456059e-06
520,-1.467289360053304,0.14235953096933573,5059,-1.3379549803322976e-05
521,-2.6542432019204245,0.007971138548224177,5597,-2.149001976442173e-05
522,-2.025578969794002,0.0428598605153685,5107,-1.875665795148155e-05
523,-1.269752893818758,0.20422849610099436,5293,-1.3234239064088625e-05
524,-0.15098671201429872,0.8799922742556079,5013,-1.2059240612277283e-06
525,-2.9654526838254567,0.0030388251289628077,4345,-2.300700944305019e-05
526,0.6758626303032047,0.49915611268510607,5534,4.070164714923334e-06
527,-1.5257204190774538,0.12714741356674208,4658,-1.7951940285645273e-05
528,-0.6298799018122551,0.5288005485611207,5256,-6.125496843722312e-06
529,-2.975628156006081,0.0029362809812263357,5648,-2.241897222025214e-05
530,-0.8460930221071721,0.39754360874076156,4736,-7.39422369256994e-06
531,-0.9341057449153418,0.3502946281944026,4982,-7.01368333195804e-06
532,0.05792639090550043,0.9538093245619927,5611,3.7144194420449075e-07
533,0.09539675498833153,0.9240046880519903,3828,1.3876265143898424e-06
534,0.10477906732997548,0.9165547021390574,5868,5.82317292402891e-07
535,0.41874459996110025,0.6754191716738038,5493,2.6441824998304605e-06
536,-0.46160722036797075,0.6443818184256236,5341,-3.930539279218874e-06
537,-0.650634441772686,0.5153162647114802,4427,-9.455343894546732e-06
538,-1.269956906245952,0.20415968715007238,4950,-1.0513272701831593e-05
539,-2.057664124532285,0.03966833045576723,5631,-1.7327768393238254e-05
540,1.2570176678138767,0.20881673926077315,4225,1.1244350653379923e-05
541,-0.3874960972908242,0.698409077828861,4103,-5.292580402652753e-06
542,-1.9099552526065435,0.056192958904261125,5295,-1.5005837507566095e-05
543,-0.40112987276261985,0.6883392267063759,5824,-4.211372814742336e-06
544,-0.37221079140495933,0.709751692704103,4999,-4.949155088495393e-06
545,-1.6576425594108086,0.0974615917424857,4360,-2.2580786155182352e-05
546,-0.5733364439479831,0.5664382413843994,6046,-3.1048742646360658e-06
547,-0.3144475781557446,0.7531941874049406,5023,-2.349000302225861e-06
548,-2.11354461995394,0.0346106262897703,4377,-2.0721450229385766e-05
549,-0.10370341483737835,0.9174090436354891,4807,-9.218924793037346e-07
550,-2.030207244828024,0.04237913188792364,6052,-1.3934159610803357e-05
551,-1.1853878022388347,0.23592860632116208,4371,-1.6569747012987343e-05
552,-1.2329415013634424,0.21765477666485222,5069,-9.865545536764947e-06
553,-1.8727716503387568,0.06115621752196865,5180,-1.8629352610476117e-05
554,-0.7770842428339254,0.4371411262402911,5735,-6.762634479566215e-06
555,-0.28401601945105476,0.7764128523370277,3988,-2.9310235636356635e-06
556,-1.0580845976508766,0.2900672448602455,5075,-8.012914761518968e-06
557,-2.0721464235679035,0.03829997035693733,5308,-1.6334000148114153e-05
558,-1.0437074326940525,0.29667846201244763,4374,-9.605116464073085e-06
559,-2.014339148780501,0.044042464732556796,3901,-2.409116325564202e-05
560,-0.5674821176095414,0.5704139332065274,4674,-5.567793718765619e-06
561,-0.6322871497779894,0.5272232512886044,6026,-6.109854233362822e-06
562,-0.840331328947552,0.40076153775675927,5166,-9.540738097437628e-06
563,0.22849138736754965,0.8192766995556844,3754,2.88196540404254e-06
564,-0.8283515916777848,0.40750711595264955,5538,-6.003833159019597e-06
565,-0.4794789294537677,0.6316211572082486,4520,-6.574757565000352e-06
566,-1.7128169118138294,0.08682044016278301,4178,-2.3119225178917325e-05
567,-1.4917872567842132,0.1358167880036789,5100,-1.760126269931026e-05
568,-1.0907228385449619,0.27544583669827594,5156,-9.127119098119265e-06
569,-0.14362486510452163,0.8858023218024083,5153,-1.217528189399905e-06
570,-1.3670727890641918,0.17165460911509856,5897,-8.322433967297913e-06
571,-0.41208038714624107,0.6802988476090173,4816,-4.211058675142167e-06
572,-0.6320628901254534,0.5273844172013549,3741,-7.255134706410149e-06
573,0.1889230411843603,0.8501634017975468,3735,2.116316012470317e-06
574,0.38505051937113977,0.7002146387070649,5590,2.2834574242878556e-06
575,-0.7904113911887479,0.4293224875903494,5366,-6.459790985489018e-06
576,-0.32543079022128213,0.7448690242920586,4875,-3.4597737553647964e-06
577,-1.081911720302419,0.2793452588878931,4877,-1.198072134455816e-05
578,-1.257291945481309,0.2086983982889843,5820,-7.7113482574973e-06
579,-2.6945994457514706,0.007065532046182099,6470,-1.541305498469977e-05
580,0.294488987578562,0.7683978516092302,4504,3.507701624220931e-06
581,-1.5422176866037904,0.12308808284219697,4697,-1.0930704515267048e-05
582,-0.7449693403990797,0.4563291591858005,4501,-9.066626241587928e-06
583,-0.5497201809516659,0.5825352850023315,5122,-3.906314347731786e-06
584,0.6552807287190403,0.5123208904070671,4452,7.569380770052093e-06
585,-0.12989367628261486,0.8966554842400654,5293,-1.5221908456541982e-06
586,0.13208279332191272,0.8949231689837613,6091,6.754335224510375e-07
587,-2.596369165527041,0.009449883516351898,4855,-2.78190868390939e-05
588,-0.6680285514944209,0.5041505098791195,4388,-6.669983830316223e-06
589,-2.2981664298857707,0.021595206706700232,4790,-2.7743515516597562e-05
590,0.12672116687225773,0.8991658515666399,5354,9.491813180939508e-07
591,-0.23852180707235626,0.8114866219213503,4784,-2.39036535472658e-06
592,-0.7908738035081817,0.42905301785302496,5302,-9.130664646700542e-06
593,-1.8717536225927427,0.061289556685940605,5971,-1.3841275916125397e-05
594,-0.8565783819954077,0.39171447170924134,5619,-7.650234212574861e-06
595,-0.9928051375197287,0.3208581639016246,4513,-1.1846641428816565e-05
596,-0.22312209011106499,0.8234520234702389,3951,-2.227598090847202e-06
597,-0.564610562115455,0.5723612694582634,5607,-3.2552649005039873e-06
598,-0.6594399053167972,0.5096413255394414,5424,-4.547016564291366e-06
599,0.5001196027073038,0.6170143934454859,4678,5.60738166445881e-06
600,-0.8226740437608825,0.4107411642246688,4106,-8.927440871489636e-06
601,-0.34458278675322107,0.7304212471055791,5491,-2.2007365704699545e-06
602,-2.505843742935027,0.012248146759202161,4898,-2.2689481989505266e-05
603,-0.16851645419711156,0.866184273017589,4687,-1.210425623647007e-06
604,-0.04512700590081533,0.9640074936101435,6356,-4.183959975359493e-07
605,-1.7394603478945412,0.08202156419897366,4543,-1.6611303365968235e-05
606,-1.1446779506456557,0.25240159234421955,4644,-9.338129982711436e-06
607,-3.449860969249396,0.0005658703100603901,4642,-3.979729651413815e-05
608,-1.8648721373882025,0.06225294643459067,5460,-1.2887133506037213e-05
609,-1.8635961814278026,0.06243285342963967,5383,-1.1945897487591266e-05
610,-0.6964675362238707,0.48616458525228134,5680,-5.008146904272065e-06
611,-1.2497421632490253,0.21144786077440214,5406,-9.618191224060046e-06
612,-1.4615306892601885,0.14393346398024964,4941,-1.1548091527883825e-05
613,-1.4687846803865692,0.14195342491272944,5056,-1.0044302622243539e-05
614,-0.8974726585889339,0.36952241162667177,3883,-9.56256463054018e-06
615,-0.8694336212370911,0.38465144362897696,5036,-7.96135958467953e-06
616,-2.159363680700472,0.030873323969768274,4616,-2.4272130973697397e-05
617,-1.0491852685058567,0.2941528680503862,4226,-1.0433475560455681e-05
618,-0.2262414956892727,0.8210284324038308,3118,-2.760727235886341e-06
619,-1.6517999515873443,0.0986468896044479,4389,-1.3154584003821844e-05
620,0.1700831458593275,0.8649521551276078,4646,2.1778139466101527e-06
621,-1.9765330539293802,0.04815181665349333,4782,-2.3223905339443558e-05
622,-0.7480343707267324,0.454473430722405,5174,-8.771884922152663e-06
623,-0.5040200664692253,0.6142735067200458,4234,-6.588109595260733e-06
624,-0.35714428086765654,0.7210001187399313,4618,-3.840174869545201e-06
625,-1.1921585219872795,0.23326914859429104,4039,-1.7276621227147142e-05
626,-0.7319832483319899,0.4642235672470787,3832,-8.503819885242456e-06
627,-0.8772475030246922,0.3803942827345983,5011,-9.053575303031765e-06
628,-0.8490315923643115,0.3959036649486998,5088,-6.8706986103220825e-06
629,-1.4306679635566004,0.15257983369165373,5741,-1.4202906270579751e-05
630,-0.2358343555267177,0.8135706500049913,5116,-1.5133298051045313e-06
631,-1.465486534849269,0.14285887321379342,4451,-1.4402932793042245e-05
632,0.3061523032061992,0.7595031479745362,4408,3.9221868743855075e-06
633,-0.8674274230541746,0.38574623497102767,5425,-6.167802523498646e-06
634,-1.1139572035518803,0.2653434693480803,5831,-6.862027425711171e-06
635,-0.5006875521623578,0.6166138574436077,4829,-4.63949319533308e-06
636,0.5939556373707137,0.5525672350731776,5280,3.637514511078876e-06
637,-0.6841127131162401,0.49393600661235126,4953,-6.894626324958557e-06
638,-0.10384845784932722,0.9172930323378798,6087,-1.0694181747283852e-06
639,-2.21183845241622,0.027023828002106454,4898,-1.5497258689787735e-05
640,-2.6381324653024047,0.008358527895055312,5837,-1.626852224398276e-05
641,0.2341822435841998,0.8148564490870149,3703,3.6032416529403734e-06
642,-0.0065004730799283405,0.9948136513773809,5360,-6.874338924073687e-08
643,-0.20043657927260533,0.8411463563802104,5660,-1.6068544036324282e-06
644,-0.6780320612849977,0.49778825957615336,4253,-6.2487765633723015e-06
645,-1.5271507602564711,0.12679303506836948,4551,-1.8523139623851965e-05
646,-0.2420165678892334,0.8087768966826145,5186,-1.7024794577373027e-06
647,-0.974067213425951,0.3300753500240483,4516,-1.0217257587447309e-05
648,0.043347430559493874,0.9654263260555451,4965,4.1389380946238577e-07
649,-0.6004955664760862,0.5482045793959847,4765,-7.3974087079209705e-06
650,-1.2761594720726765,0.20194579622920128,6355,-6.770442914635214e-06
651,-1.0400511410289275,0.29837179514998113,4519,-1.0348895202979084e-05
652,-1.0598231796403872,0.2892863138968027,4179,-8.27976728616124e-06
653,0.6587569165105893,0.5100818158463909,5067,6.195674240890773e-06
654,-2.1437874195413467,0.03210427710813124,4425,-1.686743778832228e-05
655,-1.9653408801305945,0.04942609774661566,5388,-1.1638494640980672e-05
656,-0.07487826011317555,0.9403145771883308,4988,-4.953707787424454e-07
657,-2.3182896985191803,0.020477831978168215,4537,-2.242339493296722e-05
658,-1.9633146037444686,0.049663560548816266,5132,-2.3214235589673734e-05
659,-0.6715106189961927,0.5019260975751698,5037,-7.557858695792973e-06
660,-0.3918304759585038,0.6952022634489992,4445,-3.0983434101094165e-06
661,0.13556058135530688,0.8921749487919559,4346,1.2926182652318338e-06
662,-1.82788345976522,0.06763032465088115,4707,-1.9346486276865e-05
663,-0.02159490155675392,0.9827720761965473,4417,-2.2879371547720698e-07
664,0.006191300756074227,0.9950603353696363,4999,6.853968549592874e-08
665,-1.7230059653108776,0.08494474863969526,5396,-1.3722255393068981e-05
666,-0.16991908165429095,0.8650793842796904,6128,-1.3991602791849972e-06
667,0.5938764320189095,0.5526229542941974,4766,5.3386938764364156e-06
668,-1.3065538236028553,0.19141857325201683,5536,-7.198372521511738e-06
669,-0.9578077751801927,0.33821213110878223,4417,-1.2497607569321779e-05
670,-1.6915372462125982,0.09079942417481734,4781,-1.23513295335718e-05
671,-1.1014245006026144,0.2707649329127917,5004,-8.694494562850649e-06
672,-0.28442836753180606,0.7760935420811221,5158,-3.3610101861056894e-06
673,-1.108758964789458,0.2675886375782719,4897,-8.335911314982897e-06
674,-1.2158155821906722,0.2241177481893204,4588,-1.4937647812808638e-05
675,-0.3582747206675247,0.7201511522068977,5637,-2.161242416811522e-06
676,-0.05806611098457177,0.9536984681672289,4642,-7.554138341776978e-07
677,-1.9116000130624937,0.055995210615109814,4219,-2.35250463369736e-05
678,-0.8841273157414363,0.3766654246816761,5604,-8.170674693991932e-06
679,-0.7911438767276753,0.4288959062377078,5232,-5.9769378377550395e-06
680,-0.01644604954323195,0.9868791884536248,5080,-1.918654001818502e-07
681,-0.45582919386966286,0.6485315018770259,5296,-3.6893089099969764e-06
682,-1.223478614113568,0.22120179394588035,5459,-8.661480731078067e-06
683,-0.037824438668256896,0.9698294202233353,4288,-3.1692876761135486e-07
684,-1.184680959896102,0.23619883861586555,5099,-9.396891114698444e-06
685,-1.8650609154546975,0.062241312047288,4277,-1.7875482792342225e-05
686,-1.5993037388463143,0.10980926132796642,5629,-9.965540085228161e-06
687,0.0012189152611108067,0.9990274944526625,5079,1.5058102571585996e-08
688,-0.6618073067047476,0.5081271193074239,4708,-7.227787337788461e-06
689,-0.001280730709158763,0.9989781740437504,5212,-1.1932358623070993e-08
690,0.5056967502210092,0.6130923762680411,4884,3.524403030230982e-06
691,-1.2788874986645575,0.20098538106773,6094,-9.69004974593385e-06
692,-1.2871845029564826,0.19810289645222556,4087,-1.2577500610021698e-05
693,-1.187070375631914,0.23526176566281576,4556,-9.950782575472855e-06
694,-0.9234802649067902,0.3558054063042917,4602,-1.0617083678039829e-05
695,-1.1376005527638766,0.25533682568078997,5506,-1.1359626419263989e-05
696,-1.2778473971558595,0.2013751441152467,4126,-1.8885336576677353e-05
697,-0.053186576618631035,0.9575856576392419,4415,-6.708176845008588e-07
698,-0.23215275638614444,0.8164327366961692,3555,-2.7208686151314e-06
699,-1.403828684912424,0.16042740689453572,5398,-1.2207411927384388e-05
700,0.2580368103267942,0.7963879014668658,5648,1.5341391306326175e-06
701,0.2676482625278118,0.7889803337455863,5383,1.6480238724575455e-06
702,0.5866941556862487,0.5574291027138139,6633,3.196204276812201e-06
703,-0.9810690526718472,0.3266003943943332,5692,-8.791001344636e-06
704,-1.086892259706533,0.2771390146798649,4800,-1.2749186987351644e-05
705,-1.0214422695992829,0.30709616821523866,4825,-8.03812936342386e-06
706,-0.60705080729702,0.5438472082433274,4593,-5.761037416191618e-06
707,-0.4908237768552742,0.6235794411825477,3800,-5.175025990500429e-06
708,-1.3478276068562616,0.17776029362042944,6573,-7.678482300234986e-06
709,-1.513733577819739,0.13014952797185586,5634,-1.0523985043782539e-05
710,0.41210672163260437,0.6802802230114433,4645,4.4516884600236036e-06
711,-3.07769685137035,0.002095937864619035,5724,-2.4851481588671248e-05
712,-1.0345761052146456,0.3009136095395857,5359,-6.219141714827811e-06
713,-0.5831112409359475,0.5598460235429168,4764,-6.621981110653721e-06
714,-0.7808720553930023,0.4349159628714172,4838,-8.376298490338424e-06
715,-1.2923528303597387,0.19628636257740872,5813,-7.055498040651302e-06
716,-1.3481282062238875,0.17768075099181146,4802,-9.758600628819359e-06
717,-0.2002134039749937,0.8413227721142884,4481,-2.1931145296455262e-06
718,-2.666740644867584,0.007681734213794256,5443,-2.49824051332899e-05
719,-2.349102441999087,0.01886195124284029,4479,-1.9809056605775754e-05
720,-1.8068405691697522,0.07083924909439876,5767,-1.3257604968497532e-05
721,-1.9401256099703665,0.05241601059028356,5444,-1.530084065862103e-05
722,-0.4544086219072491,0.6495519394296665,5738,-2.7435974963807562e-06
723,-1.0739804559100172,0.28288555080833655,4790,-1.2682489345331009e-05
724,-2.7268129137896313,0.006418982305834264,4638,-3.2398188316424145e-05
725,-0.9230416129909225,0.35602598080798575,5505,-6.185127166368765e-06
726,-2.1139152115881243,0.03457366468890788,4828,-2.297074993679377e-05
727,-0.40093269014374067,0.688486427707192,5116,-3.7415762786916867e-06
728,-0.11712334156686972,0.906766800121062,5243,-1.4663874950809955e-06
729,-2.23209221050587,0.02565634956953744,4648,-2.4785616577314014e-05
730,0.9016518869741978,0.36728588277010754,4929,6.191186460247434e-06
731,0.9406960878339197,0.34690205753907044,5485,5.834171829239201e-06
732,-0.8006148570441534,0.4234029686648344,3937,-9.826617603108116e-06
733,-0.41659637348294554,0.6769887659434439,5921,-2.2535748298881547e-06
734,-0.17986634209369806,0.857264700207848,5062,-1.2302773686348048e-06
735,-1.5392448033714043,0.12380677670395812,5085,-1.7553609149519935e-05
736,-2.484090012275662,0.013021273004109268,4929,-2.7536198320538365e-05
737,-1.4983311509103754,0.1341248816375793,4066,-1.9876391777856156e-05
738,-0.29961658973081806,0.7644813420769441,5317,-2.359759872701243e-06
739,-1.7521635383483185,0.07981259354128545,4582,-2.1350534668822868e-05
740,-0.49645025551290295,0.6196016658732693,4385,-6.951872524345621e-06
741,-1.8528447242072053,0.0639612906596565,5196,-1.3564801698468996e-05
742,0.3706385440944767,0.710920179928249,5855,3.904899274363027e-06
743,-0.5578144408238891,0.5769982394212461,4602,-5.215241241321989e-06
744,0.06443067596418857,0.9486299761731747,4822,7.754612297190886e-07
745,-1.9175982670542906,0.05522412619699946,4579,-2.360451408607075e-05
746,-1.7789420545962256,0.07531382271248854,4705,-1.8553928984533095e-05
747,-1.3869918101940462,0.1655138828082514,4441,-1.3919701227628564e-05
748,-0.6962529186579117,0.4862968199616329,6138,-3.6322293684883792e-06
749,-0.934138801384274,0.3502743942440363,5359,-9.514369570024458e-06
750,-0.9665410717854237,0.3338236949964979,4658,-1.1271066872752164e-05
751,0.4986016180059805,0.6180854089010466,4328,5.032888651991039e-06
752,-1.426208412249953,0.1538664635406526,5358,-1.0064136363885894e-05
753,-3.0265430044427295,0.0024866291538558905,4864,-2.994602729667721e-05
754,-1.5156225532342544,0.12968408763758688,4564,-1.5436182178812762e-05
755,-1.1128233955265687,0.2658432813515763,4535,-1.150557737023114e-05
756,-3.0002800532450005,0.0027106067549256263,5006,-3.624655097827786e-05
757,-0.5439247362726033,0.5865179474926936,4914,-4.507315547180175e-06
758,-1.5409325870885948,0.12341372383827776,3930,-2.4543652367087165e-05
759,-0.3098893073583525,0.7566601790133185,4293,-2.3935180044361086e-06
760,-2.2122941910108946,0.026992134866157036,4918,-1.7890086749596594e-05
761,-1.2819652456656647,0.19991832654170905,4682,-1.3589535428046563e-05
762,-0.6019163194337532,0.5472530638702429,5877,-3.389077321815421e-06
763,-0.5462882701059943,0.5848904255747516,5387,-5.869843987057527e-06
764,0.36112603356690764,0.7180223562377201,4456,4.5315926745589675e-06
765,-1.6406514497210003,0.10092572882214879,5623,-1.3613084576501073e-05
766,-0.18832843271107222,0.8506264837935664,5246,-1.5176901487919056e-06
767,0.26399522769949246,0.7917976416650059,3874,2.7304274937029317e-06
768,-0.016002955293648428,0.9872325798284685,5850,-1.6235159912224972e-07
769,-2.4107753743248685,0.01595200853129275,5374,-1.8829486536391086e-05
770,-0.8488371796476215,0.39600926912822043,5438,-7.762972733891084e-06
771,-0.01940746773187767,0.9845167585300141,5490,-1.347543781421927e-07
772,-1.0333670740377745,0.30148284707960027,4930,-1.3465839477805786e-05
773,-1.5215695359118393,0.12819077901179998,4285,-1.8086895427960463e-05
774,0.7601989065034929,0.4471690537945996,5374,5.921558298277506e-06
775,0.016041569592247385,0.9872018891326177,4843,1.4870652592929756e-07
776,-0.9452082825056507,0.3445977547654877,5053,-7.5391358161604465e-06
777,-0.9333670297459382,0.350675369483072,5023,-6.651050966905754e-06
778,-0.9011754332562362,0.36754789247573694,4108,-7.946755858642904e-06
779,-1.2764777596029775,0.201846385708919,4966,-1.2494854092414668e-05
780,-0.4577540899890477,0.6471502425121631,4710,-3.6756790228214146e-06
781,-0.687217086963814,0.491981133639694,4529,-8.645153921634378e-06
782,0.1399111408261814,0.8887350627037898,5794,8.234025875081061e-07
783,-1.3658327799870755,0.17206488552406118,4184,-1.8260904423358198e-05
784,-0.8369632044588253,0.4026612011444095,4172,-8.358969943490163e-06
785,-1.9028398863498053,0.057122115609328006,4730,-1.4526417412958142e-05
786,-1.479431849969743,0.13910014522678482,4189,-1.9509050624429818e-05
787,-0.2374971013229365,0.8122821205996975,4443,-2.175362843494934e-06
788,-0.9596018082531446,0.33731384640741746,3988,-1.0118355715118528e-05
789,-1.2296807917890917,0.2188652998237195,5949,-6.431209315530813e-06
790,-0.23514532204401,0.8141066469235598,4499,-1.747091524881797e-06
791,-0.29693587621496637,0.7665265176944212,5581,-1.7154422661737814e-06
792,-1.2618907780780881,0.20704061735916923,5604,-9.483332090235357e-06
793,-1.5790609705032372,0.11440623466745237,3759,-2.0906974987975632e-05
794,0.07257033688374218,0.9421510308097494,4841,9.18543079742043e-07
795,-1.7109483478778007,0.08715403148683665,4894,-1.9470630149132847e-05
796,-1.1284491585534575,0.25918794758703845,4695,-1.3953949683920103e-05
797,-1.4799861601490603,0.13893694278037327,5251,-1.4447860478654766e-05
798,-1.0186876661469175,0.3083984168888292,5228,-1.0569138911802732e-05
799,0.3960454394402857,0.6920916489273492,4196,4.47795420335017e-06
800,-0.17640169817381138,0.8599854835267404,5023,-1.4829279237951464e-06
801,-1.6879005857757727,0.09148648960379901,5552,-1.2741656803477563e-05
802,-2.846147683233109,0.004440395890561888,5915,-2.354389829589215e-05
803,-1.1947551658818913,0.2322424922943931,4740,-1.1098778302622845e-05
804,-2.1981471710753504,0.027979535669318656,5582,-1.7407401357093205e-05
805,0.33666139386493715,0.7363856511090519,5241,4.168277170838931e-06
806,-1.6907138613333819,0.0909545753990233,4939,-1.537844645572526e-05
807,0.16294814051416945,0.8705651347382837,5612,1.892324703456903e-06
808,-2.642564309282341,0.008257613169979416,4344,-2.6155207226197905e-05
809,-2.0964114988141955,0.03609345371212003,5250,-1.4425555934794297e-05
810,-0.764183871495308,0.44479447282009343,4901,-7.760913009525505e-06
811,-0.9511371770094385,0.3415737316170646,5897,-6.307135659481188e-06
812,0.3776247014435238,0.7057267511201335,4623,2.9453918339373204e-06
813,-0.38519424310953715,0.7001141907873636,3962,-3.258326834339028e-06
814,-1.0663366352716968,0.2863288152202863,4492,-1.0306422964079082e-05
815,-1.8231259294729631,0.06833855766326424,5503,-1.2358972491351697e-05
816,-1.9287226168346525,0.053818839457282275,5282,-1.5146882896578616e-05
817,-2.58500684928757,0.009769307450562481,4441,-2.3749798757923914e-05
818,-1.7456262993730542,0.08095280237391345,3995,-2.0052396222696536e-05
819,-0.421277560901061,0.6735706130381556,4976,-3.0299978824265323e-06
820,0.11252671542991662,0.9104112413084648,4143,1.2344509710519254e-06
821,-0.8755780130325811,0.38129488606615847,5941,-6.706433945432454e-06
822,-0.41165002360141656,0.6806122771336303,5408,-2.9105781874390764e-06
823,0.6520652093487819,0.5143831812828834,6226,3.450902897793014e-06
824,-0.49441942582330617,0.6210378882422134,3895,-5.171430543091524e-06
825,-2.844487386965651,0.004467897006118715,4611,-2.937537443745878e-05
826,-2.1825747103622013,0.029110972941396307,5291,-1.9440942475440468e-05
827,-1.7625835398869703,0.0780386441892571,4500,-1.7318620623803843e-05
828,0.8081471997888595,0.41904455912259264,4967,8.182506999390108e-06
829,-1.0609509694179415,0.28876714311364005,4663,-7.655104609313332e-06
830,-0.5989149738403042,0.5492524709494511,5929,-4.069541704301278e-06
831,-2.0242608827630053,0.043004310537019697,4351,-2.1201758455649562e-05
832,-0.2939631769256974,0.7687992324210571,4626,-3.3651953353975355e-06
833,-2.793036012917488,0.005249379183566827,3575,-4.245732503729473e-05
834,-1.2893329738656336,0.19734715034972017,4603,-1.6901429338230183e-05
835,-0.8447924731715855,0.39826833641695325,4857,-6.087206915320858e-06
836,-0.9766390968888558,0.32879371970428806,5152,-7.319434117234012e-06
837,-0.5947868023460825,0.5520093253140459,5768,-5.048400714807549e-06
838,-1.0898896236442437,0.27583105822093046,3791,-1.089639992009669e-05
839,0.02437437777730027,0.980554945624615,5068,1.7438213803662303e-07
840,-1.123631222132721,0.2612142580696397,6028,-8.83199633972112e-06
841,-1.5254596739240767,0.12720482373963748,5242,-1.347625099996954e-05
842,-2.1504023892759507,0.0315745564379446,4673,-2.443326929124473e-05
843,-0.21166195722828435,0.8323796372869885,4865,-1.5618335954130357e-06
844,0.22103168476255175,0.8250758566056124,5576,1.7090173782789284e-06
845,-1.724219331269708,0.08472674217008502,5285,-1.2524075031302881e-05
846,-1.68002173122864,0.09302899279957955,4116,-1.9339264792676374e-05
847,-1.9607746015869794,0.049972386448504214,4134,-2.595437210541696e-05
848,0.19310618006689237,0.846882741475179,5661,1.3125276152774796e-06
849,0.21534321561642605,0.8295087580689118,4870,2.350989543081056e-06
850,-1.739738398486804,0.08197835657021346,4193,-2.22377938428552e-05
851,-3.0883630970734535,0.002022180778432414,5775,-1.8402551260435806e-05
852,-1.5728467334794702,0.11580705517654222,5999,-1.5588165798875785e-05
853,0.12103575725735925,0.9036705802365563,3092,1.7502831486245158e-06
854,-1.89584197954797,0.058044737877583685,4516,-2.2558206493054948e-05
855,0.32123808454260816,0.748040257003733,6529,1.990443136741039e-06
856,-1.402500487048251,0.16082643876914116,5124,-1.6749803411450132e-05
857,-1.545018912193576,0.12241656513721555,4227,-1.4649086606145063e-05
858,0.5488474866442695,0.5831341217364616,5106,4.905793371813029e-06
859,-1.424059885970116,0.15448668322738834,5423,-1.1965424850827807e-05
860,-1.2407621681676722,0.21474767272802087,5386,-8.440332036092513e-06
861,-0.09905758927692374,0.9210963394342007,5234,-7.146501357982429e-07
862,0.369055614287063,0.7121095049398267,3364,4.442486345730427e-06
863,-0.5965313802064286,0.5508520168376196,4258,-7.167351554123474e-06
864,-0.19247413960758913,0.8473825453819233,3335,-1.961332400059234e-06
865,0.7029307959186887,0.48213220409954394,4911,5.50774082037916e-06
866,-1.6043358577716123,0.10870290907549829,5024,-1.959256123214954e-05
867,1.2373933186554027,0.21600931402395784,4260,1.2922987543558672e-05
868,-0.66319037080675,0.507242812436697,4474,-6.424573651316561e-06
869,0.14785394481016778,0.8824634463064325,5510,1.2497843512657434e-06
870,-1.0229818642902808,0.3063710579048604,4530,-1.3792270494651976e-05
871,-1.7489040229124184,0.08037131469343972,4817,-1.5104564646303946e-05
872,-1.2006476631421512,0.22994655228367322,4850,-1.3433457790078349e-05
873,-0.1837091423843586,0.8542481640311539,5707,-1.3749928147695088e-06
874,-2.424385655332325,0.015364548353811625,5825,-1.985984121056787e-05
875,-2.274859344708439,0.022977792549399467,3325,-3.696364174306167e-05
876,0.10176660331492088,0.9189454658944263,5779,1.0767979530496538e-06
877,-2.209942471559411,0.027154665533228428,4960,-2.1689977643810374e-05
878,-1.4667270618580572,0.1425218650362694,4396,-1.644188629756513e-05
879,-2.2499183284638935,0.0244935230422334,5498,-1.6562470772809504e-05
880,-1.2129261483541067,0.2252176712607601,4807,-1.1574036071963882e-05
881,-1.1011278591384241,0.27088802083963537,5639,-1.0692948906919613e-05
882,-1.502763595551031,0.13297935329501298,3981,-2.243810687015062e-05
883,0.31130272171547546,0.7555845165237083,4630,2.5504732075671642e-06
884,-2.074816718098205,0.03805199575950691,5265,-1.5177979548697515e-05
885,-0.26941395338882945,0.7876285361400259,3198,-3.739615797061038e-06
886,-1.2017001409280077,0.229547111764842,4224,-1.1660110851631285e-05
887,-0.5885587101639086,0.5561807703064323,5674,-4.1427161114842105e-06
888,-0.2907484680753407,0.7712586351167352,4038,-3.5333497965869306e-06
889,-2.133934930858263,0.032900314688954824,4648,-2.475139684311466e-05
890,-1.2157229076164098,0.22413896309587722,5922,-8.204645912132702e-06
891,-1.2553218314988874,0.20942220770982067,4869,-1.2062099286116315e-05
892,-2.1095488251680163,0.03495509410333031,4285,-2.6416379171120977e-05
893,-0.8684665265031396,0.38519067808673024,4033,-8.711023951764954e-06
894,-0.039143592162610534,0.9687775039761544,4891,-3.147733207056698e-07
895,-1.6133479590001665,0.10674509152526634,4144,-1.6945004284777954e-05
896,-2.3275516512933767,0.019979544512478187,4553,-2.922259755435444e-05
897,-0.6219613731822907,0.5340020884558601,4073,-6.755126109498406e-06
898,0.45179326785607127,0.6514359052628773,5449,2.5989211134150606e-06
899,-0.2679989477291118,0.7887111594391105,5012,-2.1776871593465026e-06
900,0.4021004243937736,0.6876256662947786,5529,2.582626108564521e-06
901,-1.0283427392743356,0.3038472368447005,4245,-9.780739483207676e-06
902,-1.0104715722359834,0.3123199663909473,4837,-1.1407043843063251e-05
903,-1.8533415051894038,0.0638871383933346,5481,-1.2971300682163206e-05
904,0.18177979951976667,0.8557631565683439,4837,2.1844866126650498e-06
905,0.2796375679394781,0.779766204859933,5445,1.9058330906543274e-06
906,-0.5496790273771104,0.5825629164452999,5253,-3.463478425030115e-06
907,-0.8190524663265032,0.41279715964777064,4799,-5.8480764123286864e-06
908,-0.24071795509157567,0.8097839598425496,4821,-2.827035354447925e-06
909,0.574823581197586,0.565432179760653,5998,3.2430985173757975e-06
910,-0.9796321011187535,0.3273198942119655,4546,-1.0689621114439075e-05
911,-1.6178667059371763,0.10576499702848352,4282,-1.349476404835249e-05
912,-0.64063585914756,0.5218016716464877,3465,-8.685935433543294e-06
913,0.27362382749807596,0.784384373002061,5306,2.2507465521019665e-06
914,-0.6913249757684023,0.4893954188758971,4710,-8.796243251247052e-06
915,-1.8512962234376436,0.06420024153832626,4021,-2.0870324558830795e-05
916,-0.1828848206753971,0.8548948714979201,5724,-1.1790149650453675e-06
917,-1.7636853463634192,0.07784466040702442,5116,-1.8365940561022517e-05
918,0.5325457239980578,0.5943729139344971,4766,4.9980270629224066e-06
919,-0.9742793823244992,0.32996325392792425,5190,-9.789178355781383e-06
920,-2.1377146771534528,0.03260206488062667,3891,-2.315692175943997e-05
921,0.10757060031955554,0.914342446246311,3523,1.1005985657809179e-06
922,0.6433754785682755,0.5200151948071885,4252,7.71339403232735e-06
923,-0.000635565548483978,0.9994929195357956,4621,-4.87223545568111e-09
924,-1.2904070064551703,0.1969751246970406,4539,-1.1899219311827151e-05
925,0.7614740904150983,0.4464097970371441,5010,6.587944155020171e-06
926,0.4007800278409269,0.6885980142739303,5376,3.6580931571417063e-06
927,-1.0847611229926983,0.27808425437118167,4606,-1.2861880068061133e-05
928,0.6167014534398156,0.5374599781057623,4959,5.724261755664612e-06
929,-0.17188247064023643,0.863536875554354,5007,-1.5242658777820665e-06
930,-1.818662189588045,0.06902850754069823,4564,-1.7638425213228004e-05
931,0.04918028588466656,0.9607776882444616,4754,4.772984882836846e-07
932,-1.6785955594887916,0.09330719064965387,4096,-2.3243829538049682e-05
933,-0.4525738633699414,0.6508897462237979,2878,-8.010402646830202e-06
934,0.8003352954066845,0.4235579881845246,4590,6.686210436659249e-06
935,-0.8397247937703853,0.40110114343543213,5224,-9.535974782567023e-06
936,-0.7830931127536388,0.4336071106134325,5349,-6.610523521416998e-06
937,-1.1529060284472,0.24901038504050566,4487,-1.3848332077338023e-05
938,-1.4420535212816223,0.14936090711553396,4254,-1.695559562673409e-05
939,-3.654678397033467,0.000259888594103419,5540,-2.8111234814390174e-05
940,-0.6468092935546933,0.5177897322022047,4322,-7.726761067817973e-06
941,0.6757095732653253,0.4992534602468146,5502,4.595355444167657e-06
942,0.7842398066498323,0.4329370901617513,4931,8.519962280780071e-06
943,-0.7728693722019685,0.439647635289647,3811,-9.657529500465283e-06
944,-2.3428746354386547,0.019181003554024523,4316,-3.233902441502376e-05
945,-0.10532898283188014,0.9161189968594541,4994,-1.0631151122422648e-06
946,-1.977345971139228,0.04806299758046739,4536,-1.7794854001454426e-05
947,-1.6585517325876087,0.0972707512846327,4856,-1.6332196368464717e-05
948,-1.6207292740775592,0.10515512925655912,3971,-1.870973248097698e-05
949,-0.25308587851667597,0.8002103612143776,6114,-1.3863223762407128e-06
950,-2.388602441199325,0.01694732649563835,5309,-2.1803870485169984e-05
951,-0.9051479463335568,0.365437130983147,4352,-7.819492199284706e-06
952,-1.6513632093737778,0.09872897275624615,4866,-2.04202134281505e-05
953,-1.4332968301718947,0.15183047383769854,5443,-9.944859404530584e-06
954,-0.5200232118465183,0.6030741791496537,4299,-5.471964594212682e-06
955,-2.1411353780689706,0.032311855570257064,4947,-2.0170890082116673e-05
956,0.22455607505457267,0.8223327736783002,5641,1.5982178040374331e-06
957,0.002057363803360131,0.9983585583821262,4274,2.1681086745921653e-08
958,-1.3809263758589003,0.16735813782590991,5459,-1.058738990568833e-05
959,-0.9824612368770941,0.32592806026886345,4292,-1.0679524407370315e-05
960,-1.4043667443501846,0.1602711549226008,5052,-1.5009832013656084e-05
961,0.17424351144226555,0.8616808084215326,5252,1.3955570412191731e-06
962,-0.027583777478793568,0.9779950743633301,5771,-1.7310434930312727e-07
963,-1.0207669606230676,0.3074104962001589,5412,-9.595255931667791e-06
964,-0.893730127898278,0.3715193144589435,4058,-1.3394526563339336e-05
965,-1.3313010354794075,0.18315927908846463,4380,-1.1780011869439985e-05
966,-0.20449496544682552,0.8379741098867928,5637,-2.039376861620324e-06
967,1.320432008250055,0.18675210639672812,4932,1.7652173936201535e-05
968,-0.5032173921807003,0.6148311732229224,5617,-3.6077685485837876e-06
969,-1.2447013414398604,0.21329771133237507,5195,-1.3571779035975861e-05
970,-2.8054857491552605,0.0050407732416313245,5816,-2.113221463324407e-05
971,-1.2901236607751367,0.1970755076560653,4402,-1.6280249140477373e-05
972,-2.2978418771943945,0.021616148019977688,4531,-2.398596275963318e-05
973,-1.1588616938290914,0.24658574973534342,3782,-1.50486545328407e-05
974,-2.305745463878508,0.02116135053794488,5581,-1.5026551571966586e-05
975,-0.3617390766930377,0.7175641938384723,4452,-3.406801014655717e-06
976,1.063962898820035,0.287402430733944,4514,1.3262209961034545e-05
977,-0.7909239631321461,0.4290271738424396,4834,-7.918707572191786e-06
978,-0.4154246475766986,0.6778495736102119,4817,-2.8823249315400083e-06
979,-1.5755397143348278,0.11518389534539608,6087,-1.0222386193200682e-05
980,-0.2315977758781555,0.816860402669255,4755,-1.931226672114256e-06
981,0.19999359223825208,0.8414944638218373,4585,1.8456893287541232e-06
982,0.1461677979139205,0.8837938901701041,5936,8.685885294190982e-07
983,-1.1019207584096467,0.2705470730261723,5206,-8.048604628986826e-06
984,1.5749500101049203,0.11534384260964314,4171,1.2050589696417798e-05
985,-0.645109288349114,0.5188886427078447,4586,-7.431635631802636e-06
986,0.4784453934364148,0.6323566938305811,4459,4.308130598243526e-06
987,-2.0526547603862713,0.04016486509273909,4418,-2.019706237797619e-05
988,-0.15623812794073708,0.8758509738953137,5583,-9.30763172449098e-07
989,0.020073407646506544,0.983985561631632,5354,2.0956249440553124e-07
990,0.5136820627829428,0.60749852956967,4684,7.359016664158588e-06
991,-0.32879883076590055,0.7423226980577255,4606,-3.693722090784167e-06
992,-1.179664292741121,0.23818375620226528,5614,-9.97278823888546e-06
993,-2.012639119089332,0.04420750643863336,4875,-1.649436885667063e-05
994,-1.473659250697042,0.1406256277502349,6023,-8.27065250694579e-06
995,-1.583568430728628,0.11334620287842956,5831,-1.088098852319618e-05
996,-1.1992189309900374,0.23050692323605038,4434,-1.0027905632523683e-05
997,-2.24574698485295,0.02476346054134204,5031,-2.594174655562503e-05
998,-1.3813023990525732,0.16725234216786955,4653,-1.4174798513716422e-05
999,0.10233150152679572,0.9184972079954592,5613,1.0462740384656992e-06
1000,-1.1492736322598682,0.25050490493761757,4453,-9.009094627980164e-06
