edge_strength,seed,roll_window,raw_signal_corr,n_full,corr_full,n_nonoverlap,corr_nonoverlap,corr_ratio,wall_clock_sec,error
0.5,0,20,0.15158889953887422,975,0.011516182225265454,49,-0.11142813728321183,-9.675787956771703,8.962480306625366,
0.5,1,20,0.2119968876790868,975,0.07252809179865026,49,-0.12903905812700128,-1.779159701116012,8.980968952178955,
0.5,2,20,0.11381599830144631,975,-0.06152510039743746,49,0.09910597007446112,-1.6108217529798443,9.056567668914795,
0.5,3,20,0.16067389751515368,975,-0.014566005920215789,49,-0.10858451623497319,7.454652759976673,9.106233596801758,
0.5,4,20,0.1565182860823525,975,0.06443017358663218,49,0.4516338882375675,7.00966430938301,8.821266174316406,
0.75,0,20,0.23463989911853186,976,0.1000885680128777,49,0.256993057251484,2.5676564502193546,10.521865367889404,
0.75,1,20,0.3033260543880817,976,0.06133474028253903,49,0.11842259130574216,1.9307588286870936,9.985026359558105,
0.75,2,20,0.23916265038560977,976,0.06153848713616987,49,-0.06446558844484838,-1.0475653764806006,10.590392827987671,
0.75,3,20,0.25302722528515215,976,-0.01994520357153836,49,0.020475912938694846,-1.026608370541467,9.75075101852417,
0.75,4,20,0.31772534716679024,975,0.03800543089486906,49,-0.23350536240036557,-6.1439998679738705,9.646315813064575,
1.0,0,20,0.3069223504988911,975,0.03896701197279047,49,0.3396281089078851,8.715785268448027,8.86537504196167,
1.0,1,20,0.3670284621354436,975,0.0388471539538611,49,0.026974810318944137,0.6943831805795146,9.116142988204956,
1.0,2,20,0.27315878833799573,975,-0.007534968940737794,49,-0.026281533838573918,3.4879418940246536,9.155403852462769,
1.0,3,20,0.32526490358539617,975,-0.03920694488300047,49,-0.22123587663322644,5.642772659115067,8.970881938934326,
1.0,4,20,0.31263210187755935,975,-0.017018238123991936,49,0.11073888449600988,-6.507071042794533,9.730319499969482,
1.5,0,20,0.38488558999457884,977,-0.09555248931673906,49,0.033675247944871506,-0.3524266943296915,13.165522336959839,
1.5,1,20,0.3440133149765519,977,0.02530851880426834,49,0.04951403235767872,1.956417629202704,13.285700798034668,
1.5,2,20,0.4186452783755557,977,0.013974049904680031,49,0.013998333061298378,1.0017377322096306,13.410009384155273,
1.5,3,20,0.3837082730924907,977,0.05894809796284437,49,0.1724011101098306,2.9246254937436134,13.65406584739685,
1.5,4,20,0.39922982065813556,977,-0.03137336007635092,49,-0.014233641064416172,0.4536855800518931,13.25752592086792,
2.0,0,20,0.4809567148063773,976,0.289433970784129,49,0.49611547380750776,1.714088613936509,10.913107633590698,
2.0,1,20,0.41559491492309514,976,-0.32663792304798855,49,0.012057314284766559,-0.03691339380392502,10.968767642974854,
2.0,2,20,0.45239880122852205,976,0.1373705012626105,49,0.6858509308990451,4.992708948392838,11.099196910858154,
2.0,3,20,0.44838542716911367,976,-0.04437205276447656,49,-0.02827532814102957,0.6372328161402141,11.027687311172485,
2.0,4,20,0.46998137681885355,975,0.03031282992470851,49,-0.010229563677325193,-0.3374664689088266,10.7323317527771,
3.0,0,20,0.48589447670196195,977,0.049410423914744775,49,-0.649530690051111,-13.145620672509182,16.129003763198853,
3.0,1,20,0.4884475868128499,977,0.028499300688086076,49,-0.08508791666010103,-2.985614194234296,16.122145414352417,
3.0,2,20,0.47624522072944775,993,0.14904372664625726,50,0.8824776806366679,5.92093139707352,16.716780185699463,
3.0,3,20,0.4680714208779686,977,0.0029172325013325957,49,-0.005736511258724371,-1.966422373295212,16.018768310546875,
3.0,4,20,,,,,,,,ValueError: Raw trades have zero or negative total dollar volume
5.0,0,20,0.5011529550910756,977,0.04253151786761091,49,0.2804323046026194,6.593517435129618,16.332299947738647,
5.0,1,20,0.4998035636339022,976,0.056502013308232214,49,0.034256053494635494,0.6062802277108321,16.214559078216553,
5.0,2,20,0.49591928300839505,1013,0.0013422780411685238,51,,,16.273313999176025,
5.0,3,20,0.4868715879560857,967,-0.00474538537688754,49,0.014262910362492104,-3.005637947122228,15.549878597259521,
5.0,4,20,,,,,,,,ValueError: Raw trades have zero or negative total dollar volume
8.0,0,20,0.49916541267700015,1083,0.09249499251822452,55,0.06848665086895774,0.7404363090841231,22.56957745552063,
8.0,1,20,0.5017667603796048,1026,-0.013218765692388734,52,-0.43095027049073514,32.601400200237535,22.408643007278442,
8.0,2,20,,,,,,,,ValueError: Raw trades have zero or negative total dollar volume
8.0,3,20,0.4814631907919792,977,-0.002118173695241573,49,0.019714009894392547,-9.307078989168641,21.310788869857788,
8.0,4,20,,,,,,,,ValueError: Raw trades have zero or negative total dollar volume
0.5,5,20,0.13418393969444292,975,0.015362474789763825,49,0.1450537307361088,9.442080961640347,7.24750828742981,
0.5,6,20,0.1455394276666769,975,0.08386659963392261,49,0.01200133553178595,0.14310029957303305,7.390313625335693,
0.5,7,20,0.12913315271245557,975,-0.02700654039088608,49,0.1176830090717738,-4.357574401180552,7.124021053314209,
0.5,8,20,0.11086266504564424,975,-0.02168309151660159,49,0.07765450165510004,-3.5813390168853054,7.24580192565918,
0.5,9,20,0.1412605881620003,975,0.0512766597076888,49,0.27787955756773297,5.419221126177719,7.229461431503296,
0.5,10,20,0.14206010555986698,975,-0.033942846737007815,49,-0.18326384488512426,5.39918900453662,7.236773490905762,
0.5,11,20,0.16420861795216765,975,-0.04372601726339222,49,0.010579281360864595,-0.24194477391202185,7.461395978927612,
0.5,12,20,0.19561787080017967,975,-0.027597854492589818,49,0.07865827424128745,-2.8501590318337118,8.599498748779297,
0.5,13,20,0.17347657414553455,975,0.06198193302525583,49,-0.2444653059493674,-3.944138138604921,8.421340465545654,
0.5,14,20,0.18627014797359628,975,0.021275530531732187,49,-0.012084886801648502,-0.5680181175094104,12.873489618301392,
0.5,15,20,0.19944300817182145,975,0.006529878766165054,49,-0.09964944793906398,-15.260535686420914,10.772417306900024,
0.5,16,20,0.13923319574943338,975,-0.0018150724357287817,49,-0.03177743385229252,17.507529301183705,11.404882431030273,
0.5,17,20,0.17024023747860387,975,0.04035186766121658,49,-0.1480376109051491,-3.6686681307550133,10.417076587677002,
0.5,18,20,0.21486296997431226,975,0.03154933548781005,49,0.1877995408076131,5.952567238069867,9.949213027954102,
0.5,19,20,0.18243556917898346,975,-0.035604706335660936,49,-0.19002652560588917,5.33711818360267,8.809442281723022,
0.5,20,20,0.22565928611263905,975,0.032202758561189114,49,-0.08977969299099853,-2.7879503807230153,10.023336172103882,
0.5,21,20,0.1443428548837199,975,0.01575708558454275,49,-0.16207942745291293,-10.286129791153016,9.376407861709595,
0.5,22,20,0.1680349469628303,975,0.043199109643197786,49,-0.05280493660395202,-1.2223616884721322,7.932138681411743,
0.5,23,20,0.21326371669736416,975,0.035361620040825645,49,0.06164982009649342,1.7434105118859815,7.863500356674194,
0.5,24,20,0.18240441354335066,975,-0.0005204114377329199,49,-0.33359517906450037,641.0219969756017,8.075562953948975,
0.5,25,20,0.18555581961201587,975,0.0013436482680821494,49,-0.025892247662134167,-19.27010831420291,8.583002090454102,
0.5,26,20,0.17970299924731692,975,-0.05124256858952114,49,-0.22231838457567862,4.338548802199226,7.8732006549835205,
0.5,27,20,0.1645945177840691,975,0.00333708473912361,49,0.1626984212793249,48.75465683321335,7.653377056121826,
0.5,28,20,0.17847437028695812,975,-0.010501640709019835,49,-0.09744994179053865,9.279496841559158,7.716358661651611,
0.5,29,20,0.1271985441579925,975,0.01542432359352537,49,-0.15769998801822438,-10.224110448799305,7.701661825180054,
0.75,5,20,0.2354687474739567,976,-0.03939582300632985,49,-0.11784798942511018,2.991382853105396,9.10511565208435,
0.75,6,20,0.2201446224108095,976,0.01881151518500087,49,0.10518750029325816,5.591654859207094,8.720097064971924,
0.75,7,20,0.21070672812142846,976,0.020041448098128616,49,-0.2501313698393215,-12.480703420960769,8.493100881576538,
0.75,8,20,0.27523314267617177,976,0.04521652611225266,49,0.13241467279255278,2.928457450796323,8.658905982971191,
0.75,9,20,0.30235406135392695,976,0.051167924562616714,49,0.07714327565508704,1.507649104678518,8.66083550453186,
0.75,10,20,0.244750545784804,976,-0.022386890712634937,49,-0.15554988069354822,6.948257473100426,8.81265115737915,
0.75,11,20,0.23749804733893676,976,0.009757130462483762,49,0.1361361697632802,13.952480218105595,8.568636655807495,
0.75,12,20,0.25305181885637934,976,0.03836757372820816,49,0.0589778036770505,1.5371783500005247,9.151895999908447,
0.75,13,20,0.29269286285638635,976,-0.009459885509167081,49,0.0905595423230423,-9.573006167493864,8.691013097763062,
0.75,14,20,0.27139644786058936,976,-0.0487820517301147,49,-0.23153266924035645,4.74626755187142,9.458298206329346,
0.75,15,20,0.2535633971133971,976,-0.037474288858185066,49,-0.0568212736362629,1.5162735669592862,8.99532151222229,
0.75,16,20,0.25858899686117365,976,0.020386761212472647,49,-0.335955031942833,-16.479078184194126,8.471393823623657,
0.75,17,20,0.25608340181284833,976,0.0742749446929724,49,0.4248159376748329,5.719505271001936,8.627034902572632,
0.75,18,20,0.30712074553031393,976,0.06914382581760649,49,-0.05672183783979003,-0.8203456659950487,8.813860654830933,
0.75,19,20,0.2490387350251085,976,-0.03364744516606551,49,0.17602566514870677,-5.23147193731767,8.474474430084229,
0.75,20,20,0.2935074250754689,976,-0.024266562330102777,49,0.07508877099722541,-3.094330790483556,10.175119400024414,
0.75,21,20,0.26847502209210655,976,-0.029418059266562623,49,-0.2826774639545434,9.608977308569175,8.757407188415527,
0.75,22,20,0.28848794403658223,976,0.030924632723655903,49,0.07242108010966888,2.341857403993359,8.825975179672241,
0.75,23,20,0.2600543406381654,976,-0.009816034251069325,49,0.11637051309854046,-11.855145379699898,8.546720027923584,
0.75,24,20,0.27197029594679434,976,0.051495653543820186,49,-0.07745069527168028,-1.5040239309862078,9.104087114334106,
0.75,25,20,0.27425083596758293,976,-0.006091047861568925,49,0.01575753935656962,-2.5869997600890318,8.868833303451538,
0.75,26,20,0.28395676187244023,976,-0.016770709918246116,49,-0.22287181912249593,13.289349121709924,9.827210187911987,
0.75,27,20,0.2310410300729583,976,-0.01253652416930849,49,-0.016902474554501053,1.3482584427892017,9.01956844329834,
0.75,28,20,0.27152357374363245,976,-0.03146659371241296,49,0.08285376483474159,-2.6330706650989484,8.79582667350769,
0.75,29,20,0.28675398618596915,976,-0.015287551983093582,49,0.08509417952097817,-5.5662397495088385,8.788179159164429,
1.0,5,20,0.3214856511230321,975,0.013280314549554402,49,-0.0899578988938217,-6.773777726284359,8.498779058456421,
1.0,6,20,0.3234148768202047,975,0.05909955860857611,49,-0.10119878332713737,-1.7123441479045518,8.842462062835693,
1.0,7,20,0.30683907711077824,975,-0.02837760645698557,49,0.12081458088816477,-4.257391512962661,8.22344446182251,
1.0,8,20,0.29636504487504844,975,-0.04144082817857909,49,0.05505629793998879,-1.3285520671241697,8.189759254455566,
1.0,9,20,0.30924363255107773,975,-0.004903178959186235,49,-0.003310031848045493,0.6750787347551451,8.517089366912842,
1.0,10,20,0.32053185514902927,975,0.11238825323186576,49,0.22678147490818112,2.017839661946816,8.470340967178345,
1.0,11,20,0.3235446666634709,975,-0.037752035757265025,49,0.2365669662331326,-6.266336675303861,8.2660973072052,
1.0,12,20,0.3653036076500308,975,-0.03741148764370647,49,0.024709685209706615,-0.660483898556314,8.104004144668579,
1.0,13,20,0.3484089166618885,975,0.02788220746480554,49,0.0042503765882793846,0.15244046202742176,8.185007333755493,
1.0,14,20,0.3520896268956188,975,0.06084056793487745,49,-0.021576740165698192,-0.354643963692014,8.417773485183716,
1.0,15,20,0.3609514224748962,975,0.04758622703531451,49,-0.02084748204823617,-0.4380990750278419,8.33555817604065,
1.0,16,20,0.32220123695590286,975,-0.01971280351903967,49,0.0296417144113632,-1.5036782760368743,8.15340256690979,
1.0,17,20,0.3330096241200431,975,0.019322998154334435,49,0.09510342213466792,4.921773597195879,8.328504085540771,
1.0,18,20,0.35753420169755046,975,0.012260360305604632,49,-0.1980911381565704,-16.15704051258723,8.198174715042114,
1.0,19,20,0.34874966793321893,975,0.019364707209722574,49,0.14293722758618663,7.381326556511071,8.571794986724854,
1.0,20,20,0.37070662264505566,975,-0.03958888962230939,49,-0.08934332220890308,2.25677767326305,8.195611000061035,
1.0,21,20,0.31134131136593796,975,0.026860107581030964,49,0.08882467782228906,3.3069367855033636,8.334033489227295,
1.0,22,20,0.3311378710188416,975,0.06841286896217275,49,-0.05151646702906257,-0.7530230468414848,8.309274673461914,
1.0,23,20,0.36293904190575565,975,-0.0461310515649832,49,-0.03294862387029391,0.7142396011476204,8.179120063781738,
1.0,24,20,0.3165313743751393,975,0.0621557255116848,49,0.32566849042334317,5.239557381759143,8.650857925415039,
1.0,25,20,0.3381293632838437,975,-0.05353989673993456,49,0.11950372314031016,-2.2320499369057285,8.22134017944336,
1.0,26,20,0.3311436032075809,975,-0.0516110113920694,49,0.19663738387634255,-3.8099889650013337,8.275692701339722,
1.0,27,20,0.32051376431363127,975,-0.026874079454755624,49,-0.016276738183082347,0.605666817741064,8.207217454910278,
1.0,28,20,0.34171761590725896,975,-0.073201013698166,49,0.17930833675320715,-2.4495335200214527,8.34325623512268,
1.0,29,20,0.304966136740275,975,0.04222679956716727,49,-0.05741088711453169,-1.3595841433166664,8.392905712127686,
1.5,5,20,0.40307326901512996,977,0.020665429120315673,49,0.2953525260812375,14.292107091591133,12.150160789489746,
1.5,6,20,0.40389457439351345,977,0.08378177920437203,49,0.3570093712978273,4.261181544342248,11.953115224838257,
1.5,7,20,0.422959987367342,977,0.00873458178198019,49,-0.16524011132380068,-18.91791907709857,13.040939569473267,
1.5,8,20,0.3899737295403345,977,-0.0024685033403817865,49,-0.13615708091844775,55.15774627122411,12.337458610534668,
1.5,9,20,0.40022230189530444,977,-0.018638637144948133,49,0.31608879107173665,-16.958793103465197,11.678001880645752,
1.5,10,20,0.4183179096750578,977,-0.020412353276333152,49,-0.1752140728382383,8.58372723939616,11.866516590118408,
1.5,11,20,0.39857463104188195,977,-0.0123760228277612,49,0.03018134626781314,-2.438695103253368,12.295349836349487,
1.5,12,20,0.4006026708165371,977,-0.029729028559418075,49,-0.2714556027681212,9.130994718699775,11.823337316513062,
1.5,13,20,0.3762869904090041,3204,0.06743712707474146,161,0.06007545200904226,0.8908364667204735,25.675393104553223,
1.5,14,20,0.3685733910612726,977,0.10073042192823632,49,0.16291396386168577,1.6173263324336222,11.984837770462036,
1.5,15,20,0.3813919329777795,977,0.14570989829819259,49,-0.169432409964985,-1.162806452710884,12.722305536270142,
1.5,16,20,0.38460657474553084,977,0.003035732551470609,49,,,11.954781770706177,
1.5,17,20,0.40958735432196686,977,0.04830463591797064,49,0.3076731131448042,6.3694324012147545,12.610191106796265,
1.5,18,20,0.43418764316502817,977,0.07747381298912039,49,,,13.0485360622406,
1.5,19,20,0.39570958121685607,977,0.06746162912706387,49,-0.2433266636547267,-3.6068898246797643,12.028884410858154,
1.5,20,20,0.3915744165914915,1156,0.11207240148462787,58,-0.08954254839112485,-0.7989705512235922,12.579971551895142,
1.5,21,20,0.39521285063821565,977,0.001808714632687728,49,-0.09516952259440213,-52.61721272911989,11.871889352798462,
1.5,22,20,0.44793368717878657,977,-0.024613309118071025,49,-0.030314644887531675,1.2316362965301055,11.86075496673584,
1.5,23,20,0.4320076030376114,47154,0.03776441791237324,2358,0.12602237659907364,3.3370665712759022,547.5590488910675,
1.5,24,20,0.3868902451836691,1030,-0.10482867891062422,52,-0.6508531322953437,6.208731609126295,13.064990520477295,
1.5,25,20,0.39609152666679454,977,0.08940670348713606,49,-0.14715055888241466,-1.6458559944958362,12.689011812210083,
1.5,26,20,0.422984542746972,977,0.050379544470030055,49,,,12.384582281112671,
1.5,27,20,0.40812074566858814,977,-0.030063644998879913,49,-0.1183622434753533,3.9370556524254843,12.813365936279297,
1.5,28,20,0.4200477842788046,977,0.04910680744234968,49,0.0917518905010042,1.8684148956072724,13.281102418899536,
1.5,29,20,0.4061197523580016,977,0.06439808352316634,49,-0.01226642547859303,-0.19047811374977255,12.44689679145813,
2.0,5,20,0.4433292521270149,976,0.04987920756664973,49,0.20778112952593222,4.165686258112468,10.42969536781311,
2.0,6,20,0.3941545625707421,976,-0.023043818890315926,49,0.025334682833624726,-1.0994133808381703,10.580849885940552,
2.0,7,20,0.45596274764950984,976,0.1519050074195363,49,-0.045869250926540935,-0.30196009799635976,10.69960069656372,
2.0,8,20,0.43596833686356407,976,0.04697379982242979,49,-0.26635519381297174,-5.670292691241646,10.439178228378296,
2.0,9,20,0.4306356191541611,1142,0.09688881162510023,58,-0.9604813066356641,-9.91323240037387,11.1580650806427,
2.0,10,20,0.4831747590325386,976,0.01850218301816542,49,-0.1734031633862984,-9.37203805713366,10.404518842697144,
2.0,11,20,0.4378027018987112,1048,0.021791675532330183,53,0.008578374277818357,0.39365372640077445,11.127816915512085,
2.0,12,20,0.41029095227679613,976,-0.029567390548339616,49,-0.34760707396535667,11.756433946954337,10.459957599639893,
2.0,13,20,0.43278551812456223,976,0.09650819966094445,49,-0.034121744309408245,-0.35356316281192474,10.631223917007446,
2.0,14,20,0.4277703010362589,976,-0.046976761778795055,49,0.2788605521840933,-5.936138244206708,10.553449630737305,
2.0,15,20,0.4617351485922277,976,0.06773635854629256,49,0.3802888286323088,5.614249670247785,10.726977586746216,
2.0,16,20,0.43759193979643757,976,0.05455484963949939,49,,,10.869240999221802,
2.0,17,20,0.3860050157584748,977,0.10368668133526762,49,0.4319156658308207,4.165584820235831,10.689532041549683,
2.0,18,20,0.4877244481168126,976,-0.05775624041150233,49,,,10.630632162094116,
2.0,19,20,0.4310438669290134,982,0.011626700494576432,50,0.050301408644588055,4.326370036628398,10.826188564300537,
2.0,20,20,0.46306475181520423,977,0.08203248109220528,49,-0.1503465934455342,-1.8327690622516124,10.396313190460205,
2.0,21,20,0.42822302047327876,976,0.09400946890000243,49,-0.010824718111512883,-0.11514497675789553,10.692437410354614,
2.0,22,20,0.4706004200395044,976,0.06739049984836694,49,,,10.836518287658691,
2.0,23,20,0.39546786045918764,6385,0.021179583035446165,320,0.019422828188148056,0.9170543232905953,45.03662633895874,
2.0,24,20,0.46849853196166374,976,0.1436294327743609,49,0.10566948608096087,0.7357091373253949,10.828142166137695,
2.0,25,20,0.4284882466896376,976,0.12098775672434724,49,-0.007817493967628432,-0.06461392606393587,10.414475202560425,
2.0,26,20,0.4304093780171381,976,-0.0035713441437519693,49,,,10.72036623954773,
2.0,27,20,0.3821078424794832,976,-0.02436771357838607,49,0.2219663942069174,-9.109036573862205,11.270967721939087,
2.0,28,20,0.4428485689769108,976,-0.18008553319270082,49,0.534959378362356,-2.9705849708089644,11.169661283493042,
2.0,29,20,0.45120265911220064,976,-0.0018954655609447592,49,-0.16720078445899436,88.21093239787288,10.796489715576172,
3.0,5,20,0.472129431775009,978,0.025343145462034377,49,0.3676689490981115,14.50762888327744,15.84291696548462,
3.0,6,20,0.47953692747243437,978,0.10088076938597311,49,-0.22238632583285467,-2.2044471625904967,16.005630016326904,
3.0,7,20,0.49283538946996786,977,0.10737265173015526,49,0.44828609957420307,4.17504916150174,16.089324712753296,
3.0,8,20,0.4567831380108984,978,0.12653187815035188,49,-0.7183066257361219,-5.676882665746824,15.78307819366455,
3.0,9,20,0.49463981384372163,977,0.08005702904141486,49,0.3143252496771422,3.9262667306144525,15.77762770652771,
3.0,10,20,0.4374848148739336,1019,-0.03126589229961825,51,,,15.879396915435791,
3.0,11,20,0.43182904064161043,977,0.1276714297007361,49,-0.08389201779329405,-0.6570931177784904,15.78969144821167,
3.0,12,20,0.4425451572932395,978,0.06071300336913939,49,0.13060759305799788,2.1512293217302134,16.050139904022217,
3.0,13,20,0.4927729870161622,978,0.01884898593347484,49,0.16978655804997317,9.00772904437479,16.430158615112305,
3.0,14,20,0.41456624861002206,977,0.06854132853884622,49,-0.048316107533200967,-0.7049193320759389,15.765463829040527,
3.0,15,20,0.4231710805490534,978,-0.01469549723806084,49,-0.3554481983574691,24.18755844728209,15.552174091339111,
3.0,16,20,0.47562026436988586,978,0.0475678052552809,49,,,15.954989671707153,
3.0,17,20,0.4955365483964221,978,0.05388976929164102,49,-0.330047306207386,-6.124489129304557,16.275912761688232,
3.0,18,20,0.48429455892600476,978,-0.050049739730573174,49,,,16.138598918914795,
3.0,19,20,,,,,,,,ValueError: Raw trades have zero or negative total dollar volume
3.0,20,20,0.4319928072956486,977,-0.019206147632404653,49,-0.55211433448553,28.74675052242135,15.657556533813477,
3.0,21,20,,,,,,,,ValueError: Raw trades have zero or negative total dollar volume
3.0,22,20,0.48868239715332734,978,0.0005571616048492921,49,,,15.366073369979858,
3.0,23,20,0.46007848684374364,977,-0.1239418821159902,49,,,15.597331762313843,
3.0,24,20,0.4970862333860443,2202,0.0013838597341686134,111,0.027370234620142413,19.778185566318058,25.54064679145813,
3.0,25,20,0.4728683585228347,977,0.1275949859816555,49,0.20699544017235416,1.622285065356049,16.71174693107605,
3.0,26,20,0.5061912904986428,1000,-0.3515807013947298,50,-0.028114984012071926,0.07996736993964416,17.132182836532593,
3.0,27,20,0.4806388102257188,978,0.002248448568974993,49,-0.16875197511037673,-75.0526284829838,15.625879049301147,
3.0,28,20,0.4917605228132072,977,0.1580253031521688,49,,,15.85878586769104,
3.0,29,20,,,,,,,,ValueError: Raw trades have zero or negative total dollar volume
5.0,5,20,0.48504139447129213,977,0.15254727373574808,49,0.9687583674075805,6.350545268253854,15.600703954696655,
5.0,6,20,0.49831441144994015,978,-0.09158111841648035,49,,,15.841805458068848,
5.0,7,20,0.5094175974708609,977,0.010883749533909871,49,0.5005504982453434,45.99063003846303,15.739156246185303,
5.0,8,20,0.4732096275290106,978,0.15044630671958442,49,-0.11225092242277898,-0.7461194951897524,15.724671602249146,
5.0,9,20,0.5118546836625086,977,0.13361250751424697,49,0.3975555346666205,2.9754365220952805,15.988444805145264,
5.0,10,20,0.4674066525420927,1259,0.0872111113143523,63,0.13311861509572148,1.5263951243081362,17.515920162200928,
5.0,11,20,0.4546890714875728,976,0.008062531982758856,49,0.040889341094413154,5.071526064250295,15.935749053955078,
5.0,12,20,0.46077095970899545,977,0.17251613991424597,49,0.13601129056128128,0.7883974834406192,15.848757982254028,
5.0,13,20,0.5131401561112614,977,0.17417670177398237,49,0.01981297634062,0.11375216167734072,15.574992895126343,
5.0,14,20,0.43490405087234507,977,0.04154759199287522,49,-0.3224570271624909,-7.761148401038197,15.602425575256348,
5.0,15,20,0.4460649021837621,978,-0.049065381191335786,49,-0.2207239508538539,4.498567941276495,15.75350570678711,
5.0,16,20,0.4936646872834907,978,0.13738961488865847,49,0.2992082120019102,2.1778080697321314,15.34214997291565,
5.0,17,20,0.5064461798527299,977,-0.07499760810680481,49,,,15.85447382926941,
5.0,18,20,0.4957363293580054,978,-0.055945700870156656,49,,,16.054477214813232,
5.0,19,20,,,,,,,,ValueError: Raw trades have zero or negative total dollar volume
5.0,20,20,0.45038172366180595,977,0.049415716678629505,49,-0.2470280086676247,-4.99897654574451,15.664665699005127,
5.0,21,20,,,,,,,,ValueError: Raw trades have zero or negative total dollar volume
5.0,22,20,0.5014421436578265,978,-0.047564152171623506,49,0.03583572202377794,-0.7534187068966052,15.561959743499756,
5.0,23,20,0.4730878894858542,977,0.12080974953076222,49,0.649351330400019,5.374991115552908,15.74209451675415,
5.0,24,20,,,,,,,,ValueError: Raw trades have zero or negative total dollar volume
5.0,25,20,0.48620717170843664,976,-0.0032583196378175635,49,0.02447411901160567,-7.511270142912848,15.34292984008789,
5.0,26,20,0.523479058158945,1067,0.024804464609711033,54,,,15.81955099105835,
5.0,27,20,0.5074964456099361,978,0.008122111759543301,49,-0.12716534723456144,-15.656685231540305,15.685251235961914,
5.0,28,20,0.5043570888139934,981,0.008375700257516007,50,,,15.892584800720215,
5.0,29,20,,,,,,,,ValueError: Raw trades have zero or negative total dollar volume
8.0,5,20,,,,,,,,ValueError: Raw trades have zero or negative total dollar volume
8.0,6,20,0.5204732421469205,1556,0.02081439131914225,78,0.05308929597775461,2.5506052597815,25.801305770874023,
8.0,7,20,,,,,,,,ValueError: Raw trades have zero or negative total dollar volume
8.0,8,20,,,,,,,,ValueError: Raw trades have zero or negative total dollar volume
8.0,9,20,0.49926228055056787,978,0.19320757179054654,49,0.16448850755651276,0.851356424761822,21.516774654388428,
8.0,10,20,0.5189985334885783,975,-0.004013120744021867,49,0.01384646215481958,-3.4502979197538273,20.61541223526001,
8.0,11,20,0.4746593372738723,1749,0.05318752005755766,88,,,26.12775230407715,
8.0,12,20,0.45849166532751384,978,0.11225022181938839,49,0.4539383460696519,4.043986182940848,20.786659955978394,
8.0,13,20,0.4850717297583394,978,0.21022906053035378,49,0.09387275007500825,0.44652604087271036,20.816364288330078,
8.0,14,20,,,,,,,,ValueError: Raw trades have zero or negative total dollar volume
8.0,15,20,,,,,,,,ValueError: Raw trades have zero or negative total dollar volume
8.0,16,20,0.533376560362663,978,0.30335995640966695,49,0.2287183208470472,0.753950269356509,21.08903431892395,
8.0,17,20,0.4862699103417557,978,0.07771138851036424,49,0.1018163762977813,1.3101860390025357,21.251250743865967,
8.0,18,20,,,,,,,,ValueError: Raw trades have zero or negative total dollar volume
8.0,19,20,0.46414875418950835,978,0.15385313512845844,49,-0.42726002902596516,-2.7770641701206014,21.030315160751343,
8.0,20,20,,,,,,,,ValueError: Raw trades have zero or negative total dollar volume
8.0,21,20,0.48133959525858233,978,-0.0013230640719449696,49,0.052451948401210514,-39.64429955693949,20.786690711975098,
8.0,22,20,0.4731000988885389,978,0.16681075980206309,49,0.2673405469013699,1.602657689579467,21.657816648483276,
8.0,23,20,0.4897486197059947,978,0.004284244090200463,49,0.057520715630931155,13.426106080767148,21.08098602294922,
8.0,24,20,0.4940006113767747,978,0.1379477278800687,49,-0.09095809986005074,-0.6593664227592745,22.23388361930847,
8.0,25,20,0.48290307818251604,978,0.0782555760315831,49,-0.49055825206355574,-6.268668342120078,21.323628664016724,
8.0,26,20,,,,,,,,ValueError: Raw trades have zero or negative total dollar volume
8.0,27,20,,,,,,,,ValueError: Raw trades have zero or negative total dollar volume
8.0,28,20,0.5347014525829348,976,0.016898884598757193,49,-0.022470707356013347,-1.329715415517183,20.807552099227905,
8.0,29,20,0.4754555981456273,977,-0.006763159117307456,49,-0.02344543953431522,3.4666402383342567,21.673158407211304,
