true_sharpe,T,P[DSR>0.5],P[correct_selection],mean_dsr,stage,regime
0.0,96.36,0.46605,0.04865,0.4953620998365388,base,gaussian
0.0,294.82,0.4697,0.04955,0.49677163546086495,base,gaussian
0.0,486.86,0.47085,0.04955,0.4974855809431788,base,gaussian
0.0,746.62,0.46615,0.0491,0.4950466999694085,base,gaussian
0.0,765.11,0.46695,0.0496,0.49546454154314595,base,gaussian
0.05,96.36,0.4906,0.11475,0.5054551528856428,base,gaussian
0.05,294.82,0.5274,0.18885,0.5185435601521157,base,gaussian
0.05,486.86,0.55375,0.251,0.5301634630327264,base,gaussian
0.05,746.62,0.5782,0.3376,0.5442157641327836,base,gaussian
0.05,765.11,0.5822,0.3423,0.546692350710105,base,gaussian
0.1,96.36,0.5326,0.21875,0.5223451297021554,base,gaussian
0.1,294.82,0.64605,0.4527,0.5767575240182957,base,gaussian
0.1,486.86,0.74195,0.62035,0.6335157082211694,base,gaussian
0.1,746.62,0.8465,0.78505,0.7093400804035471,base,gaussian
0.1,765.11,0.84455,0.79355,0.7143786815095353,base,gaussian
0.15,96.36,0.59805,0.3694,0.5526555869324371,base,gaussian
0.15,294.82,0.8129,0.73545,0.6849736983272532,base,gaussian
0.15,486.86,0.92865,0.89985,0.7956302431148816,base,gaussian
0.15,746.62,0.98445,0.97645,0.8945622779952519,base,gaussian
0.15,765.11,0.98565,0.9772,0.8990453402008199,base,gaussian
0.2,96.36,0.6912,0.5372,0.6010030883970109,base,gaussian
0.2,294.82,0.94045,0.9137,0.8113706078411642,base,gaussian
0.2,486.86,0.9922,0.98595,0.9217144037467475,base,gaussian
0.2,746.62,0.9995,0.9987,0.9780525256866608,base,gaussian
0.2,765.11,0.99975,0.9994,0.9796772794118395,base,gaussian
0.3,96.36,0.87655,0.82835,0.7365906188454916,base,gaussian
0.3,294.82,0.999,0.99765,0.9644868658859311,base,gaussian
0.3,486.86,1.0,0.99995,0.9956605238328612,base,gaussian
0.3,746.62,1.0,1.0,0.9997634706110017,base,gaussian
0.3,765.11,1.0,1.0,0.9998060709388783,base,gaussian
0.0,96.36,0.4587,0.0497,0.49821808190718236,base,fat_tailed
0.0,294.82,0.47365,0.04995,0.4999034926995707,base,fat_tailed
0.0,486.86,0.4815,0.05165,0.5024199316966111,base,fat_tailed
0.0,746.62,0.48925,0.0503,0.5057516826775881,base,fat_tailed
0.0,765.11,0.4896,0.05015,0.5041918027726221,base,fat_tailed
0.05,96.36,0.48775,0.1206,0.5108974900316208,base,fat_tailed
0.05,294.82,0.52955,0.19635,0.5235757935008122,base,fat_tailed
0.05,486.86,0.56695,0.26005,0.5376674977954524,base,fat_tailed
0.05,746.62,0.6058,0.3343,0.5559825370628211,base,fat_tailed
0.05,765.11,0.61375,0.3488,0.5572058688287502,base,fat_tailed
0.1,96.36,0.5362,0.23735,0.5325826489417148,base,fat_tailed
0.1,294.82,0.6563,0.4692,0.5855404911894242,base,fat_tailed
0.1,486.86,0.7569,0.634,0.6440169157332709,base,fat_tailed
0.1,746.62,0.8565,0.78615,0.7177918990139142,base,fat_tailed
0.1,765.11,0.8647,0.79615,0.7247534354863857,base,fat_tailed
0.15,96.36,0.6095,0.3968,0.5695954089940373,base,fat_tailed
0.15,294.82,0.822,0.7503,0.6950674336481482,base,fat_tailed
0.15,486.86,0.93375,0.9016,0.8004528465006162,base,fat_tailed
0.15,746.62,0.98395,0.97265,0.8945295110979594,base,fat_tailed
0.15,765.11,0.98605,0.97675,0.9001220633579611,base,fat_tailed
0.2,96.36,0.69935,0.5682,0.6214562350252055,base,fat_tailed
0.2,294.82,0.94135,0.91825,0.8141552577720386,base,fat_tailed
0.2,486.86,0.9916,0.98535,0.9186180865160133,base,fat_tailed
0.2,746.62,0.9995,0.99895,0.9746687056544022,base,fat_tailed
0.2,765.11,0.99945,0.99895,0.9770292746702386,base,fat_tailed
0.3,96.36,0.8774,0.83585,0.74496748502058,base,fat_tailed
0.3,294.82,0.99845,0.9973,0.9557551630018671,base,fat_tailed
0.3,486.86,1.0,1.0,0.9927626523665051,base,fat_tailed
0.3,746.62,1.0,1.0,0.9993514991689862,base,fat_tailed
0.3,765.11,1.0,1.0,0.9994708532736033,base,fat_tailed
0.5,5000.0,1.0,,1.0,stage_a_positive_control,gaussian
0.5,5000.0,1.0,,1.0,stage_a_positive_control,fat_tailed
0.5,5000.0,1.0,,1.0,stage_b_ideal_floor,gaussian
0.5,5000.0,1.0,,1.0,stage_b_ideal_floor,fat_tailed
0.3,5000.0,1.0,,1.0,stage_b_ideal_floor,gaussian
0.3,5000.0,1.0,,1.0,stage_b_ideal_floor,fat_tailed
0.2,5000.0,1.0,,0.9999999999914502,stage_b_ideal_floor,gaussian
0.2,5000.0,1.0,,0.9999999999501317,stage_b_ideal_floor,fat_tailed
0.15,5000.0,1.0,,0.9999993871336288,stage_b_ideal_floor,gaussian
0.15,5000.0,1.0,,0.9999990303490944,stage_b_ideal_floor,fat_tailed
0.1,5000.0,1.0,,0.9983171779152955,stage_b_ideal_floor,gaussian
0.1,5000.0,1.0,,0.9983264445017401,stage_b_ideal_floor,fat_tailed
0.05,5000.0,0.95425,,0.8300555785512325,stage_b_ideal_floor,gaussian
0.05,5000.0,0.96065,,0.8406136715894057,stage_b_ideal_floor,fat_tailed
0.02,5000.0,0.59695,,0.552316124014741,stage_b_ideal_floor,gaussian
0.02,5000.0,0.6478,,0.5734823385526759,stage_b_ideal_floor,fat_tailed
0.01,5000.0,0.5152,,0.5150345376207288,stage_b_ideal_floor,gaussian
0.01,5000.0,0.5707,,0.5364519401284141,stage_b_ideal_floor,fat_tailed
0.0,5000.0,0.47275,,0.4985976193733213,stage_b_ideal_floor,gaussian
0.0,5000.0,0.52815,,0.5198872472774567,stage_b_ideal_floor,fat_tailed
0.5,96.36,0.9975,,0.9482463402477189,tao_realistic_floor,gaussian
0.5,96.36,0.9949,,0.9193537878993698,tao_realistic_floor,fat_tailed
0.3,96.36,0.87655,,0.7365906188454916,tao_realistic_floor,gaussian
0.3,96.36,0.8774,,0.74496748502058,tao_realistic_floor,fat_tailed
0.2,96.36,0.6912,,0.6010030883970109,tao_realistic_floor,gaussian
0.2,96.36,0.69935,,0.6214562350252055,tao_realistic_floor,fat_tailed
0.15,96.36,0.59805,,0.5526555869324371,tao_realistic_floor,gaussian
0.15,96.36,0.6095,,0.5695954089940373,tao_realistic_floor,fat_tailed
0.1,96.36,0.5326,,0.5223451297021554,tao_realistic_floor,gaussian
0.1,96.36,0.5362,,0.5325826489417148,tao_realistic_floor,fat_tailed
0.05,96.36,0.4906,,0.5054551528856428,tao_realistic_floor,gaussian
0.05,96.36,0.48775,,0.5108974900316208,tao_realistic_floor,fat_tailed
0.02,96.36,0.4752,,0.4990147248240205,tao_realistic_floor,gaussian
0.02,96.36,0.4698,,0.5027119575667798,tao_realistic_floor,fat_tailed
0.01,96.36,0.47035,,0.4971525871243658,tao_realistic_floor,gaussian
0.01,96.36,0.4638,,0.5003958610768655,tao_realistic_floor,fat_tailed
0.0,96.36,0.46605,,0.4953620998365388,tao_realistic_floor,gaussian
0.0,96.36,0.4587,,0.49821808190718236,tao_realistic_floor,fat_tailed
0.5,294.82,1.0,,0.9998468252010323,tao_realistic_floor,gaussian
0.5,294.82,1.0,,0.9987035783388752,tao_realistic_floor,fat_tailed
0.3,294.82,0.999,,0.9644868658859311,tao_realistic_floor,gaussian
0.3,294.82,0.99845,,0.9557551630018671,tao_realistic_floor,fat_tailed
0.2,294.82,0.94045,,0.8113706078411642,tao_realistic_floor,gaussian
0.2,294.82,0.94135,,0.8141552577720386,tao_realistic_floor,fat_tailed
0.15,294.82,0.8129,,0.6849736983272532,tao_realistic_floor,gaussian
0.15,294.82,0.822,,0.6950674336481482,tao_realistic_floor,fat_tailed
0.1,294.82,0.64605,,0.5767575240182957,tao_realistic_floor,gaussian
0.1,294.82,0.6563,,0.5855404911894242,tao_realistic_floor,fat_tailed
0.05,294.82,0.5274,,0.5185435601521157,tao_realistic_floor,gaussian
0.05,294.82,0.52955,,0.5235757935008122,tao_realistic_floor,fat_tailed
0.02,294.82,0.48785,,0.5035137509966404,tao_realistic_floor,gaussian
0.02,294.82,0.49015,,0.5071192799072489,tao_realistic_floor,fat_tailed
0.01,294.82,0.47865,,0.500019698206883,tao_realistic_floor,gaussian
0.01,294.82,0.48175,,0.5033298427873029,tao_realistic_floor,fat_tailed
0.0,294.82,0.4697,,0.49677163546086495,tao_realistic_floor,gaussian
0.0,294.82,0.47365,,0.4999034926995707,tao_realistic_floor,fat_tailed
0.5,486.86,1.0,,0.9999994531218838,tao_realistic_floor,gaussian
0.5,486.86,1.0,,0.9999739867240373,tao_realistic_floor,fat_tailed
0.3,486.86,1.0,,0.9956605238328612,tao_realistic_floor,gaussian
0.3,486.86,1.0,,0.9927626523665051,tao_realistic_floor,fat_tailed
0.2,486.86,0.9922,,0.9217144037467475,tao_realistic_floor,gaussian
0.2,486.86,0.9916,,0.9186180865160133,tao_realistic_floor,fat_tailed
0.15,486.86,0.92865,,0.7956302431148816,tao_realistic_floor,gaussian
0.15,486.86,0.93375,,0.8004528465006162,tao_realistic_floor,fat_tailed
0.1,486.86,0.74195,,0.6335157082211694,tao_realistic_floor,gaussian
0.1,486.86,0.7569,,0.6440169157332709,tao_realistic_floor,fat_tailed
0.05,486.86,0.55375,,0.5301634630327264,tao_realistic_floor,gaussian
0.05,486.86,0.56695,,0.5376674977954524,tao_realistic_floor,fat_tailed
0.02,486.86,0.4946,,0.5063562444907035,tao_realistic_floor,gaussian
0.02,486.86,0.50645,,0.5119026186330807,tao_realistic_floor,fat_tailed
0.01,486.86,0.48295,,0.50161594103766,tao_realistic_floor,gaussian
0.01,486.86,0.49295,,0.5068416491455741,tao_realistic_floor,fat_tailed
0.0,486.86,0.47085,,0.4974855809431788,tao_realistic_floor,gaussian
0.0,486.86,0.4815,,0.5024199316966111,tao_realistic_floor,fat_tailed
0.5,746.62,1.0,,0.9999999997623087,tao_realistic_floor,gaussian
0.5,746.62,1.0,,0.9999998452176163,tao_realistic_floor,fat_tailed
0.3,746.62,1.0,,0.9997634706110017,tao_realistic_floor,gaussian
0.3,746.62,1.0,,0.9993514991689862,tao_realistic_floor,fat_tailed
0.2,746.62,0.9995,,0.9780525256866608,tao_realistic_floor,gaussian
0.2,746.62,0.9995,,0.9746687056544022,tao_realistic_floor,fat_tailed
0.15,746.62,0.98445,,0.8945622779952519,tao_realistic_floor,gaussian
0.15,746.62,0.98395,,0.8945295110979594,tao_realistic_floor,fat_tailed
0.1,746.62,0.8465,,0.7093400804035471,tao_realistic_floor,gaussian
0.1,746.62,0.8565,,0.7177918990139142,tao_realistic_floor,fat_tailed
0.05,746.62,0.5782,,0.5442157641327836,tao_realistic_floor,gaussian
0.05,746.62,0.6058,,0.5559825370628211,tao_realistic_floor,fat_tailed
0.02,746.62,0.4943,,0.506191716803131,tao_realistic_floor,gaussian
0.02,746.62,0.51925,,0.5176336559174664,tao_realistic_floor,fat_tailed
0.01,746.62,0.47945,,0.500072538269659,tao_realistic_floor,gaussian
0.01,746.62,0.50395,,0.5111027025058945,tao_realistic_floor,fat_tailed
0.0,746.62,0.46615,,0.4950466999694085,tao_realistic_floor,gaussian
0.0,746.62,0.48925,,0.5057516826775881,tao_realistic_floor,fat_tailed
0.5,765.11,1.0,,0.9999999998784246,tao_realistic_floor,gaussian
0.5,765.11,1.0,,0.9999998986324772,tao_realistic_floor,fat_tailed
0.3,765.11,1.0,,0.9998060709388783,tao_realistic_floor,gaussian
0.3,765.11,1.0,,0.9994708532736033,tao_realistic_floor,fat_tailed
0.2,765.11,0.99975,,0.9796772794118395,tao_realistic_floor,gaussian
0.2,765.11,0.99945,,0.9770292746702386,tao_realistic_floor,fat_tailed
0.15,765.11,0.98565,,0.8990453402008199,tao_realistic_floor,gaussian
0.15,765.11,0.98605,,0.9001220633579611,tao_realistic_floor,fat_tailed
0.1,765.11,0.84455,,0.7143786815095353,tao_realistic_floor,gaussian
0.1,765.11,0.8647,,0.7247534354863857,tao_realistic_floor,fat_tailed
0.05,765.11,0.5822,,0.546692350710105,tao_realistic_floor,gaussian
0.05,765.11,0.61375,,0.5572058688287502,tao_realistic_floor,fat_tailed
0.02,765.11,0.4985,,0.5072148934005387,tao_realistic_floor,gaussian
0.02,765.11,0.521,,0.516158910550454,tao_realistic_floor,fat_tailed
0.01,765.11,0.4804,,0.5007408202985464,tao_realistic_floor,gaussian
0.01,765.11,0.5024,,0.5095283894181887,tao_realistic_floor,fat_tailed
0.0,765.11,0.46695,,0.49546454154314595,tao_realistic_floor,gaussian
0.0,765.11,0.4896,,0.5041918027726221,tao_realistic_floor,fat_tailed
