Date,C0.01_s0.01,C0.01_s0.02,C0.01_s0.05,C0.01_s0.1,C0.01_s0.2,C0.1_s0.01,C0.1_s0.02,C0.1_s0.05,C0.1_s0.1,C0.1_s0.2,C1_s0.01,C1_s0.02,C1_s0.05,C1_s0.1,C1_s0.2,C10_s0.01,C10_s0.02,C10_s0.05,C10_s0.1,C10_s0.2
2026-03-02 00:14:15.044202,0.0,0.0,0.0,0.0,0.0,0.0,0.0,0.0,0.0,0.0,0.0,0.0,0.0,0.0,0.0,0.0,0.0,0.0,0.0,0.0
2026-03-02 05:46:51.763514,0.0,0.0,0.0,0.0,0.0,0.0,0.0,0.0,0.0,0.0,0.0,0.0,0.0,0.0,0.0,0.0,0.0,0.0,0.0,0.0
2026-03-02 07:59:55.969084,-0.0,-0.0,-0.0,-0.0,-0.0,-0.0,-0.0,-0.0,-0.0,-0.0,-0.0,-0.0,-0.0,-0.0,-0.0,-0.0,-0.0,-0.0,-0.0,-0.0
2026-03-02 11:46:14.787106,0.0,0.0,0.0,0.0,0.0,0.0,0.0,0.0,0.0,0.0,0.0,0.0,0.0,0.0,0.0,0.0,0.0,0.0,0.0,0.0
2026-03-02 13:05:06.160435,-0.0,-0.0,-0.0,-0.0,-0.0,-0.0,-0.0,-0.0,-0.0,-0.0,-0.0,-0.0,-0.0,-0.0,-0.0,-0.0,-0.0,-0.0,-0.0,-0.0
2026-03-02 13:31:04.614973,-0.0,-0.0,-0.0,-0.0,-0.0,-0.0,-0.0,-0.0,-0.0,-0.0,-0.0,-0.0,-0.0,-0.0,-0.0,-0.0,-0.0,-0.0,-0.0,-0.0
2026-03-02 13:31:04.865742,-0.0,-0.0,-0.0,-0.0,-0.0,-0.0,-0.0,-0.0,-0.0,-0.0,-0.0,-0.0,-0.0,-0.0,-0.0,-0.0,-0.0,-0.0,-0.0,-0.0
2026-03-02 13:40:58.207702,0.0,0.0,0.0,0.0,0.0,0.0,0.0,0.0,0.0,0.0,0.0,0.0,0.0,0.0,0.0,0.0,0.0,0.0,0.0,0.0
2026-03-02 13:41:08.028136,-0.0,-0.0,-0.0,-0.0,-0.0,-0.0,-0.0,-0.0,-0.0,-0.0,-0.0,-0.0,-0.0,-0.0,-0.0,-0.0,-0.0,-0.0,-0.0,-0.0
2026-03-02 13:50:21.805687,-0.0,-0.0,-0.0,-0.0,-0.0,-0.0,-0.0,-0.0,-0.0,-0.0,-0.0,-0.0,-0.0,-0.0,-0.0,-0.0,-0.0,-0.0,-0.0,-0.0
2026-03-02 13:50:21.835128,0.0,0.0,0.0,0.0,0.0,0.0,0.0,0.0,0.0,0.0,0.0,0.0,0.0,0.0,0.0,0.0,0.0,0.0,0.0,0.0
2026-03-02 13:52:30.232139,-0.0,-0.0,-0.0,-0.0,-0.0,-0.0,-0.0,-0.0,-0.0,-0.0,-0.0,-0.0,-0.0,-0.0,-0.0,-0.0,-0.0,-0.0,-0.0,-0.0
2026-03-02 13:52:30.232186,0.0,0.0,0.0,0.0,0.0,0.0,0.0,0.0,0.0,0.0,0.0,0.0,0.0,0.0,0.0,0.0,0.0,0.0,0.0,0.0
2026-03-02 13:52:30.234080,0.0,0.0,0.0,0.0,0.0,0.0,0.0,0.0,0.0,0.0,0.0,0.0,0.0,0.0,0.0,0.0,0.0,0.0,0.0,0.0
2026-03-02 14:28:14.360659,0.0,0.0,0.0,0.0,0.0,0.0,0.0,0.0,0.0,0.0,0.0,0.0,0.0,0.0,0.0,0.0,0.0,0.0,0.0,0.0
2026-03-02 14:28:14.400330,0.0,0.0,0.0,0.0,0.0,0.0,0.0,0.0,0.0,0.0,0.0,0.0,0.0,0.0,0.0,0.0,0.0,0.0,0.0,0.0
2026-03-02 14:31:01.889008,0.0,0.0,0.0,0.0,0.0,0.0,0.0,0.0,0.0,0.0,0.0,0.0,0.0,0.0,0.0,0.0,0.0,0.0,0.0,0.0
2026-03-02 14:31:01.909716,0.0,0.0,0.0,0.0,0.0,0.0,0.0,0.0,0.0,0.0,0.0,0.0,0.0,0.0,0.0,0.0,0.0,0.0,0.0,0.0
2026-03-02 14:31:02.394959,0.0,0.0,0.0,0.0,0.0,0.0,0.0,0.0,0.0,0.0,0.0,0.0,0.0,0.0,0.0,0.0,0.0,0.0,0.0,0.0
2026-03-02 14:31:04.392612,0.0,0.0,0.0,0.0,0.0,0.0,0.0,0.0,0.0,0.0,0.0,0.0,0.0,0.0,0.0,0.0,0.0,0.0,0.0,0.0
2026-03-02 14:31:43.404897,0.0,0.0,0.0,0.0,0.0,0.0,0.0,0.0,0.0,0.0,0.0,0.0,0.0,0.0,0.0,0.0,0.0,0.0,0.0,0.0
2026-03-02 14:31:43.509318,0.0,0.0,0.0,0.0,0.0,0.0,0.0,0.0,0.0,0.0,0.0,0.0,0.0,0.0,0.0,0.0,0.0,0.0,0.0,0.0
2026-03-02 14:31:43.526853,0.0,0.0,0.0,0.0,0.0,0.0,0.0,0.0,0.0,0.0,0.0,0.0,0.0,0.0,0.0,0.0,0.0,0.0,0.0,0.0
2026-03-02 14:32:52.454028,0.0,0.0,0.0,0.0,0.0,0.0,0.0,0.0,0.0,0.0,0.0,0.0,0.0,0.0,0.0,0.0,0.0,0.0,0.0,0.0
2026-03-02 14:33:10.942164,0.0,0.0,0.0,0.0,0.0,0.0,0.0,0.0,0.0,0.0,0.0,0.0,0.0,0.0,0.0,0.0,0.0,0.0,0.0,0.0
2026-03-02 14:33:10.946512,0.0,0.0,0.0,0.0,0.0,0.0,0.0,0.0,0.0,0.0,0.0,0.0,0.0,0.0,0.0,0.0,0.0,0.0,0.0,0.0
2026-03-02 14:34:16.627690,0.0,0.0,0.0,0.0,0.0,0.0,0.0,0.0,0.0,0.0,0.0,0.0,0.0,0.0,0.0,0.0,0.0,0.0,0.0,0.0
2026-03-02 14:34:21.660566,0.0,0.0,0.0,0.0,0.0,0.0,0.0,0.0,0.0,0.0,0.0,0.0,0.0,0.0,0.0,0.0,0.0,0.0,0.0,0.0
2026-03-02 14:34:40.431646,0.0,0.0,0.0,0.0,0.0,0.0,0.0,0.0,0.0,0.0,0.0,0.0,0.0,0.0,0.0,0.0,0.0,0.0,0.0,0.0
2026-03-02 15:30:49.837102,0.0,0.0,0.0,0.0,0.0,0.0,0.0,0.0,0.0,0.0,0.0,0.0,0.0,0.0,0.0,0.0,0.0,0.0,0.0,0.0
2026-03-02 16:46:56.199924,-0.00255227365105692,-0.00255227365105692,-0.0021268947092141,-0.0021268947092141,-0.0042537894184282,-0.00255227365105692,-0.00255227365105692,-0.0021268947092141,-0.0021268947092141,-0.0042537894184282,-0.00999640513330627,-0.00978371566238486,-0.00957102619146345,-0.0106344735460705,-0.0085075788368564,-0.01658977873186998,-0.01658977873186998,-0.0170151576737128,-0.0170151576737128,-0.0170151576737128
2026-03-02 19:00:58.984721,0.0005013985714285695,0.0003342657142857131,0.0008356642857142827,0.0,0.0,0.0005013985714285695,0.0003342657142857131,0.0008356642857142827,0.0,0.0,0.0026741257142857047,0.0026741257142857047,0.0025069928571428484,0.003342657142857131,0.003342657142857131,0.006016782857142835,0.006016782857142835,0.005849649999999979,0.006685314285714262,0.006685314285714262
2026-03-02 20:46:09.618547,-0.0006064791158864047,-0.0006064791158864047,-0.0006064791158864047,-0.0006064791158864047,-0.0012129582317728094,-0.0006064791158864047,-0.0006064791158864047,-0.0006064791158864047,-0.0006064791158864047,-0.0012129582317728094,-0.002850451844666102,-0.0029110997562547423,-0.002729156021488821,-0.0030323955794320234,-0.0024259164635456187,-0.00521572039662308,-0.00521572039662308,-0.005155072485034441,-0.005458312042977642,-0.0048518329270912375
2026-03-02 23:23:01.998460,0.0002082096525925503,0.0002082096525925503,0.0002082096525925503,0.0002082096525925503,0.0004164193051851006,0.0002082096525925503,0.0002082096525925503,0.0002082096525925503,0.0002082096525925503,0.0004164193051851006,0.0009785853671849865,0.0009994063324442414,0.0009369434366664764,0.0010410482629627515,0.0008328386103702012,0.0017906030122959327,0.0017906030122959327,0.0017697820470366778,0.0018738868733329528,0.0016656772207404025
2026-03-03 03:09:58.655387,0.0009126043564036679,0.0009126043564036679,0.0009126043564036679,0.0009126043564036679,0.0018252087128073358,0.0009126043564036679,0.0009126043564036679,0.0009126043564036679,0.0009126043564036679,0.0018252087128073358,0.004289240475097239,0.004380500910737606,0.0041067196038165055,0.004563021782018339,0.0036504174256146715,0.007848397465071544,0.007848397465071544,0.007757137029431178,0.008213439207633011,0.007300834851229343
2026-03-03 03:09:58.969886,-5.91914820346151e-06,-7.892197604615347e-06,-9.865247005769186e-06,-0.0,-0.0,-5.91914820346151e-06,-7.892197604615347e-06,-9.865247005769186e-06,-0.0,-0.0,-5.524538323230744e-05,-5.524538323230744e-05,-5.9191482034615114e-05,-5.9191482034615114e-05,-3.946098802307674e-05,-7.694892664499965e-05,-7.892197604615349e-05,-7.892197604615349e-05,-7.892197604615349e-05,-7.892197604615349e-05
2026-03-03 03:09:59.157312,-0.0,-0.0,-0.0,-0.0,-0.0,-0.0,-0.0,-0.0,-0.0,-0.0,-0.0,-0.0,-0.0,-0.0,-0.0,-0.0,-0.0,-0.0,-0.0,-0.0
2026-03-03 03:09:59.157916,-0.0,-0.0,-0.0,-0.0,-0.0,-0.0,-0.0,-0.0,-0.0,-0.0,-0.0,-0.0,-0.0,-0.0,-0.0,-0.0,-0.0,-0.0,-0.0,-0.0
2026-03-03 03:10:12.579808,-0.0,-0.0,-0.0,-0.0,-0.0,-0.0,-0.0,-0.0,-0.0,-0.0,-0.0,-0.0,-0.0,-0.0,-0.0,-0.0,-0.0,-0.0,-0.0,-0.0
2026-03-03 03:10:12.579898,-0.0,-0.0,-0.0,-0.0,-0.0,-0.0,-0.0,-0.0,-0.0,-0.0,-0.0,-0.0,-0.0,-0.0,-0.0,-0.0,-0.0,-0.0,-0.0,-0.0
2026-03-03 03:10:12.581285,-0.0,-0.0,-0.0,-0.0,-0.0,-0.0,-0.0,-0.0,-0.0,-0.0,-0.0,-0.0,-0.0,-0.0,-0.0,-0.0,-0.0,-0.0,-0.0,-0.0
2026-03-03 03:10:12.581967,-0.0,-0.0,-0.0,-0.0,-0.0,-0.0,-0.0,-0.0,-0.0,-0.0,-0.0,-0.0,-0.0,-0.0,-0.0,-0.0,-0.0,-0.0,-0.0,-0.0
2026-03-03 03:10:15.127778,-0.0,-0.0,-0.0,-0.0,-0.0,-0.0,-0.0,-0.0,-0.0,-0.0,-0.0,-0.0,-0.0,-0.0,-0.0,-0.0,-0.0,-0.0,-0.0,-0.0
2026-03-03 03:32:20.329254,3.1858973048582985e-05,4.247863073144398e-05,5.309828841430498e-05,0.0,0.0,3.1858973048582985e-05,4.247863073144398e-05,5.309828841430498e-05,0.0,0.0,0.0002973504151201079,0.0002973504151201079,0.0003185897304858299,0.0003185897304858299,0.0002123931536572199,0.00041416664963157883,0.0004247863073144398,0.0004247863073144398,0.0004247863073144398,0.0004247863073144398
2026-03-03 09:28:01.084240,0.0007609729487482508,0.0010146305983310012,0.0012682882479137514,0.0,0.0,0.0007609729487482508,0.0010146305983310012,0.0012682882479137514,0.0,0.0,0.007102414188317008,0.007102414188317008,0.007609729487482509,0.007609729487482509,0.0050731529916550056,0.009892648333727262,0.010146305983310011,0.010146305983310011,0.010146305983310011,0.010146305983310011
2026-03-03 12:03:45.814108,-0.00031050070255440155,-0.00031050070255440155,-0.00038812587819300195,-0.0,-0.0,-0.00031050070255440155,-0.00031050070255440155,-0.00038812587819300195,-0.0,-0.0,-0.0014748783371334073,-0.0013972531614948069,-0.0015525035127720078,-0.0015525035127720078,-0.0015525035127720078,-0.003027381849905415,-0.0029497566742668147,-0.0031050070255440156,-0.0031050070255440156,-0.0031050070255440156
2026-03-03 14:29:37.712079,5.140507502711555e-05,5.140507502711555e-05,4.28375625225963e-05,8.56751250451926e-05,0.0,5.140507502711555e-05,5.140507502711555e-05,4.28375625225963e-05,8.56751250451926e-05,0.0,0.00022275532511750076,0.00022275532511750076,0.00021418781261298148,0.0002570253751355778,0.0001713502500903852,0.00039410557520788594,0.00039410557520788594,0.0003855380627033667,0.00042837562522596295,0.0003427005001807704
2026-03-03 16:46:20.069821,-0.0007366156906663956,-0.0007366156906663956,-0.0006138464088886631,-0.0012276928177773262,-0.0,-0.0007366156906663956,-0.0007366156906663956,-0.0006138464088886631,-0.0012276928177773262,-0.0,-0.003192001326221048,-0.003192001326221048,-0.003069232044443315,-0.003683078453331979,-0.0024553856355546523,-0.005647386961775701,-0.005647386961775701,-0.0055246176799979676,-0.00613846408888663,-0.004910771271109305
2026-03-03 18:11:45.946364,-0.0001075227206581042,-0.00012902726478972504,-0.0001075227206581042,-0.0002150454413162084,-0.0,-0.0001075227206581042,-0.00012902726478972504,-0.0001075227206581042,-0.0002150454413162084,-0.0,-0.0005591181474221418,-0.0005591181474221418,-0.000537613603290521,-0.0006451363239486252,-0.0004300908826324168,-0.0010107135741861796,-0.0009892090300545587,-0.0009677044859229378,-0.001075227206581042,-0.0008601817652648336
2026-03-04 00:23:40.276445,-0.00019308154206234553,-0.0002316978504748146,-0.00019308154206234553,-0.00038616308412469107,-0.0,-0.00019308154206234553,-0.0002316978504748146,-0.00019308154206234553,-0.00038616308412469107,-0.0,-0.0010040240187241967,-0.0010040240187241967,-0.0009654077103117276,-0.0011584892523740732,-0.0007723261682493821,-0.0018149664953860478,-0.0017763501869735789,-0.0017377338785611097,-0.0019308154206234551,-0.0015446523364987643
2026-03-04 03:59:00.869320,0.0006081828784315779,0.0006081828784315779,0.0005068190653596483,0.0010136381307192966,0.0,0.0006081828784315779,0.0006081828784315779,0.0005068190653596483,0.0010136381307192966,0.0,0.0029395505790859597,0.0030409143921578895,0.00304091439215789,0.00304091439215789,0.002027276261438593,0.005068190653596483,0.005068190653596483,0.005068190653596483,0.005068190653596483,0.00608182878431578
2026-03-04 06:47:26.102190,-0.00044295307963385875,-0.0005906041061784783,-0.000738255132723098,-0.0,-0.0,-0.00044295307963385875,-0.0005906041061784783,-0.000738255132723098,-0.0,-0.0,-0.0026577184778031524,-0.0026577184778031524,-0.002953020530892392,-0.002953020530892392,-0.002953020530892392,-0.004724832849427827,-0.004724832849427827,-0.004429530796338588,-0.004429530796338588,-0.005906041061784784
2026-03-04 07:58:28.661895,-0.00011158630928373103,-0.00022317261856746206,-0.0,-0.0,-0.0,-0.00022317261856746206,-0.00022317261856746206,-0.0,-0.0,-0.0,-0.0012274494021210414,-0.0011158630928373105,-0.0011158630928373105,-0.0011158630928373105,-0.002231726185674621,-0.0021201398763908896,-0.0020085535671071587,-0.002231726185674621,-0.002231726185674621,-0.002231726185674621
2026-03-04 08:47:31.026488,0.0,0.0,0.0,0.0,0.0,0.0,0.0,0.0,0.0,0.0,-0.0005638028728994016,-0.0005638028728994016,-0.000704753591124252,-0.0,-0.0,-0.0025371129280473068,-0.0025371129280473068,-0.002819014364497008,-0.002819014364497008,-0.002819014364497008
2026-03-04 08:57:34.588789,0.0005200974966257444,0.0005943971390008506,0.0003714982118755317,0.0007429964237510634,0.0,0.0005200974966257444,0.0005943971390008506,0.0003714982118755317,0.0007429964237510634,0.0,0.0011887942780017013,0.0011887942780017013,0.0011144946356265951,0.0014859928475021269,0.0014859928475021269,0.0002971985695004253,0.0002971985695004253,0.0003714982118755317,0.0,0.0
2026-03-04 09:31:07.014032,0.0006981629316528349,0.0006981629316528349,0.0006981629316528349,0.0006981629316528349,0.0,0.0006981629316528349,0.0006981629316528349,0.0006981629316528349,0.0006981629316528349,0.0,0.0013963258633056697,0.0013963258633056697,0.0013963258633056697,0.0013963258633056697,0.0013963258633056697,0.0015359584496362367,0.0015359584496362367,0.0013963258633056697,0.0013963258633056697,0.0013963258633056697
2026-03-04 11:01:37.951225,-0.00010738854763845175,-0.00010738854763845175,-0.00011505915818405545,-7.670610545603696e-05,-0.00015341221091207393,-0.00010738854763845175,-0.00010738854763845175,-0.00011505915818405545,-7.670610545603696e-05,-0.00015341221091207393,-0.00022244770582250715,-0.00023011831636811085,-0.0002301183163681109,-0.0002301183163681109,-0.00015341221091207393,-0.00035284808509777,-0.00035284808509777,-0.0003451774745521663,-0.0003835305272801848,-0.00030682442182414785
2026-03-04 13:36:21.996215,-0.00015200868621065622,-0.00015200868621065622,-0.0001628664495114174,-0.00010857763300761159,-0.00021715526601522319,-0.00015200868621065622,-0.00015200868621065622,-0.0001628664495114174,-0.00010857763300761159,-0.00021715526601522319,-0.00031487513572207355,-0.00032573289902283477,-0.0003257328990228348,-0.0003257328990228348,-0.00021715526601522319,-0.0004994571118350133,-0.0004994571118350133,-0.0004885993485342522,-0.0005428881650380579,-0.00043431053203044637
2026-03-04 14:43:59.665060,0.00040429846359236527,0.00040429846359236527,0.00043317692527753424,0.00028878461685168946,0.0005775692337033789,0.00040429846359236527,0.00040429846359236527,0.00043317692527753424,0.00028878461685168946,0.0005775692337033789,0.0008374753888698993,0.0008663538505550683,0.0008663538505550685,0.0008663538505550685,0.0005775692337033789,0.0013284092375177715,0.0013284092375177715,0.0012995307758326025,0.0014439230842584472,0.0011551384674067578
2026-03-04 15:00:03.539757,0.0007023758469012042,0.0007492009033612845,0.0007023758469012043,0.0009365011292016058,0.0009365011292016058,0.0007023758469012042,0.0007492009033612845,0.0007023758469012043,0.0009365011292016058,0.0009365011292016058,0.0015452268631826495,0.001498401806722569,0.0016388769761028102,0.0014047516938024086,0.0018730022584032115,0.0022476027100838537,0.0022476027100838537,0.002341252823004014,0.002341252823004014,0.0018730022584032115
2026-03-04 15:00:03.888576,0.0,0.0,0.0,0.0,0.0,0.0,0.0,0.0,0.0,0.0,0.0,0.0,0.0,0.0,0.0,0.0,0.0,0.0,0.0,0.0
2026-03-04 15:38:00.441318,0.0020472860125260836,0.0021837717466944894,0.002047286012526084,0.002729714683368112,0.002729714683368112,0.0020472860125260836,0.0021837717466944894,0.002047286012526084,0.002729714683368112,0.002729714683368112,0.004504029227557385,0.004367543493388979,0.004777000695894196,0.004094572025052168,0.005459429366736224,0.006551315240083468,0.006551315240083468,0.00682428670842028,0.00682428670842028,0.005459429366736224
2026-03-04 16:38:41.226027,0.0008042767708375643,0.0008042767708375643,0.0008042767708375643,0.0008042767708375643,0.0008042767708375643,0.0008042767708375643,0.0008042767708375643,0.0008042767708375643,0.0008042767708375643,0.0008042767708375643,0.0014476981875076156,0.0014476981875076156,0.0014074843489657375,0.0016085535416751286,0.0016085535416751286,0.001166201317714468,0.00112598747917259,0.0012064151562563466,0.0012064151562563466,0.0008042767708375643
2026-03-04 18:10:54.018761,-0.00023119781006195606,-0.00023119781006195606,-0.00023119781006195606,-0.00023119781006195606,-0.00023119781006195606,-0.00023119781006195606,-0.00023119781006195606,-0.00023119781006195606,-0.00023119781006195606,-0.00023119781006195606,-0.0004161560581115209,-0.0004161560581115209,-0.00040459616760842314,-0.0004623956201239121,-0.0004623956201239121,-0.00033523682458983623,-0.0003236769340867385,-0.00034679671509293416,-0.00034679671509293416,-0.00023119781006195606
2026-03-04 19:13:16.562467,0.002631470858034746,0.002631470858034746,0.002631470858034746,0.002631470858034746,0.002631470858034746,0.002631470858034746,0.002631470858034746,0.002631470858034746,0.002631470858034746,0.002631470858034746,0.004736647544462542,0.004736647544462542,0.004605074001560805,0.005262941716069492,0.005262941716069492,0.003815632744150381,0.0036840592012486444,0.003947206287052119,0.003947206287052119,0.002631470858034746
2026-03-04 19:20:48.793970,0.0,0.0,0.0,0.0,0.0,0.0,0.0,0.0,0.0,0.0,0.0,0.0,0.0,0.0,0.0,-0.0,-0.0,-0.0,-0.0,-0.0
2026-03-04 19:20:48.924337,0.0,0.0,0.0,0.0,0.0,0.0,0.0,0.0,0.0,0.0,0.0,0.0,0.0,0.0,0.0,-0.0,-0.0,-0.0,-0.0,-0.0
2026-03-04 19:20:48.945951,0.0,0.0,0.0,0.0,0.0,0.0,0.0,0.0,0.0,0.0,0.0,0.0,0.0,0.0,0.0,-0.0,-0.0,-0.0,-0.0,-0.0
2026-03-04 19:20:48.962504,0.0,0.0,0.0,0.0,0.0,0.0,0.0,0.0,0.0,0.0,0.0,0.0,0.0,0.0,0.0,-0.0,-0.0,-0.0,-0.0,-0.0
2026-03-04 19:20:48.980333,0.0,0.0,0.0,0.0,0.0,0.0,0.0,0.0,0.0,0.0,0.0,0.0,0.0,0.0,0.0,-0.0,-0.0,-0.0,-0.0,-0.0
2026-03-04 21:03:09.246941,-0.0016216216216216183,-0.0016216216216216183,-0.0013513513513513488,-0.0013513513513513488,-0.0027027027027026976,-0.0016216216216216183,-0.0016216216216216183,-0.0013513513513513488,-0.0013513513513513488,-0.0027027027027026976,-0.0024324324324324275,-0.0024324324324324275,-0.0027027027027026976,-0.0027027027027026976,-0.0027027027027026976,0.00027027027027026973,0.00027027027027026973,0.0,0.0,0.0
2026-03-04 21:03:09.291096,0.0,0.0,0.0,0.0,0.0,0.0,0.0,0.0,0.0,0.0,-0.0,-0.0,-0.0,-0.0,-0.0,-0.0,-0.0,-0.0,-0.0,-0.0
2026-03-04 21:03:15.525192,0.0,0.0,0.0,0.0,0.0,0.0,0.0,0.0,0.0,0.0,-0.0,-0.0,-0.0,-0.0,-0.0,-0.0,-0.0,-0.0,-0.0,-0.0
2026-03-04 21:03:41.228700,0.0,0.0,0.0,0.0,0.0,0.0,0.0,0.0,0.0,0.0,-0.0,-0.0,-0.0,-0.0,-0.0,-0.0,-0.0,-0.0,-0.0,-0.0
2026-03-04 21:03:42.464124,0.0,0.0,0.0,0.0,0.0,0.0,0.0,0.0,0.0,0.0,-0.0,-0.0,-0.0,-0.0,-0.0,-0.0,-0.0,-0.0,-0.0,-0.0
2026-03-04 21:03:46.701412,0.0,0.0,0.0,0.0,0.0,0.0,0.0,0.0,0.0,0.0,-0.0,-0.0,-0.0,-0.0,-0.0,-0.0,-0.0,-0.0,-0.0,-0.0
2026-03-04 21:03:46.723889,0.0,0.0,0.0,0.0,0.0,0.0,0.0,0.0,0.0,0.0,-0.0,-0.0,-0.0,-0.0,-0.0,-0.0,-0.0,-0.0,-0.0,-0.0
2026-03-04 22:01:11.434225,5.0768493150685766e-05,0.0,0.0,0.0,0.0,5.0768493150685766e-05,0.0,0.0,0.0,0.0,-0.0006092219178082292,-0.0006092219178082292,-0.0005076849315068577,-0.0005076849315068577,-0.0010153698630137153,-0.0016753602739726305,-0.0017261287671233162,-0.001776897260274002,-0.0015230547945205733,-0.0020307397260274306
2026-03-04 23:36:03.986558,-0.00013674003800704493,-0.0,-0.0,-0.0,-0.0,-0.00013674003800704493,-0.0,-0.0,-0.0,-0.0,0.001640880456084539,0.001640880456084539,0.0013674003800704495,0.0013674003800704495,0.002734800760140899,0.004512421254232483,0.004649161292239528,0.004785901330246573,0.004102201140211348,0.005469601520281798
2026-03-05 03:39:49.109355,7.789425450761555e-06,5.192950300507704e-06,1.298237575126926e-05,0.0,0.0,7.789425450761555e-06,5.192950300507704e-06,1.298237575126926e-05,0.0,0.0,5.712245330558474e-05,5.712245330558474e-05,5.192950300507704e-05,5.192950300507704e-05,5.192950300507704e-05,0.00011164843146091563,0.00011424490661116948,0.00011684138176142334,0.00010385900601015408,0.00010385900601015408
2026-03-05 06:22:01.756410,-3.35086190393552e-05,-2.2339079359570135e-05,-5.5847698398925344e-05,-0.0,-0.0,-3.35086190393552e-05,-2.2339079359570135e-05,-5.5847698398925344e-05,-0.0,-0.0,-0.00024572987295527147,-0.00024572987295527147,-0.00022339079359570138,-0.00022339079359570138,-0.00022339079359570138,-0.0004802902062307579,-0.0004914597459105429,-0.0005026292855903281,-0.00044678158719140275,-0.00044678158719140275
2026-03-05 07:52:38.215621,0.00021942068796410694,0.00014628045864273798,0.00036570114660684495,0.0,0.0,0.00021942068796410694,0.00014628045864273798,0.00036570114660684495,0.0,0.0,0.0016090850450701177,0.0016090850450701177,0.0014628045864273798,0.0014628045864273798,0.0014628045864273798,0.0031450298608188664,0.0032181700901402354,0.0032913103194616047,0.0029256091728547596,0.0029256091728547596
2026-03-05 08:11:04.088984,4.6793021547681944e-05,4.6793021547681944e-05,5.849127693460243e-05,0.0,0.0,4.6793021547681944e-05,4.6793021547681944e-05,5.849127693460243e-05,0.0,0.0,0.00029245638467301216,0.00028075812928609164,0.00029245638467301216,0.00023396510773840973,0.00023396510773840973,0.0005381197477983424,0.0005381197477983424,0.0005264214924114219,0.0005849127693460243,0.00046793021547681947
2026-03-05 11:57:21.562237,-0.0005542647478608309,-0.0005542647478608309,-0.0006928309348260387,-0.0,-0.0,-0.0005542647478608309,-0.0005542647478608309,-0.0006928309348260387,-0.0,-0.0,-0.003464154674130193,-0.0033255884871649854,-0.003464154674130193,-0.002771323739304155,-0.002771323739304155,-0.006374044600399555,-0.006374044600399555,-0.0062354784134343475,-0.006928309348260386,-0.00554264747860831
2026-03-05 14:08:46.940868,0.00032751403572719995,0.00026201122858175995,0.00032751403572719995,0.0,0.0,0.00032751403572719995,0.00039301684287263995,0.00032751403572719995,0.0006550280714543999,0.0,0.0017685757929268798,0.0018340786000723198,0.0016375701786359997,0.0019650842143632,0.0013100561429087998,0.0032096375501265593,0.0031441347429811196,0.0032751403572719995,0.0032751403572719995,0.0026201122858175996
2026-03-05 16:06:08.646538,0.0007445078496617519,0.0005956062797294015,0.0007445078496617519,0.0,0.0,0.0007445078496617519,0.0008934094195941023,0.0007445078496617519,0.0014890156993235038,0.0,0.00402034238817346,0.004169243958105811,0.0037225392483087594,0.004467047097970512,0.0029780313986470077,0.007296176926685168,0.007147275356752818,0.007445078496617519,0.007445078496617519,0.005956062797294015
2026-03-05 18:10:49.445881,0.00018007447166670798,0.0001440595773333664,0.00018007447166670798,0.0,0.0,0.00018007447166670798,0.00021608936600004956,0.00018007447166670798,0.00036014894333341596,0.0,0.0010084170413335648,0.0010084170413335648,0.001080446830000248,0.001080446830000248,0.0007202978866668319,0.0016927000336670551,0.0017287149280003965,0.0016206702450003718,0.0018007447166670798,0.0014405957733336638
2026-03-05 23:24:54.424090,-0.0001498380281690137,-0.00011987042253521096,-0.0001498380281690137,-0.0,-0.0,-0.0001498380281690137,-0.00017980563380281644,-0.0001498380281690137,-0.0002996760563380274,-0.0,-0.0008390929577464768,-0.0008390929577464768,-0.0008990281690140823,-0.0008990281690140823,-0.0005993521126760548,-0.001408477464788729,-0.0014384450704225315,-0.0013485422535211235,-0.001498380281690137,-0.0011987042253521097
2026-03-06 02:29:38.996136,-7.214295975286334e-05,-5.771436780229067e-05,-7.214295975286334e-05,-0.0,-0.0,-7.214295975286334e-05,-8.6571551703436e-05,-7.214295975286334e-05,-0.00014428591950572668,-0.0,-0.0004040005746160347,-0.0004040005746160347,-0.0004328577585171801,-0.0004328577585171801,-0.00028857183901145336,-0.0006781438216769154,-0.000692572413627488,-0.00064928663777577,-0.0007214295975286333,-0.0005771436780229067
2026-03-06 05:35:08.673698,0.000714970598265291,0.0005719764786122328,0.000714970598265291,0.0,0.0,0.000714970598265291,0.0008579647179183491,0.000714970598265291,0.001429941196530582,0.0,0.00400383535028563,0.00400383535028563,0.004289823589591747,0.004289823589591747,0.002859882393061164,0.006720723623693735,0.006863717743346793,0.0064347353843876185,0.00714970598265291,0.005719764786122328
2026-03-06 07:02:05.384616,-0.00042981830338248986,-0.00042981830338248986,-0.0005372728792281123,-0.0005372728792281123,-0.0,-0.00042981830338248986,-0.00042981830338248986,-0.0005372728792281123,-0.0005372728792281123,-0.0,-0.0017730005014527706,-0.0018267277893755818,-0.0018804550772983932,-0.001611818637684337,-0.002149091516912449,-0.00263263710821775,-0.0026863643961405614,-0.0026863643961405614,-0.0026863643961405614,-0.002149091516912449
2026-03-06 08:17:20.338786,-0.00030583488023717465,-0.00030583488023717465,-0.0003822936002964683,-0.0003822936002964683,-0.0,-0.00030583488023717465,-0.00030583488023717465,-0.0003822936002964683,-0.0003822936002964683,-0.0,-0.0012615688809783454,-0.0012997982410079924,-0.0013380276010376392,-0.001146880800889405,-0.0015291744011858733,-0.0018732386414526947,-0.0019114680014823415,-0.0019114680014823415,-0.0019114680014823415,-0.0015291744011858733
2026-03-06 12:27:20.710292,0.0007194559171714032,0.0007194559171714032,0.0005995465976428361,0.0011990931952856722,0.0,0.0007194559171714032,0.0007194559171714032,0.0005995465976428361,0.0011990931952856722,0.0,0.00299773298821418,0.0031176423077427474,0.00299773298821418,0.0035972795858570166,0.0023981863905713444,0.004436644822556986,0.004556554142085554,0.004196826183499852,0.004796372781142689,0.004796372781142689
2026-03-06 13:47:00.678126,3.36153731909905e-05,6.7230746381981e-05,0.0,0.0,0.0,6.7230746381981e-05,6.7230746381981e-05,0.0,0.0,0.0,0.0003025383587189145,0.0003361537319099051,0.0003361537319099051,0.0003361537319099051,0.0,0.0005714613442468386,0.000537845971055848,0.0005042305978648576,0.0006723074638198102,0.0006723074638198102
2026-03-06 15:18:23.399332,0.0001655517511338467,0.0003311035022676934,0.0,0.0,0.0,0.0003311035022676934,0.0003311035022676934,0.0,0.0,0.0,0.0014899657602046202,0.0016555175113384668,0.0016555175113384668,0.0016555175113384668,0.0,0.002814379769275394,0.002648828018141547,0.0024832762670077006,0.0033110350226769336,0.0033110350226769336
2026-03-06 17:36:58.705490,-0.0004080359460099503,-0.0004080359460099503,-0.0005100449325124379,-0.0,-0.0,-0.00030602695950746273,-0.0004080359460099503,-0.0005100449325124379,-0.0,-0.0,-0.001224107838029851,-0.001224107838029851,-0.0010200898650248758,-0.0010200898650248758,-0.0020401797300497516,-0.0016321437840398011,-0.0016321437840398011,-0.0015301347975373138,-0.0020401797300497516,-0.0020401797300497516
2026-03-06 17:36:59.084364,0.0,0.0,0.0,0.0,0.0,0.0,0.0,0.0,0.0,0.0,0.0,0.0,0.0,0.0,0.0,0.0,0.0,0.0,0.0,0.0
2026-03-06 17:36:59.181468,0.0,0.0,0.0,0.0,0.0,0.0,0.0,0.0,0.0,0.0,0.0,0.0,0.0,0.0,0.0,0.0,0.0,0.0,0.0,0.0
2026-03-06 17:36:59.209942,0.0,0.0,0.0,0.0,0.0,0.0,0.0,0.0,0.0,0.0,0.0,0.0,0.0,0.0,0.0,0.0,0.0,0.0,0.0,0.0
2026-03-06 17:36:59.280780,0.0,0.0,0.0,0.0,0.0,0.0,0.0,0.0,0.0,0.0,0.0,0.0,0.0,0.0,0.0,0.0,0.0,0.0,0.0,0.0
2026-03-07 05:38:49.502460,1.5852941176452973e-06,1.5852941176452973e-06,0.0,0.0,0.0,1.5852941176452973e-06,1.5852941176452973e-06,0.0,0.0,0.0,8.719117647049135e-06,9.511764705871784e-06,7.926470588226486e-06,7.926470588226486e-06,1.5852941176452973e-05,2.5364705882324756e-05,2.5364705882324756e-05,2.3779411764679462e-05,2.3779411764679462e-05,3.1705882352905945e-05
2026-03-07 18:02:42.310215,-9.264559765042258e-05,-9.264559765042258e-05,-0.0,-0.0,-0.0,-9.264559765042258e-05,-9.264559765042258e-05,-0.0,-0.0,-0.0,-0.0005095507870773241,-0.0005558735859025354,-0.0004632279882521129,-0.0004632279882521129,-0.0009264559765042258,-0.0014823295624067612,-0.0014823295624067612,-0.001389683964756339,-0.001389683964756339,-0.0018529119530084515
2026-03-08 02:43:03.783630,-0.00011180910962667268,-0.00011180910962667268,-0.0,-0.0,-0.0,-0.00011180910962667268,-0.00011180910962667268,-0.0,-0.0,-0.0,-0.0006149501029466997,-0.000670854657760036,-0.0005590455481333634,-0.0005590455481333634,-0.0011180910962667269,-0.0017889457540267628,-0.0017889457540267628,-0.0016771366444000904,-0.0016771366444000904,-0.0022361821925334538
2026-03-08 10:25:02.381548,0.00011995046941887689,0.00023990093883775377,0.0,0.0,0.0,0.00011995046941887689,0.00023990093883775377,0.0,0.0,0.0,0.0011995046941887689,0.0011995046941887689,0.0011995046941887689,0.0011995046941887689,0.0023990093883775377,0.004558117837917322,0.004558117837917322,0.0047980187767550754,0.0047980187767550754,0.0047980187767550754
2026-03-08 13:21:25.223204,-0.0,-0.0,-0.0,-0.0,-0.0,-0.0,-0.0,-0.0,-0.0,-0.0,-0.0008925215973843592,-0.0008925215973843592,-0.0007437679978202994,-0.0014875359956405987,-0.0,-0.005355129584306155,-0.005355129584306155,-0.005206375984742096,-0.005950143982562395,-0.005950143982562395
2026-03-08 21:24:32.202410,0.0,0.0,0.0,0.0,0.0,0.0,0.0,0.0,0.0,0.0,-0.00023501901318598862,-0.00023501901318598862,-0.00029377376648248577,-0.00029377376648248577,-0.0,-0.0012632271958746889,-0.0012338498192264401,-0.001321981949171186,-0.001175095065929943,-0.001175095065929943
2026-03-08 22:04:55.625107,0.0,0.0,0.0,0.0,0.0,0.0,0.0,0.0,0.0,0.0,-0.0012290379219990388,-0.0012290379219990388,-0.0015362974024987987,-0.0015362974024987987,-0.0,-0.006606078830744834,-0.006452449090494953,-0.006913338311244593,-0.006145189609995195,-0.006145189609995195
2026-03-09 01:34:27.301341,0.00011889163795328006,0.0,0.0,0.0,0.0,0.00011889163795328006,0.0,0.0,0.0,0.0,0.001664482931345921,0.001664482931345921,0.0017833745692992012,0.0011889163795328007,0.0023778327590656015,0.005231232069944323,0.005231232069944323,0.0053501237078976025,0.004755665518131203,0.004755665518131203
2026-03-09 03:14:39.598337,0.00020628141581689798,0.00020628141581689798,0.0,0.0,0.0,0.00020628141581689798,0.00020628141581689798,0.0,0.0,0.0,0.0018565327423520816,0.0018565327423520816,0.0020628141581689797,0.0020628141581689797,0.0020628141581689797,0.004744472563788653,0.004744472563788653,0.004641331855880205,0.005157035395422449,0.004125628316337959
2026-03-09 05:54:55.425247,0.00015065955872036076,0.00015065955872036076,0.0,0.0,0.0,7.532977936018038e-05,0.00015065955872036076,0.0,0.0,0.0,0.0013559360284832467,0.0013559360284832467,0.0015065955872036075,0.0015065955872036075,0.0015065955872036075,0.003389840071208117,0.0033145102918479366,0.003389840071208117,0.003013191174407215,0.003013191174407215
2026-03-09 10:40:02.775270,-3.7545382564871946e-05,-3.7545382564871946e-05,-0.0,-0.0,-0.0,-3.7545382564871946e-05,-3.7545382564871946e-05,-0.0,-0.0,-0.0,-0.0003566811343662835,-0.00037545382564871946,-0.00037545382564871946,-0.00037545382564871946,-0.00037545382564871946,-0.0008259984164271828,-0.0008259984164271828,-0.0008447711077096187,-0.0007509076512974389,-0.0007509076512974389
2026-03-09 12:42:20.317884,0.00017816441371278468,0.00017816441371278468,0.0,0.0,0.0,0.00017816441371278468,0.00017816441371278468,0.0,0.0,0.0,0.0016925619302714545,0.001781644137127847,0.001781644137127847,0.001781644137127847,0.001781644137127847,0.0039196171016812635,0.0039196171016812635,0.004008699308537656,0.003563288274255694,0.003563288274255694
2026-03-09 15:12:31.375106,0.00023471362265912622,0.00023471362265912622,0.0,0.0,0.0,0.00023471362265912622,0.00023471362265912622,0.0,0.0,0.0,0.0023471362265912623,0.0023471362265912623,0.0023471362265912623,0.0023471362265912623,0.0023471362265912623,0.005398413321159903,0.005398413321159903,0.0052810565098303395,0.005867840566478155,0.004694272453182525
2026-03-09 17:47:37.912838,-0.00020258283715773206,-0.00020258283715773206,-0.0,-0.0,-0.0,-0.00020258283715773206,-0.00020258283715773206,-0.0,-0.0,-0.0,-0.0019245369529984546,-0.002025828371577321,-0.002025828371577321,-0.002025828371577321,-0.002025828371577321,-0.0043555309988912395,-0.004456822417470105,-0.004558113836048971,-0.004051656743154642,-0.004051656743154642
2026-03-09 22:35:57.886627,0.0001833792759310149,0.0001222528506206766,0.0003056321265516915,0.0,0.0,0.0001833792759310149,0.0001222528506206766,0.0003056321265516915,0.0,0.0,0.001283654931517104,0.001222528506206766,0.001222528506206766,0.001222528506206766,0.001222528506206766,0.00250618343772387,0.002445057012413532,0.002445057012413532,0.002445057012413532,0.002445057012413532
2026-03-10 02:21:04.934707,0.00018530631972787592,0.0001235375464852506,0.00030884386621312656,0.0,0.0,0.00018530631972787592,0.0001235375464852506,0.00030884386621312656,0.0,0.0,0.0012971442380951314,0.0012353754648525062,0.0012353754648525062,0.0012353754648525062,0.0012353754648525062,0.0025325197029476376,0.0024707509297050125,0.0024707509297050125,0.0024707509297050125,0.0024707509297050125
2026-03-10 04:09:56.654362,0.00013435384189690146,0.0001791384558625353,0.00022392306982816913,0.0,0.0,0.00013435384189690146,0.0001791384558625353,0.00022392306982816913,0.0,0.0,0.001030046121209578,0.0010748307351752116,0.0011196153491408456,0.0008956922793126765,0.0008956922793126765,0.0019705230144878884,0.0019705230144878884,0.0020153076284535223,0.001791384558625353,0.001791384558625353
2026-03-10 09:29:22.459668,0.0006892509867689389,0.0009190013156919186,0.0011487516446148983,0.0,0.0,0.0006892509867689389,0.0009190013156919186,0.0011487516446148983,0.0,0.0,0.005284257565228532,0.005514007894151511,0.005743758223074491,0.004595006578459593,0.004595006578459593,0.010109014472611104,0.010109014472611104,0.010338764801534084,0.009190013156919186,0.009190013156919186
2026-03-10 13:50:47.049998,-0.0004521600834728545,-0.00030144005564856967,-0.0007536001391214242,-0.0,-0.0,-0.0004521600834728545,-0.00030144005564856967,-0.0007536001391214242,-0.0,-0.0,-0.002863680528661412,-0.003014400556485697,-0.003014400556485697,-0.003014400556485697,-0.003014400556485697,-0.005878081085147109,-0.005727361057322824,-0.006028801112971394,-0.006028801112971394,-0.006028801112971394
2026-03-10 14:02:57.245864,-5.91785345104956e-05,-5.91785345104956e-05,-0.0,-0.0,-0.0,-5.91785345104956e-05,-5.91785345104956e-05,-0.0,-0.0,-0.0,-0.0005326068105944603,-0.0005326068105944603,-0.000591785345104956,-0.000591785345104956,-0.000591785345104956,-0.0010652136211889206,-0.0010652136211889206,-0.001035624353933673,-0.001183570690209912,-0.001183570690209912
2026-03-10 15:34:00.214527,0.0004731796987433823,0.0004731796987433823,0.0,0.0,0.0,0.0004731796987433823,0.0004731796987433823,0.0,0.0,0.0,0.004258617288690441,0.004258617288690441,0.004731796987433823,0.004731796987433823,0.004731796987433823,0.008517234577380881,0.008517234577380881,0.008280644728009191,0.009463593974867646,0.009463593974867646
2026-03-10 18:25:31.056906,-0.00016632303077771082,-0.0,-0.0,-0.0,-0.0,-0.0,-0.0,-0.0,-0.0,-0.0,-0.0016632303077771084,-0.0016632303077771084,-0.0016632303077771084,-0.0016632303077771084,-0.0,-0.0016632303077771084,-0.0016632303077771084,-0.0016632303077771084,-0.0016632303077771084,-0.003326460615554217
2026-03-10 21:41:54.018292,9.451224754305266e-05,0.0,0.0,0.0,0.0,9.451224754305266e-05,0.0,0.0,0.0,0.0,-0.0005670734852583159,-0.0005670734852583159,-0.0004725612377152633,-0.0009451224754305266,-0.0,-0.0006615857328013686,-0.0007560979803444213,-0.0004725612377152633,-0.0009451224754305266,-0.0
2026-03-10 23:19:56.328461,-3.4079409787546314e-05,-3.4079409787546314e-05,-0.0,-0.0,-0.0,-3.4079409787546314e-05,-3.4079409787546314e-05,-0.0,-0.0,-0.0,1.7039704893773157e-05,3.4079409787546314e-05,0.0,0.0,0.0,3.4079409787546314e-05,3.4079409787546314e-05,0.0,0.0,0.0
2026-03-11 05:42:33.029857,4.221602782666034e-05,4.221602782666034e-05,0.0,0.0,0.0,4.221602782666034e-05,4.221602782666034e-05,0.0,0.0,0.0,-2.110801391333017e-05,-4.221602782666034e-05,-0.0,-0.0,-0.0,-4.221602782666034e-05,-4.221602782666034e-05,-0.0,-0.0,-0.0
2026-03-11 09:38:34.151650,5.2644140278939045e-05,5.2644140278939045e-05,0.0,0.0,0.0,5.2644140278939045e-05,5.2644140278939045e-05,0.0,0.0,0.0,-2.6322070139469522e-05,-5.2644140278939045e-05,-0.0,-0.0,-0.0,-5.2644140278939045e-05,-5.2644140278939045e-05,-0.0,-0.0,-0.0
2026-03-11 12:37:11.759866,4.885477905414604e-05,4.885477905414604e-05,0.0,0.0,0.0,4.885477905414604e-05,4.885477905414604e-05,0.0,0.0,0.0,-2.442738952707302e-05,-4.885477905414604e-05,-0.0,-0.0,-0.0,-4.885477905414604e-05,-4.885477905414604e-05,-0.0,-0.0,-0.0
2026-03-11 14:42:56.931610,-0.0008499206646856816,-0.0008499206646856816,-0.001062400830857102,-0.0,-0.0,-0.0008499206646856816,-0.0008499206646856816,-0.001062400830857102,-0.0,-0.0,-0.0008499206646856816,-0.0008499206646856816,-0.001062400830857102,-0.0,-0.0,-0.0002124801661714204,-0.0,-0.0,-0.0,-0.0
2026-03-11 17:02:38.371274,0.00011087014739182277,8.869611791345822e-05,0.00011087014739182277,0.0,0.0,0.00011087014739182277,8.869611791345822e-05,0.00011087014739182277,0.0,0.0,0.00013304417687018733,0.00013304417687018733,0.00011087014739182277,0.00022174029478364555,0.0,0.00011087014739182277,8.869611791345822e-05,0.00011087014739182277,0.0,0.0
2026-03-11 17:20:21.769795,-0.0002533547653274515,-0.0002026838122619612,-0.0002533547653274515,-0.0,-0.0,-0.0002533547653274515,-0.0002026838122619612,-0.0002533547653274515,-0.0,-0.0,-0.0003040257183929418,-0.0003040257183929418,-0.0002533547653274515,-0.000506709530654903,-0.0,-0.0002533547653274515,-0.0002026838122619612,-0.0002533547653274515,-0.0,-0.0
2026-03-11 18:35:38.516579,0.00019801408450703661,0.0001584112676056293,0.00019801408450703661,0.0,0.0,0.00019801408450703661,0.0001584112676056293,0.00019801408450703661,0.0,0.0,0.00023761690140844394,0.00023761690140844394,0.00019801408450703661,0.00039602816901407323,0.0,0.00019801408450703661,0.0001584112676056293,0.00019801408450703661,0.0,0.0
2026-03-12 01:34:45.564240,0.000613634390392831,0.0004909075123142647,0.000613634390392831,0.0,0.0,0.000613634390392831,0.0004909075123142647,0.000613634390392831,0.0,0.0,0.0007363612684713972,0.0007363612684713972,0.000613634390392831,0.001227268780785662,0.0,0.000613634390392831,0.0004909075123142647,0.000613634390392831,0.0,0.0
2026-03-12 10:42:18.019242,-0.0004268734652132622,-0.0005122481582559146,-0.0004268734652132622,-0.0008537469304265244,-0.0,-0.0004268734652132622,-0.0005122481582559146,-0.0004268734652132622,-0.0008537469304265244,-0.0,-0.0007683722373838719,-0.0006829975443412195,-0.0008537469304265244,-0.0008537469304265244,-0.0,-0.0005976228512985671,-0.0005122481582559146,-0.0004268734652132622,-0.0008537469304265244,-0.0
2026-03-12 14:15:48.183053,-2.7291338229478157e-05,-2.7291338229478157e-05,-0.0,-0.0,-0.0,-2.7291338229478157e-05,-2.7291338229478157e-05,-0.0,-0.0,-0.0,-6.822834557369539e-05,-5.4582676458956315e-05,-6.822834557369539e-05,-0.0,-0.0,-8.187401468843447e-05,-8.187401468843447e-05,-6.822834557369539e-05,-0.00013645669114739078,-0.0
2026-03-12 17:35:35.529206,4.417423092369033e-05,4.417423092369033e-05,0.0,0.0,0.0,4.417423092369033e-05,4.417423092369033e-05,0.0,0.0,0.0,0.00011043557730922582,8.834846184738065e-05,0.00011043557730922582,0.0,0.0,0.00013252269277107097,0.00013252269277107097,0.00011043557730922582,0.00022087115461845165,0.0
2026-03-12 18:20:47.711579,0.00012256991929542326,8.171327953028218e-05,0.00020428319882570545,0.0,0.0,0.00012256991929542326,8.171327953028218e-05,0.00020428319882570545,0.0,0.0,0.0003268531181211287,0.0003268531181211287,0.0004085663976514109,0.0004085663976514109,0.0,0.0003677097578862698,0.0004085663976514109,0.0004085663976514109,0.0004085663976514109,0.0
2026-03-12 22:59:46.317783,-2.5951497860199345e-05,-1.7300998573466232e-05,-4.325249643366558e-05,-0.0,-0.0,-2.5951497860199345e-05,-1.7300998573466232e-05,-4.325249643366558e-05,-0.0,-0.0,-6.920399429386493e-05,-6.920399429386493e-05,-8.650499286733115e-05,-8.650499286733115e-05,-0.0,-7.785449358059804e-05,-8.650499286733115e-05,-8.650499286733115e-05,-8.650499286733115e-05,-0.0
2026-03-13 00:18:23.267236,-0.0005228743637458222,-0.00034858290916388145,-0.0008714572729097037,-0.0,-0.0,-0.0005228743637458222,-0.00034858290916388145,-0.0008714572729097037,-0.0,-0.0,-0.0013943316366555258,-0.0013943316366555258,-0.0017429145458194074,-0.0017429145458194074,-0.0,-0.0015686230912374665,-0.0017429145458194074,-0.0017429145458194074,-0.0017429145458194074,-0.0
2026-03-13 03:31:18.388580,-0.0,-0.0,-0.0,-0.0,-0.0,-0.0,-0.0,-0.0,-0.0,-0.0,0.00018632882566105736,0.00018632882566105736,0.0002329110320763217,0.0,0.0,0.00027949323849158603,0.00027949323849158603,0.0002329110320763217,0.0004658220641526434,0.0
2026-03-13 07:40:05.962066,-6.616237134586144e-05,-0.0,-0.0,-0.0,-0.0,-0.0,-0.0,-0.0,-0.0,-0.0,-0.000595461342112753,-0.0005292989707668916,-0.0006616237134586145,-0.0006616237134586145,-0.0,-0.0009262731988420604,-0.0009262731988420604,-0.000992435570187922,-0.0006616237134586145,-0.001323247426917229
2026-03-13 11:12:08.427762,-0.00011432158784022262,-0.0,-0.0,-0.0,-0.0,-0.0,-0.0,-0.0,-0.0,-0.0,-0.0010288942905620035,-0.0009145727027217809,-0.0011432158784022261,-0.0011432158784022261,-0.0,-0.0016005022297631167,-0.0016005022297631167,-0.0017148238176033395,-0.0011432158784022261,-0.0022864317568044522
2026-03-13 14:38:59.519788,0.0004673971839965607,0.0006231962453287477,0.0007789953066609346,0.0,0.0,0.0006231962453287477,0.0006231962453287477,0.0007789953066609346,0.0,0.0,-0.0004673971839965607,-0.0006231962453287477,-0.0007789953066609346,-0.0,-0.0,-0.0024927849813149907,-0.0024927849813149907,-0.002336985919982804,-0.0031159812266437384,-0.0031159812266437384
2026-03-13 16:58:51.812463,-0.0022788710163053017,-0.0020717009239139108,-0.0020717009239139108,-0.0020717009239139108,-0.0041434018478278215,-0.0022788710163053017,-0.0020717009239139108,-0.0020717009239139108,-0.0020717009239139108,-0.0041434018478278215,-0.0006215102771741732,-0.00041434018478278214,-0.0010358504619569554,-0.0,-0.0,0.00580076258695895,0.00580076258695895,0.006215102771741732,0.006215102771741732,0.0041434018478278215
2026-03-13 22:01:11.168591,-0.0017176548950130933,-0.0018321652213472994,-0.0017176548950130935,-0.002290206526684124,-0.002290206526684124,-0.0017176548950130933,-0.0018321652213472994,-0.0017176548950130935,-0.002290206526684124,-0.002290206526684124,-0.001030592937007856,-0.001145103263342062,-0.001145103263342062,-0.001145103263342062,-0.0,0.003206289137357774,0.003206289137357774,0.003435309790026187,0.003435309790026187,0.002290206526684124
2026-03-14 01:54:29.096037,-0.0006167528357042085,-0.0006492135112675879,-0.0006492135112675879,-0.0006492135112675879,-0.0006492135112675879,-0.0006167528357042085,-0.0006492135112675879,-0.0006492135112675879,-0.0006492135112675879,-0.0006492135112675879,-0.0004869101334506909,-0.0005193708090140703,-0.000486910133450691,-0.0006492135112675879,-0.0006492135112675879,0.0008439775646478643,0.0008439775646478643,0.0008115168890844848,0.000973820266901382,0.0006492135112675879
2026-03-14 05:19:55.410103,0.0006201184273337645,0.0006201184273337645,0.000689020474815294,0.000689020474815294,0.000689020474815294,0.0006545694510745292,0.0006201184273337645,0.000689020474815294,0.000689020474815294,0.000689020474815294,0.0005167653561114705,0.0004823143323707058,0.0005167653561114706,0.000344510237407647,0.000689020474815294,-0.000792373546037588,-0.0008268245697783527,-0.0008612755935191174,-0.000689020474815294,-0.000689020474815294
2026-03-14 13:34:56.205716,-0.0005033341646368794,-0.0005033341646368794,-0.000559260182929866,-0.000559260182929866,-0.000559260182929866,-0.0005312971737833727,-0.0005033341646368794,-0.000559260182929866,-0.000559260182929866,-0.000559260182929866,-0.0004194451371973995,-0.00039148212805090627,-0.00041944513719739955,-0.000279630091464933,-0.000559260182929866,0.0006431492103693459,0.0006711122195158392,0.0006990752286623325,0.000559260182929866,0.000559260182929866
2026-03-15 00:17:46.060800,0.0004753352924217813,0.0004753352924217813,0.0005281503249130904,0.0005281503249130904,0.0005281503249130904,0.0005017428086674359,0.0004753352924217813,0.0005281503249130904,0.0005281503249130904,0.0005281503249130904,0.0003961127436848177,0.00036970522743916327,0.0003961127436848178,0.0002640751624565452,0.0005281503249130904,-0.0006073728736500539,-0.0006337803898957084,-0.0006601879061413629,-0.0005281503249130904,-0.0005281503249130904
2026-03-15 03:32:47.214805,0.0007642537077658385,0.000794823856076472,0.0007642537077658385,0.0009171044493190062,0.0006114029662126708,0.0007642537077658385,0.000794823856076472,0.0007642537077658385,0.0009171044493190062,0.0006114029662126708,0.0007642537077658385,0.0007336835594552049,0.0007642537077658385,0.0006114029662126708,0.0006114029662126708,-0.0006114029662126708,-0.0006114029662126708,-0.0006114029662126708,-0.0006114029662126708,-0.0006114029662126708
2026-03-15 13:12:04.419606,0.0003559409014048387,0.00037017853746103226,0.0003559409014048387,0.0004271290816858065,0.00028475272112387094,0.0003559409014048387,0.00037017853746103226,0.0003559409014048387,0.0004271290816858065,0.00028475272112387094,0.0003559409014048387,0.00034170326534864513,0.0003559409014048387,0.00028475272112387094,0.00028475272112387094,-0.00028475272112387094,-0.00028475272112387094,-0.00028475272112387094,-0.00028475272112387094,-0.00028475272112387094
2026-03-15 20:39:14.294290,0.001336213859166495,0.001336213859166495,0.0013918894366317658,0.0011135115493054128,0.0011135115493054128,0.001336213859166495,0.001336213859166495,0.0013918894366317658,0.0011135115493054128,0.0011135115493054128,0.001336213859166495,0.001336213859166495,0.0013918894366317658,0.0011135115493054128,0.0011135115493054128,-0.0012805382817012245,-0.001336213859166495,-0.0013918894366317658,-0.0011135115493054128,-0.0011135115493054128
2026-03-15 23:00:01.510862,0.003265695886086561,0.003265695886086561,0.003401766548006835,0.002721413238405468,0.002721413238405468,0.003265695886086561,0.003265695886086561,0.003401766548006835,0.002721413238405468,0.002721413238405468,0.003265695886086561,0.003265695886086561,0.003401766548006835,0.002721413238405468,0.002721413238405468,-0.0031296252241662884,-0.003265695886086561,-0.003401766548006835,-0.002721413238405468,-0.002721413238405468
2026-03-16 00:11:16.315560,0.0008001986378802961,0.0008001986378802961,0.0008335402477919751,0.0006668321982335802,0.0006668321982335802,0.0008001986378802961,0.0008001986378802961,0.0008335402477919751,0.0006668321982335802,0.0006668321982335802,0.0007668570279686171,0.0008001986378802961,0.0008335402477919751,0.0006668321982335802,0.0006668321982335802,-0.0008001986378802961,-0.0008001986378802961,-0.0008335402477919751,-0.0006668321982335802,-0.0006668321982335802
2026-03-16 04:17:38.069420,0.0024653819462979775,0.0024653819462979775,0.0025681061940603933,0.0020544849552483146,0.0020544849552483146,0.0024653819462979775,0.0024653819462979775,0.0025681061940603933,0.0020544849552483146,0.0020544849552483146,0.002362657698535562,0.0024653819462979775,0.0025681061940603933,0.0020544849552483146,0.0020544849552483146,-0.0024653819462979775,-0.0024653819462979775,-0.0025681061940603933,-0.0020544849552483146,-0.0020544849552483146
2026-03-16 04:50:51.281986,0.000348228994248545,0.0003714442605317814,0.0003482289942485451,0.0004643053256647267,0.0004643053256647267,0.0003714442605317814,0.0003714442605317814,0.0003482289942485451,0.0004643053256647267,0.0004643053256647267,0.00023215266283236336,0.00023215266283236336,0.00023215266283236336,0.00023215266283236336,0.0004643053256647267,-0.0008589648524797444,-0.0008821801187629808,-0.0008125343199132718,-0.0009286106513294534,-0.0009286106513294534
2026-03-16 08:17:22.585483,-0.001090624642642507,-0.0011633329521520076,-0.0010906246426425072,-0.0014541661901900094,-0.0014541661901900094,-0.0011633329521520076,-0.0011633329521520076,-0.0010906246426425072,-0.0014541661901900094,-0.0014541661901900094,-0.0007270830950950047,-0.0007270830950950047,-0.0007270830950950047,-0.0007270830950950047,-0.0014541661901900094,0.002690207451851517,0.002762915761361018,0.002544790832832517,0.0029083323803800187,0.0029083323803800187
2026-03-16 10:56:03.067345,0.0005292320646425708,0.0005292320646425708,0.0005670343549741831,0.000378022903316122,0.000756045806632244,0.0005292320646425708,0.0005292320646425708,0.0005670343549741831,0.000378022903316122,0.000756045806632244,0.000378022903316122,0.000378022903316122,0.000378022903316122,0.000378022903316122,0.0,-0.0013608824519380392,-0.0013608824519380392,-0.0013230801616064272,-0.001512091613264488,-0.001512091613264488
2026-03-16 14:36:41.017322,-0.0003492390898731279,-0.0003492390898731279,-0.00037418473914977996,-0.0002494564927665199,-0.0004989129855330398,-0.0003492390898731279,-0.0003492390898731279,-0.00037418473914977996,-0.0002494564927665199,-0.0004989129855330398,-0.0002494564927665199,-0.0002494564927665199,-0.0002494564927665199,-0.0002494564927665199,-0.0,0.0008980433739594717,0.0008980433739594717,0.0008730977246828198,0.0009978259710660797,0.0009978259710660797
2026-03-16 16:31:17.975849,-0.0002863535417916252,-0.0003083807373140579,-0.0003304079328364907,-0.0002202719552243271,-0.0004405439104486542,-0.0003083807373140579,-0.0003083807373140579,-0.0003304079328364907,-0.0002202719552243271,-0.0004405439104486542,-0.00019824475970189436,-0.0002202719552243271,-0.0002202719552243271,-0.0002202719552243271,-0.0,0.0007489246477627122,0.0007489246477627122,0.0007709518432851448,0.0006608158656729814,0.0008810878208973084
2026-03-16 21:38:02.559650,0.0022091590812543726,0.002379094395197017,0.002549029709139661,0.0016993531394264407,0.0033987062788528814,0.002379094395197017,0.002379094395197017,0.002549029709139661,0.0016993531394264407,0.0033987062788528814,0.0015294178254837965,0.0016993531394264407,0.0016993531394264407,0.0016993531394264407,0.0,-0.005777800674049898,-0.005777800674049898,-0.005947735987992542,-0.005098059418279322,-0.006797412557705763
2026-03-17 00:09:31.330943,0.0006792271587943688,0.0006792271587943688,0.0006367754613697209,0.000849033948492961,0.000849033948492961,0.0006792271587943688,0.0006792271587943688,0.0006367754613697209,0.000849033948492961,0.000849033948492961,0.0005943237639450728,0.0005943237639450728,0.0006367754613697209,0.0004245169742464805,0.000849033948492961,-0.0014858094098626818,-0.0014433577124380338,-0.0014858094098626818,-0.0012735509227394417,-0.001698067896985922
2026-03-17 00:29:49.863020,0.00013224788578728664,0.00013224788578728664,0.00012398239292558123,0.0001653098572341083,0.0001653098572341083,0.00013224788578728664,0.00013224788578728664,0.00012398239292558123,0.0001653098572341083,0.0001653098572341083,0.00011571690006387582,0.00011571690006387582,0.00012398239292558123,8.265492861705415e-05,0.0001653098572341083,-0.00028929225015968953,-0.0002810267572979841,-0.00028929225015968953,-0.00024796478585116245,-0.0003306197144682166
2026-03-17 00:57:57.998387,0.00028249599999998767,0.00028249599999998767,0.00026483999999998847,0.00035311999999998456,0.00035311999999998456,0.00028249599999998767,0.00028249599999998767,0.00026483999999998847,0.00035311999999998456,0.00035311999999998456,0.0002471839999999892,0.0002471839999999892,0.00026483999999998847,0.00017655999999999228,0.00035311999999998456,-0.0006179599999999731,-0.0006003039999999738,-0.0006179599999999731,-0.0005296799999999769,-0.0007062399999999691
2026-03-17 01:27:12.705881,0.0014172284081891686,0.0014172284081891686,0.0015184590087741093,0.001012306005849406,0.002024612011698812,0.0014172284081891686,0.0014172284081891686,0.0015184590087741093,0.001012306005849406,0.002024612011698812,0.0011135366064343466,0.001012306005849406,0.001012306005849406,0.001012306005849406,0.002024612011698812,-0.0028344568163783373,-0.0028344568163783373,-0.0030369180175482185,-0.0030369180175482185,-0.002024612011698812
2026-03-17 01:40:59.844308,-0.0006213854533864138,-0.0006213854533864138,-0.0005178212111553449,-0.0005178212111553449,-0.0010356424223106897,-0.0006731675745019483,-0.0006213854533864138,-0.0007767318167330174,-0.0005178212111553449,-0.0010356424223106897,-0.00046603909003981037,-0.0005178212111553449,-0.0005178212111553449,-0.0005178212111553449,-0.0,0.0011909887856572932,0.0012427709067728276,0.0012945530278883621,0.0010356424223106897,0.0010356424223106897
2026-03-17 01:40:59.844359,0.0,0.0,0.0,0.0,0.0,0.0,0.0,0.0,0.0,0.0,0.0,0.0,0.0,0.0,0.0,-0.0,-0.0,-0.0,-0.0,-0.0
2026-03-17 01:40:59.844474,0.0,0.0,0.0,0.0,0.0,0.0,0.0,0.0,0.0,0.0,0.0,0.0,0.0,0.0,0.0,-0.0,-0.0,-0.0,-0.0,-0.0
2026-03-17 02:08:06.619228,-0.00034396291390728526,-0.00034396291390728526,-0.0002866357615894044,-0.0002866357615894044,-0.0005732715231788088,-0.00037262649006622575,-0.00034396291390728526,-0.0004299536423841067,-0.0002866357615894044,-0.0005732715231788088,-0.00025797218543046393,-0.0002866357615894044,-0.0002866357615894044,-0.0002866357615894044,-0.0,0.0006592622516556301,0.0006879258278145705,0.000716589403973511,0.0005732715231788088,0.0005732715231788088
2026-03-17 05:11:10.730571,-0.0014947958778267578,-0.0014947958778267578,-0.0012456632315222982,-0.0012456632315222982,-0.0024913264630445965,-0.0014947958778267578,-0.0014947958778267578,-0.0012456632315222982,-0.0012456632315222982,-0.0024913264630445965,-0.0011210969083700684,-0.0012456632315222982,-0.0012456632315222982,-0.0012456632315222982,-0.0,0.002117627493587907,0.0019930611704356773,0.0018684948472834475,0.0024913264630445965,0.0024913264630445965
2026-03-17 09:27:24.396552,-0.00012721631521669385,-0.00012721631521669385,-0.00012721631521669385,-0.00012721631521669385,-0.0002544326304333877,-0.00012721631521669385,-0.00012721631521669385,-0.00012721631521669385,-0.00012721631521669385,-0.0002544326304333877,-8.905142065168571e-05,-0.00010177305217335509,-6.360815760834692e-05,-0.00012721631521669385,-0.0,0.00022898936739004894,0.00022898936739004894,0.0002544326304333877,0.0002544326304333877,0.0002544326304333877
2026-03-17 15:00:26.469888,0.0003928958483246925,0.0003928958483246925,0.0003928958483246925,0.0003928958483246925,0.000785791696649385,0.0003928958483246925,0.0003928958483246925,0.0003928958483246925,0.0003928958483246925,0.000785791696649385,0.00027502709382728476,0.000314316678659754,0.00019644792416234624,0.0003928958483246925,0.0,-0.0007072125269844465,-0.0007072125269844465,-0.000785791696649385,-0.000785791696649385,-0.000785791696649385
2026-03-17 19:36:04.405485,0.00013466060376459145,0.00013466060376459145,0.00013466060376459145,0.00013466060376459145,0.0002693212075291829,0.00013466060376459145,0.00013466060376459145,0.00013466060376459145,0.00013466060376459145,0.0002693212075291829,9.426242263521402e-05,0.00010772848301167315,6.733030188229573e-05,0.00013466060376459145,0.0,-0.00024238908677626459,-0.00024238908677626459,-0.0002693212075291829,-0.0002693212075291829,-0.0002693212075291829
2026-03-18 03:33:44.923027,-0.00012830347623778992,-0.00012830347623778992,-0.00012830347623778992,-0.00012830347623778992,-0.00025660695247557984,-0.00012830347623778992,-0.00012830347623778992,-0.00012830347623778992,-0.00012830347623778992,-0.00025660695247557984,-8.981243336645295e-05,-0.00010264278099023194,-6.415173811889496e-05,-0.00012830347623778992,-0.0,0.00023094625722802186,0.00023094625722802186,0.00025660695247557984,0.00025660695247557984,0.00025660695247557984
2026-03-18 09:37:08.338200,-0.0010407046131751918,-0.0010407046131751918,-0.0010407046131751918,-0.0010407046131751918,-0.0020814092263503835,-0.0010407046131751918,-0.0010407046131751918,-0.0010407046131751918,-0.0010407046131751918,-0.0020814092263503835,-0.0007284932292226343,-0.0008325636905401534,-0.0005203523065875959,-0.0010407046131751918,-0.0,0.0018732683037153452,0.0018732683037153452,0.0020814092263503835,0.0020814092263503835,0.0020814092263503835
2026-03-18 12:08:15.093003,-0.00024855042750104194,-0.00024855042750104194,-0.0,-0.0,-0.0,-0.0003728256412515629,-0.00024855042750104194,-0.0006213760687526049,-0.0,-0.0,0.00024855042750104194,0.00024855042750104194,0.0,0.0,0.0,0.002982605130012503,0.002982605130012503,0.0031068803437630244,0.0024855042750104197,0.0024855042750104197
2026-03-18 14:32:44.186212,0.0009996547935315326,0.0009996547935315326,0.0008330456612762771,0.0016660913225525543,0.0,0.0009996547935315326,0.0009996547935315326,0.0008330456612762771,0.0016660913225525543,0.0,0.002332527851573576,0.002332527851573576,0.0024991369838288317,0.0016660913225525543,0.0033321826451051086,0.007164192686975983,0.006997583554720728,0.007497410951486494,0.006664365290210217,0.006664365290210217
2026-03-18 15:31:44.091082,-0.00041442121507871297,-0.00041442121507871297,-0.0005180265188483912,-0.0005180265188483912,-0.0,-0.00041442121507871297,-0.00041442121507871297,-0.0005180265188483912,-0.0005180265188483912,-0.0,-0.00020721060753935649,-0.00020721060753935649,-0.0002590132594241956,-0.0,-0.0,0.0007770397782725869,0.0008288424301574259,0.000777039778272587,0.0010360530376967824,0.0010360530376967824
2026-03-18 16:09:51.393690,9.821804405774072e-06,1.1224919320884653e-05,7.0155745755529075e-06,1.4031149151105815e-05,0.0,9.821804405774072e-06,1.1224919320884653e-05,7.0155745755529075e-06,1.4031149151105815e-05,0.0,7.0155745755529075e-06,8.418689490663489e-06,7.0155745755529075e-06,1.4031149151105815e-05,0.0,-9.821804405774072e-06,-8.418689490663489e-06,-7.0155745755529075e-06,-1.4031149151105815e-05,-0.0
2026-03-18 18:00:10.367200,0.0004192143658810377,0.00047910213243547163,0.00029943883277216976,0.0005988776655443395,0.0,0.0004192143658810377,0.00047910213243547163,0.00029943883277216976,0.0005988776655443395,0.0,0.00029943883277216976,0.0003593265993266037,0.00029943883277216976,0.0005988776655443395,0.0,-0.0004192143658810377,-0.0003593265993266037,-0.00029943883277216976,-0.0005988776655443395,-0.0
2026-03-19 03:04:29.419616,-0.0005587260246157778,-0.0006385440281323173,-0.0003990900175826984,-0.0007981800351653967,-0.0,-0.0005587260246157778,-0.0006385440281323173,-0.0003990900175826984,-0.0007981800351653967,-0.0,-0.0003990900175826984,-0.00047890802109923803,-0.0003990900175826984,-0.0007981800351653967,-0.0,0.0005587260246157778,0.00047890802109923803,0.0003990900175826984,0.0007981800351653967,0.0
2026-03-19 06:35:08.193805,-0.000261212100508712,-0.000261212100508712,-0.00032651512563589,-0.0,-0.0,-0.000261212100508712,-0.000261212100508712,-0.00032651512563589,-0.0,-0.0,0.0,0.0,0.0,0.0,0.0,0.001175454452289204,0.001175454452289204,0.00130606050254356,0.00130606050254356,0.00130606050254356
2026-03-19 07:15:45.699282,-0.001706523277203913,-0.001706523277203913,-0.0018961369746710146,-0.0018961369746710146,-0.0018961369746710146,-0.001706523277203913,-0.001706523277203913,-0.0018961369746710146,-0.0018961369746710146,-0.0018961369746710146,-0.0016117164284703623,-0.001706523277203913,-0.001422102731003261,-0.0018961369746710146,-0.0018961369746710146,0.00028442054620065216,0.0003792273949342029,0.00047403424366775364,0.0,0.0
2026-03-19 07:15:49.164520,0.0,0.0,0.0,0.0,0.0,0.0,0.0,0.0,0.0,0.0,0.0,0.0,0.0,0.0,0.0,0.0,0.0,0.0,0.0,0.0
2026-03-19 09:21:41.077317,0.0007648799999999988,0.000801302857142856,0.0007284571428571419,0.0007284571428571419,0.0007284571428571419,0.0007648799999999988,0.000801302857142856,0.0007284571428571419,0.0007284571428571419,0.0007284571428571419,0.0007648799999999988,0.000801302857142856,0.0007284571428571419,0.0007284571428571419,0.0007284571428571419,0.0,0.0,0.0,0.0,0.0
2026-03-19 13:19:58.204396,-0.002777483611121573,-0.0029097447354606955,-0.0026452224867824503,-0.0026452224867824503,-0.0026452224867824503,-0.002777483611121573,-0.0029097447354606955,-0.0026452224867824503,-0.0026452224867824503,-0.0026452224867824503,-0.002777483611121573,-0.0029097447354606955,-0.0026452224867824503,-0.0026452224867824503,-0.0026452224867824503,-0.0,-0.0,-0.0,-0.0,-0.0
2026-03-19 22:33:16.730753,0.0008907093120940891,0.0007634651246520763,0.0006362209372100636,0.0012724418744201273,0.0,0.0008907093120940891,0.0010179534995361018,0.0006362209372100636,0.0012724418744201273,0.0,0.0006362209372100636,0.0005089767497680509,0.0006362209372100636,0.0,0.0,-0.0015269302493041525,-0.0015269302493041525,-0.0012724418744201273,-0.0012724418744201273,-0.0025448837488402545
2026-03-20 03:50:25.985183,0.0009104161939633927,0.0009104161939633927,0.000975445922103635,0.0006502972814024233,0.0013005945628048465,0.0009104161939633927,0.0009104161939633927,0.000975445922103635,0.0006502972814024233,0.0013005945628048465,0.0009104161939633927,0.0009104161939633927,0.000975445922103635,0.0006502972814024233,0.0013005945628048465,-0.0,-0.0,-0.0,-0.0,-0.0
2026-03-20 12:07:04.002580,-4.009937104157091e-05,-4.009937104157091e-05,-4.296361183025455e-05,-2.8642407886836365e-05,-5.728481577367273e-05,-4.009937104157091e-05,-4.009937104157091e-05,-4.296361183025455e-05,-2.8642407886836365e-05,-5.728481577367273e-05,-4.009937104157091e-05,-4.009937104157091e-05,-4.296361183025455e-05,-2.8642407886836365e-05,-5.728481577367273e-05,0.0,0.0,0.0,0.0,0.0
2026-03-20 15:21:25.830308,-0.0018522338914965487,-0.0018522338914965487,-0.001984536312317731,-0.0013230242082118205,-0.002646048416423641,-0.0018522338914965487,-0.0018522338914965487,-0.001984536312317731,-0.0013230242082118205,-0.002646048416423641,-0.0018522338914965487,-0.0018522338914965487,-0.001984536312317731,-0.0013230242082118205,-0.002646048416423641,0.0,0.0,0.0,0.0,0.0
2026-03-21 05:02:31.245414,0.001893636698662744,0.00203930106009834,0.002184965421533936,0.001456643614355957,0.002913287228711914,0.00203930106009834,0.00203930106009834,0.002184965421533936,0.001456643614355957,0.002913287228711914,0.0026219585058407224,0.0026219585058407224,0.002913287228711914,0.002913287228711914,0.002913287228711914,0.0004369930843067871,0.0002913287228711914,0.0007283218071779785,0.0,0.0
2026-03-21 10:57:09.968933,-0.00019298270667837182,-0.00020782753026901582,-0.00022267235385965982,-0.00014844823590643986,-0.0002968964718128797,-0.00020782753026901582,-0.00020782753026901582,-0.00022267235385965982,-0.00014844823590643986,-0.0002968964718128797,-0.00019298270667837182,-0.00020782753026901582,-0.00022267235385965982,-0.00014844823590643986,-0.0002968964718128797,5.937929436257594e-05,5.937929436257594e-05,7.422411795321993e-05,0.0,0.0
2026-03-21 22:19:54.426613,-0.0004862390257717353,-0.0005236420277541765,-0.0005610450297366177,-0.0003740300198244118,-0.0007480600396488235,-0.0005236420277541765,-0.0005236420277541765,-0.0005610450297366177,-0.0003740300198244118,-0.0007480600396488235,-0.0004862390257717353,-0.0005236420277541765,-0.0005610450297366177,-0.0003740300198244118,-0.0007480600396488235,0.0001496120079297647,0.0001496120079297647,0.0001870150099122059,0.0,0.0
2026-03-22 01:36:35.114895,-0.00251096212881203,-0.0027041130617975707,-0.002897263994783112,-0.0019315093298554076,-0.0038630186597108152,-0.0027041130617975707,-0.0027041130617975707,-0.002897263994783112,-0.0019315093298554076,-0.0038630186597108152,-0.00251096212881203,-0.0027041130617975707,-0.002897263994783112,-0.0019315093298554076,-0.0038630186597108152,0.0007726037319421631,0.0007726037319421631,0.0009657546649277038,0.0,0.0
2026-03-22 11:52:19.322615,-0.001477788939304956,-0.0013641128670507285,-0.001705141083813411,-0.0011367607225422737,-0.0022735214450845475,-0.0015914650115591835,-0.0015914650115591835,-0.001705141083813411,-0.0011367607225422737,-0.0022735214450845475,-0.0017051410838134107,-0.0018188171560676381,-0.001705141083813411,-0.0022735214450845475,-0.0022735214450845475,0.00045470428901690953,0.00045470428901690953,0.0005683803612711369,0.0,0.0
2026-03-22 21:05:13.189880,-0.00040517441059276905,-0.0003740071482394791,-0.000467508935299349,-0.0003116726235328993,-0.0006233452470657986,-0.00046750893529934887,-0.000436341672946059,-0.000467508935299349,-0.0003116726235328993,-0.0006233452470657986,-0.000841516083538828,-0.0008103488211855381,-0.0007791815588322482,-0.000935017870598698,-0.0006233452470657986,-0.000436341672946059,-0.000436341672946059,-0.000467508935299349,-0.0003116726235328993,-0.0006233452470657986
2026-03-23 00:27:20.013445,0.0004101088235293959,0.0004101088235293959,0.0004556764705882177,0.0004556764705882177,0.0004556764705882177,0.0004556764705882177,0.0004556764705882177,0.0004556764705882177,0.0004556764705882177,0.0004556764705882177,0.0007746499999999702,0.0007746499999999702,0.000797433823529381,0.0006835147058823266,0.0009113529411764354,0.0004101088235293959,0.0004101088235293959,0.0004556764705882177,0.0004556764705882177,0.0004556764705882177
2026-03-23 05:52:53.086974,0.000938767012158923,0.000938767012158923,0.0007823058434657693,0.0007823058434657693,0.0015646116869315386,0.0011734587651986538,0.001095228180852077,0.001173458765198654,0.0007823058434657693,0.0015646116869315386,0.002503378699090462,0.002503378699090462,0.002346917530397308,0.002346917530397308,0.003129223373863077,0.0010169975965055001,0.001095228180852077,0.001173458765198654,0.0007823058434657693,0.0015646116869315386
2026-03-23 07:51:21.707233,-0.0005335595927737735,-0.0005335595927737735,-0.0004446329939781446,-0.0004446329939781446,-0.0008892659879562892,-0.0006224861915694025,-0.0006224861915694025,-0.000666949490967217,-0.0004446329939781446,-0.0008892659879562892,-0.00208977507169728,-0.002134238371095094,-0.002000848472901651,-0.002223164969890723,-0.0017785319759125785,-0.0015117521795256917,-0.0015117521795256917,-0.0015562154789235062,-0.001333898981934434,-0.0017785319759125785
2026-03-23 11:08:04.069167,0.0035779575828389287,0.0035779575828389287,0.002981631319032441,0.002981631319032441,0.005963262638064882,0.004174283846645417,0.004174283846645417,0.004472446978548662,0.002981631319032441,0.005963262638064882,0.014013667199452472,0.014311830331355715,0.013417340935645982,0.014908156595162203,0.011926525276129763,0.010137546484710299,0.010137546484710299,0.010435709616613543,0.008944893957097324,0.011926525276129763
2026-03-23 13:33:40.069799,0.0007200175173476797,0.0007200175173476797,0.0006000145977897331,0.0006000145977897331,0.0012000291955794663,0.0008400204369056264,0.0008400204369056264,0.0009000218966845998,0.0006000145977897331,0.0012000291955794663,0.002700065690053799,0.0027600671498327722,0.002700065690053799,0.0030000729889486655,0.0024000583911589326,0.002100051092264066,0.002160052552043039,0.002100051092264066,0.0024000583911589326,0.0024000583911589326
2026-03-23 15:45:51.383075,-0.001214344273402359,-0.001214344273402359,-0.0010119535611686325,-0.0010119535611686325,-0.002023907122337265,-0.0014167349856360858,-0.0014167349856360858,-0.001517930341752949,-0.0010119535611686325,-0.002023907122337265,-0.004857377093609436,-0.004857377093609436,-0.005059767805843163,-0.005059767805843163,-0.00404781424467453,-0.003643032820207077,-0.003643032820207077,-0.003541837464090214,-0.00404781424467453,-0.00404781424467453
2026-03-24 11:12:19.044118,0.0018644107675689536,0.0018644107675689536,0.0015536756396407948,0.0015536756396407948,0.0031073512792815896,0.002175145895497113,0.002175145895497113,0.0023305134594611924,0.0015536756396407948,0.0031073512792815896,0.008389848454060291,0.008389848454060291,0.008545216018024372,0.0077683781982039735,0.00932205383784477,0.007613010634239894,0.007457643070275815,0.0077683781982039735,0.0077683781982039735,0.006214702558563179
2026-03-24 18:01:55.775470,-0.0032146347491041503,-0.0032146347491041503,-0.0026788622909201254,-0.0026788622909201254,-0.005357724581840251,-0.003750407207288176,-0.003750407207288176,-0.004018293436380189,-0.0026788622909201254,-0.005357724581840251,-0.011786994080048551,-0.011786994080048551,-0.012054880309140564,-0.010715449163680502,-0.010715449163680502,-0.010715449163680502,-0.010715449163680502,-0.010715449163680502,-0.010715449163680502,-0.010715449163680502
2026-03-24 23:09:02.312182,0.0021042462017919748,0.0021042462017919748,0.0017535385014933126,0.0017535385014933126,0.003507077002986625,0.0024549539020906376,0.0024549539020906376,0.0026303077522399692,0.0017535385014933126,0.003507077002986625,0.007890923256719907,0.008066277106869238,0.007890923256719907,0.008767692507466562,0.00701415400597325,0.007715569406570575,0.007715569406570575,0.007890923256719907,0.00701415400597325,0.00701415400597325
2026-03-25 05:06:14.584190,0.000940917436188009,0.000940917436188009,0.0007840978634900076,0.0007840978634900076,0.0015681957269800151,0.0010977370088860107,0.0010977370088860107,0.0011761467952350114,0.0007840978634900076,0.0015681957269800151,0.0033716208130070324,0.0032932110266580316,0.003528440385705034,0.0031363914539600302,0.0031363914539600302,0.0032932110266580316,0.0032932110266580316,0.0031363914539600302,0.0031363914539600302,0.0031363914539600302
2026-03-25 08:42:44.910937,0.0007335164765592061,0.0007335164765592061,0.0006112637304660052,0.0006112637304660052,0.0012225274609320104,0.0008557692226524073,0.0008557692226524073,0.0009168955956990078,0.0006112637304660052,0.0012225274609320104,0.002811813160143624,0.002811813160143624,0.002750686787097023,0.0030563186523300256,0.0024450549218640208,0.003178571398423227,0.003178571398423227,0.0030563186523300256,0.0030563186523300256,0.0036675823827960314
2026-03-25 09:45:00.471641,-0.0012699105224717399,-0.0012699105224717399,-0.00105825876872645,-0.00105825876872645,-0.0021165175374529,-0.00148156227621703,-0.00148156227621703,-0.0015873881530896752,-0.00105825876872645,-0.0021165175374529,-0.00486799033614167,-0.00486799033614167,-0.004762164459269025,-0.00529129384363225,-0.0042330350749058,-0.00529129384363225,-0.00529129384363225,-0.00529129384363225,-0.00529129384363225,-0.006349552612358701
2026-03-25 16:02:25.839457,0.0003408266521829084,0.0003408266521829084,0.0002840222101524237,0.0002840222101524237,0.0005680444203048474,0.0003976310942133932,0.0003976310942133932,0.0004260333152286356,0.0002840222101524237,0.0005680444203048474,0.001221295503655422,0.0011928932826401795,0.0012780999456859065,0.0011360888406096949,0.0011360888406096949,0.001306502166701149,0.001306502166701149,0.0012780999456859065,0.0014201110507621184,0.0011360888406096949
2026-03-25 18:16:16.198299,0.000170962310581535,0.000170962310581535,0.00014246859215127916,0.00014246859215127916,0.0002849371843025583,0.00019945602901179084,0.00019945602901179084,0.00021370288822691877,0.00014246859215127916,0.0002849371843025583,0.0006126149462505004,0.0005983680870353725,0.0006411086646807562,0.0005698743686051166,0.0005698743686051166,0.0006553555238958842,0.0006553555238958842,0.0006411086646807562,0.0007123429607563958,0.0005698743686051166
2026-03-26 04:11:39.227517,-0.0002957903702206854,-0.0002957903702206854,-0.00024649197518390454,-0.00024649197518390454,-0.0004929839503678091,-0.0003450887652574664,-0.0003450887652574664,-0.00036973796277585684,-0.00024649197518390454,-0.0004929839503678091,-0.0010599154932907895,-0.001035266295772399,-0.0011092138883275705,-0.0009859679007356182,-0.0009859679007356182,-0.001133863085845961,-0.001133863085845961,-0.0011092138883275705,-0.0012324598759195227,-0.0009859679007356182
2026-03-26 08:42:34.639811,-0.0015692518530463183,-0.0015692518530463183,-0.0013077098775385989,-0.0013077098775385989,-0.0026154197550771977,-0.0018307938285540384,-0.0018307938285540384,-0.0019615648163078983,-0.0013077098775385989,-0.0026154197550771977,-0.005623152473415974,-0.005492381485662114,-0.0058846944489236944,-0.0052308395101543954,-0.0052308395101543954,-0.006015465436677555,-0.006015465436677555,-0.0058846944489236944,-0.006538549387692993,-0.0052308395101543954
2026-03-26 12:13:26.602613,-0.0007737945822314262,-0.0007737945822314262,-0.0006448288185261886,-0.0006448288185261886,-0.0012896576370523773,-0.000902760345936664,-0.000902760345936664,-0.000967243227789283,-0.0006448288185261886,-0.0012896576370523773,-0.0028372468015152295,-0.0028372468015152295,-0.0029017296833678484,-0.0025793152741047545,-0.0025793152741047545,-0.003095178328925705,-0.003095178328925705,-0.003224144092630943,-0.003224144092630943,-0.0025793152741047545
2026-03-26 17:57:02.375413,-0.0014333927400631196,-0.0014333927400631196,-0.0011944939500525998,-0.0011944939500525998,-0.0023889879001051995,-0.0016722915300736397,-0.0016722915300736397,-0.0017917409250788998,-0.0011944939500525998,-0.0023889879001051995,-0.005375222775236699,-0.005255773380231439,-0.005375222775236699,-0.004777975800210399,-0.004777975800210399,-0.005972469750262999,-0.005972469750262999,-0.005972469750262999,-0.005972469750262999,-0.004777975800210399
2026-03-26 19:29:40.915346,-0.00029635803755413193,-0.00029635803755413193,-0.00024696503129510993,-0.00024696503129510993,-0.0004939300625902199,-0.00034575104381315394,-0.00034575104381315394,-0.00037044754694266497,-0.00024696503129510993,-0.0004939300625902199,-0.0011360391439575058,-0.0011360391439575058,-0.0011113426408279948,-0.0012348251564755497,-0.0009878601251804397,-0.0012348251564755497,-0.0012348251564755497,-0.0012348251564755497,-0.0012348251564755497,-0.0014817901877706599
2026-03-27 00:37:26.367808,0.0004295042821530881,0.0004295042821530881,0.00035792023512757346,0.00035792023512757346,0.0007158404702551469,0.0005010883291786029,0.0005010883291786029,0.0005368803526913603,0.00035792023512757346,0.0007158404702551469,0.0018253931991506246,0.0018611852226633819,0.0017896011756378671,0.0017896011756378671,0.002147521410765441,0.0020759373637399257,0.0020759373637399257,0.002147521410765441,0.002147521410765441,0.002147521410765441
2026-03-27 11:47:03.111513,-0.003147750783717309,-0.003147750783717309,-0.0026231256530977578,-0.0026231256530977578,-0.0052462513061955155,-0.003672375914336861,-0.003672375914336861,-0.003934688479646637,-0.0026231256530977578,-0.0052462513061955155,-0.013377940830798563,-0.01364025339610834,-0.013115628265488788,-0.013115628265488788,-0.015738753918586548,-0.015214128787966992,-0.015214128787966992,-0.015738753918586548,-0.015738753918586548,-0.015738753918586548
2026-03-27 14:22:55.597758,-0.0016955183215103453,-0.0016955183215103453,-0.0014129319345919545,-0.0014129319345919545,-0.002825863869183909,-0.0019781047084287363,-0.0019781047084287363,-0.002119397901887932,-0.0014129319345919545,-0.002825863869183909,-0.007488539253337359,-0.007347246059878163,-0.00777112564025575,-0.007064659672959772,-0.008477591607551727,-0.00777112564025575,-0.007912418833714945,-0.00777112564025575,-0.008477591607551727,-0.008477591607551727
2026-03-27 14:22:56.794763,0.0,0.0,0.0,0.0,0.0,0.0,0.0,0.0,0.0,0.0,0.0,0.0,0.0,0.0,0.0,0.0,0.0,0.0,0.0,0.0
2026-03-27 20:06:15.332343,0.0003654181818181801,0.0003654181818181801,0.0003045151515151501,0.0003045151515151501,0.0006090303030303002,0.0004567727272727251,0.00042632121212121015,0.00045677272727272515,0.0003045151515151501,0.0006090303030303002,0.0008526424242424203,0.0008526424242424203,0.0009135454545454503,0.0009135454545454503,0.0006090303030303002,0.0007003848484848452,0.0006699333333333302,0.0007612878787878752,0.0006090303030303002,0.0006090303030303002
2026-03-28 08:29:48.336524,0.0008323200049304357,0.0008323200049304357,0.0006936000041086965,0.0006936000041086965,0.001387200008217393,0.0010404000061630446,0.0009710400057521752,0.0010404000061630448,0.0006936000041086965,0.001387200008217393,0.0019420800115043503,0.0019420800115043503,0.0020808000123260896,0.0020808000123260896,0.001387200008217393,0.001595280009450002,0.0015259200090391323,0.0017340000102717412,0.001387200008217393,0.001387200008217393
2026-03-28 14:54:20.229109,0.0003931044259576577,0.0003931044259576577,0.0003275870216313814,0.0003275870216313814,0.0006551740432627629,0.00045862183028393404,0.00045862183028393404,0.0004913805324470722,0.0003275870216313814,0.0006551740432627629,0.00140862419301494,0.001375865490851802,0.0014741415973412164,0.0013103480865255257,0.0013103480865255257,0.001375865490851802,0.001375865490851802,0.0013103480865255257,0.0013103480865255257,0.0013103480865255257
2026-03-28 18:37:04.923910,0.00020905366924985457,0.00020905366924985457,0.0001742113910415455,0.0001742113910415455,0.000348422782083091,0.0002438959474581637,0.0002438959474581637,0.00026131708656231825,0.0001742113910415455,0.000348422782083091,0.0007491089814786456,0.000731687842374491,0.0007839512596869547,0.000696845564166182,0.000696845564166182,0.000731687842374491,0.000731687842374491,0.000696845564166182,0.000696845564166182,0.000696845564166182
2026-03-29 01:12:09.818865,-0.0006747187067458693,-0.0006747187067458693,-0.0005622655889548911,-0.0005622655889548911,-0.0011245311779097822,-0.0007871718245368476,-0.0007871718245368476,-0.0008433983834323367,-0.0005622655889548911,-0.0011245311779097822,-0.002417742032506032,-0.0023615154736105425,-0.00253019515029701,-0.0022490623558195644,-0.0022490623558195644,-0.0023615154736105425,-0.0023615154736105425,-0.0022490623558195644,-0.0022490623558195644,-0.0022490623558195644
2026-03-29 05:53:13.552347,0.0004917744873258911,0.0004917744873258911,0.00040981207277157594,0.00040981207277157594,0.0008196241455431519,0.0005737369018802064,0.0005737369018802064,0.000614718109157364,0.00040981207277157594,0.0008196241455431519,0.0017621919129177765,0.001721210705640619,0.0018441543274720917,0.0016392482910863038,0.0016392482910863038,0.001721210705640619,0.001721210705640619,0.0016392482910863038,0.0016392482910863038,0.0016392482910863038
2026-03-29 13:24:40.095170,-0.0002804667569125296,-0.0002804667569125296,-0.00023372229742710804,-0.00023372229742710804,-0.0004674445948542161,-0.0003272112163979513,-0.0003272112163979513,-0.00035058344614066213,-0.00023372229742710804,-0.0004674445948542161,-0.0010050058789365646,-0.0009816336491938538,-0.0010517503384219861,-0.0009348891897084322,-0.0009348891897084322,-0.0009816336491938538,-0.0009816336491938538,-0.0009348891897084322,-0.0009348891897084322,-0.0009348891897084322
2026-03-29 22:45:13.468145,-0.00212277783430316,-0.00212277783430316,-0.0017689815285859669,-0.0017689815285859669,-0.0035379630571719337,-0.0024765741400203534,-0.0024765741400203534,-0.0026534722928789503,-0.0017689815285859669,-0.0035379630571719337,-0.007606620572919657,-0.0074297224200610594,-0.00796041687863685,-0.0070759261143438675,-0.0070759261143438675,-0.0074297224200610594,-0.0074297224200610594,-0.0070759261143438675,-0.0070759261143438675,-0.0070759261143438675
2026-03-30 01:12:26.650294,0.0017794847888351927,0.0017794847888351927,0.001482903990695994,0.001482903990695994,0.002965807981391988,0.0020760655869743916,0.0020760655869743916,0.002224355986043991,0.001482903990695994,0.002965807981391988,0.006079906361853576,0.005931615962783976,0.005931615962783976,0.005931615962783976,0.005931615962783976,0.006079906361853576,0.006228196760923174,0.005931615962783976,0.005931615962783976,0.005931615962783976
2026-03-30 04:09:02.380407,0.0017738651567741658,0.0017738651567741658,0.0014782209639784716,0.0014782209639784716,0.0029564419279569432,0.0020695093495698602,0.0020695093495698602,0.0022173314459677075,0.0014782209639784716,0.0029564419279569432,0.006060705952311734,0.0059128838559138865,0.0059128838559138865,0.0059128838559138865,0.0059128838559138865,0.006060705952311734,0.00620852804870958,0.0059128838559138865,0.0059128838559138865,0.0059128838559138865
2026-03-30 08:19:54.436600,0.0007826218338023771,0.0007826218338023771,0.000652184861501981,0.000652184861501981,0.001304369723003962,0.0009130588061027734,0.0009130588061027734,0.0009782772922529717,0.000652184861501981,0.001304369723003962,0.002804394904458518,0.00273917641830832,0.0029348318767589143,0.002608739446007924,0.002608739446007924,0.00273917641830832,0.00273917641830832,0.002608739446007924,0.002608739446007924,0.002608739446007924
2026-03-30 14:46:04.606784,-0.0012182199663901283,-0.0012182199663901283,-0.001015183305325107,-0.001015183305325107,-0.002030366610650214,-0.0014212566274551498,-0.0014212566274551498,-0.0015227749579876605,-0.001015183305325107,-0.002030366610650214,-0.00436528821289796,-0.004263769882365449,-0.004568324873962981,-0.004060733221300428,-0.004060733221300428,-0.004263769882365449,-0.004263769882365449,-0.004060733221300428,-0.004060733221300428,-0.004060733221300428
2026-03-30 19:41:00.863476,-0.0014329248665672534,-0.0014329248665672534,-0.0011941040554727111,-0.0011941040554727111,-0.0023882081109454223,-0.0016717456776617957,-0.0016717456776617957,-0.001791156083209067,-0.0011941040554727111,-0.0023882081109454223,-0.00871695960495079,-0.00859754919940352,-0.008955780416045334,-0.008358728388308978,-0.00955283244378169,-0.009433422038234418,-0.00955283244378169,-0.00955283244378169,-0.00955283244378169,-0.00955283244378169
2026-03-31 01:32:44.529776,0.002785589726698241,0.002785589726698241,0.0023213247722485343,0.0023213247722485343,0.0046426495444970685,0.0032498546811479483,0.0032498546811479483,0.0034819871583728016,0.0023213247722485343,0.0046426495444970685,0.01555287597406518,0.015320743496840327,0.015088611019615472,0.016249273405739742,0.013927948633491206,0.016249273405739742,0.016249273405739742,0.016249273405739742,0.016249273405739742,0.013927948633491206
2026-03-31 04:14:55.000554,-0.00048001764705881463,-0.00048001764705881463,-0.0004000147058823456,-0.0004000147058823456,-0.0008000294117646912,-0.0005600205882352839,-0.0005600205882352839,-0.0006000220588235184,-0.0004000147058823456,-0.0008000294117646912,-0.0026800985294117155,-0.002640097058823481,-0.0026000955882352463,-0.002800102941176419,-0.0024000882352940736,-0.002800102941176419,-0.002800102941176419,-0.002800102941176419,-0.002800102941176419,-0.0024000882352940736
2026-03-31 09:56:41.700913,-0.0027880230906011105,-0.0027880230906011105,-0.0023233525755009254,-0.0023233525755009254,-0.004646705151001851,-0.003252693605701296,-0.003252693605701296,-0.0034850288632513886,-0.0023233525755009254,-0.004646705151001851,-0.015566462255856202,-0.015334126998306108,-0.015101791740756015,-0.016263468028506478,-0.013940115453005554,-0.016263468028506478,-0.016263468028506478,-0.016263468028506478,-0.016263468028506478,-0.013940115453005554
2026-03-31 13:49:24.922487,0.002096403823598809,0.002096403823598809,0.001747003186332341,0.001747003186332341,0.003494006372664682,0.0024458044608652776,0.0024458044608652776,0.002620504779498512,0.001747003186332341,0.003494006372664682,0.006988012745329364,0.006988012745329364,0.006988012745329364,0.006988012745329364,0.006988012745329364,0.0071627130639625985,0.007337413382595832,0.006988012745329364,0.006988012745329364,0.006988012745329364
2026-03-31 15:55:31.300992,-0.0016597615664204967,-0.0016597615664204967,-0.0013831346386837474,-0.0013831346386837474,-0.002766269277367495,-0.0019363884941572464,-0.0019363884941572464,-0.0020747019580256215,-0.0013831346386837474,-0.002766269277367495,-0.00553253855473499,-0.00553253855473499,-0.00553253855473499,-0.00553253855473499,-0.00553253855473499,-0.005670852018603364,-0.005809165482471739,-0.00553253855473499,-0.00553253855473499,-0.00553253855473499
2026-03-31 17:14:17.323395,0.003738504675262515,0.003738504675262515,0.003115420562718763,0.003115420562718763,0.006230841125437526,0.0046731308440781435,0.004361588787806268,0.004673130844078144,0.003115420562718763,0.006230841125437526,0.00996934580070004,0.00996934580070004,0.009346261688156289,0.009346261688156289,0.012461682250875052,0.009346261688156287,0.009346261688156287,0.009346261688156289,0.009346261688156289,0.012461682250875052
2026-03-31 22:19:56.612299,-0.0,-0.0,-0.0,-0.0,-0.0,-0.0,-0.0,-0.0,-0.0,-0.0,-0.0,-0.0,-0.0,-0.0,-0.0,-0.0,-0.0,-0.0,-0.0,-0.0
