bar_id,roll_c,roll_sigma_u,parkinson_vol_20bar,corwin_schultz_spread,becker_parkinson_sigma,kyle_lambda,amihud_lambda_20bar,vpin_10bar,round_number_fraction,serial_corr_signed_flow,tick_rule_accuracy
0,,,,,,4258.799606176843,,,0.0,0.6408461287109104,0.6666666666666666
1,,,,0.0,0.015129909755013826,2543.297499337925,,,0.0,0.5714285714285716,0.8928571428571429
2,,,,0.0,0.010791476046221249,917.7024533759698,,,0.0,0.20054531545702312,0.5714285714285714
3,,,,0.0,0.013066624852624657,700.2872024710713,,,0.06382978723404255,0.4012280321754779,0.6382978723404256
4,,,,0.0,0.009417046059246589,567.3785453326768,,,0.058823529411764705,0.5755517826825128,0.7450980392156863
5,,,,0.012897758854496504,0.0017856583793078584,-1440.3138117137864,,,0.0,0.43421052631578955,0.4772727272727273
6,,,,0.0036327637565308772,0.005885587746713661,2023.440102477447,,,0.0,0.25000000000000006,0.5675675675675675
7,,,,0.0,0.012166074678868037,3696.818059212336,,,0.0,0.4707919090691997,0.75
8,,,,0.004327598444138415,0.005136192223631229,2128.854556122089,,,0.043478260869565216,0.2142857142857142,0.7391304347826086
9,,,,0.0008267793893328148,0.008562626482268635,497.5809744199244,,0.27417749337470104,0.0,0.29565008617533844,0.6111111111111112
10,,,,0.011401597787278674,0.0033514964127343005,6114.136299048299,,0.2898341186342219,0.0,0.7055555555555557,0.6296296296296297
11,,,,0.013919158583775364,0.00024388426314064446,60.395630028331524,,0.2793680851891724,0.05555555555555555,0.11677484162422838,0.5277777777777778
12,,,,0.0,0.01920483106418884,-760.3326716165822,,0.304102882896884,0.019230769230769232,0.41140264553371164,0.5961538461538461
13,,,,0.009177401999178126,0.005130229175762953,453.3566704077075,,0.30156724452495925,0.05128205128205128,0.2774167928588263,0.6153846153846154
14,,,,0.01133262983157093,0.0037873711549222602,5446.30251580975,,0.28292987802913644,0.0,-0.03374196088105532,0.6122448979591837
15,,,,0.004518161874902293,0.004398976410244754,-94.19256926030563,,0.4287250463950604,0.0,0.12500000000000006,0.7586206896551724
16,,,,0.0,0.004810310943982083,36.690512491815,,0.48225481737129705,0.0,0.625,0.46153846153846156
17,,,,0.0,0.0021934116926487527,0.0,,0.5517243317687399,0.0,,0.0
18,,,,0.0,0.0010235642804376811,2626.936638644584,,0.6103857952330646,0.0,0.33864810597807815,1.0
19,,,0.0073871592942982576,0.0,0.0032681562136962945,-77.81987692244996,5.500671591959818e-07,0.6949009023312429,0.0,,0.7692307692307693
20,324.32313205996184,341.1955678019421,0.007136403884532419,0.0,0.003003118157783891,-333.22972151885165,5.109535126086959e-07,0.7423454287345664,0.0,0.35714285714285715,0.7
21,330.91241979099533,268.1916668086705,0.0070555201712089516,0.0,0.0008853417434751499,,5.058292780051828e-07,0.799251902489359,0.0,,0.0
22,326.7281305459642,277.6199250961792,0.006932553123885173,0.0,0.0014280720749185556,-3701.7252554016723,4.740072469997833e-07,0.8025141172562698,0.0,0.692820323027551,0.5925925925925926
23,345.42682313978867,180.88068934944465,0.006780424142491198,0.0,0.0014280720749185556,,3.7813592685384665e-07,0.86055878809866,0.0,,1.0
24,325.78883500069986,228.22062804706604,0.006495376879459064,0.0,0.0,0.0,3.48245188557252e-07,0.9283457432864376,0.0,,1.0
25,325.53723046573435,193.5289106223258,0.006108851555110806,0.0,0.0017706949776846049,-102.02402652455636,3.577113403667742e-07,0.9264643690513507,0.0,0.4230769230769229,0.6875
26,321.57033150159987,206.88088558868176,0.006029860358802077,0.0,0.0017706949776846049,0.0,3.0546965576253163e-07,0.9416656928051109,0.0,,1.0
27,283.63065113790805,211.47531776263122,0.005644585791730684,0.0,0.000885326797688797,-90.64589273445866,2.926838753851189e-07,0.940467316656231,0.0,,1.0
28,229.6991089262676,300.27430733302344,0.005547450977075269,0.0,0.000885326797688797,0.0,2.392740543567935e-07,0.9467830396856349,0.0,,1.0
29,193.27244779862232,231.1727728104212,0.004928270524662354,0.0,0.0,0.0,2.2466069742473407e-07,0.9442147370382062,0.0,,1.0
30,210.99162909034982,189.60399490911652,0.004544792265834753,0.0,0.0,0.0,2.0066801498029977e-07,0.9478169934640522,0.0,,1.0
31,264.765284384501,0.0,0.004118819476744713,0.0,0.001053844874653972,189.17756562988825,1.651817557571596e-07,0.9477371987557472,0.0,,1.0
32,167.38546400694287,124.9289395793234,0.0036355217540251865,0.0,0.0008154983314396401,0.0,1.2235568682699245e-07,0.9958985506503361,0.0,,1.0
33,86.41251158868602,133.13144543933166,0.0024677709796518173,0.0,0.0,,1.0302163347803474e-07,0.9954308690487069,0.0,,1.0
34,0.0,180.97648232404742,0.0015275930311580725,0.0,0.00027272315280014255,-20.391592663753556,6.073599052427619e-08,0.9953659723348548,0.0,,0.8823529411764706
35,0.0,108.74345050923705,0.0011624217577965727,0.0,0.0014824745890126556,-240.23761450381474,5.97311601276209e-08,0.9888504017820696,0.0,0.7166666666666668,0.9714285714285714
36,0.0,101.97654933727122,0.0009536490387091373,0.0,0.0007802806646049936,0.0,6.033328759983308e-08,0.9886641212322432,0.0,,1.0
37,0.0,104.04471884329965,0.001101072420760183,0.0,0.0018160689470074261,1491.280994118811,6.663935548889452e-08,0.9285693226645282,0.0,0.8452380952380952,0.7407407407407407
38,0.0,101.48277061024193,0.0010565928063333205,0.0,0.0019520278834919387,-189.08774048870828,5.950106411890467e-08,0.9281750266808966,0.0,,1.0
39,29.215859277681304,79.5616242303731,0.0010381324368202262,1.275441729714891e-05,0.0005797021425732855,,5.1144928140792324e-08,0.9285571059553439,0.0,,1.0
40,74.75281525532282,508.6175636125587,0.005124676474985298,5.626942247903957e-05,0.016557945823016368,2760.300926868225,1.7273443384087576e-07,0.8503290935265437,0.0,0.2501595914621521,0.5964912280701754
41,0.0,806.7517099409965,0.006242652830575264,0.0,0.03754042658268052,7263.303196911498,2.4112146202971464e-07,0.7688575049791779,0.014285714285714285,0.6222605812344464,0.6714285714285714
42,0.0,736.7110302719107,0.0067466846858552495,0.015182006183229006,0.005035522211439783,3644.28391303826,3.6554157451774404e-07,0.6938882247459655,0.02,0.1560924516697365,0.7
43,0.0,710.4201782154325,0.006880648033206789,0.002214659369033409,0.008266167119123029,8845.680084632348,3.967134985481809e-07,0.6349366478228041,0.0,0.3535533905932737,0.6071428571428571
44,0.0,708.3060773959221,0.006939272817683732,0.0,0.007073280993357,3080.086785343133,3.893205291050687e-07,0.5954464177765334,0.022727272727272728,0.3892045454545454,0.5
45,0.0,751.6827239370816,0.0070835831101424655,0.0,0.012471653520129335,369.15902307223286,4.434960915518776e-07,0.5124765963972829,0.02127659574468085,0.34815531191139576,0.7021276595744681
46,0.0,759.0050050001814,0.007083632654052784,4.149426188653444e-06,0.005014996874849239,-127.85304378621032,4.3021491981689995e-07,0.4921952284903066,0.0,0.8539125638299665,0.5714285714285714
47,0.0,760.8615360917087,0.007078549518335968,0.0,8.741985132685408e-05,0.0,4.161592946014318e-07,0.5693833770100133,0.0,,0.0
48,0.0,760.8615360917087,0.007078549518335968,0.0,0.0,,4.1621527318038854e-07,0.5734993495632782,0.0,,0.0
49,0.0,760.8615360917087,0.007078549518335968,0.0,0.0,,4.083223008401981e-07,0.571124233816714,0.0,,0.0
50,0.0,762.2103118852336,0.007078549518335968,0.0,0.0,,3.9493388335276414e-07,0.6610829525333594,0.0,,0.0
51,0.0,764.0738558202825,0.00707423374169893,0.0,0.0,0.0,3.9696238389865605e-07,0.7454493386551162,0.0,,0.0
52,0.0,764.0738558202826,0.007074233741698931,0.0,0.0,,4.020242813347186e-07,0.8110943458993216,0.0,,0.0
53,0.0,764.2570419378436,0.0070755096477016395,0.0,0.0004433597783146698,89.17803439656262,3.868022660884455e-07,0.8516506332618176,0.0,0.7637626158259732,0.2727272727272727
54,0.0,767.024131940875,0.007081592933281282,0.0005086747491123494,0.0007806137671717175,222.45923750746593,3.8414293011738716e-07,0.8766518807357971,0.0,0.8164965809277258,0.5454545454545454
55,0.0,895.0864234599434,0.007910030945546175,0.0,0.012236392563507534,5137.07307422024,4.96135439815928e-07,0.8996757976931539,0.01694915254237288,0.4461644305216398,0.711864406779661
56,0.0,847.2544621005211,0.008051559953283514,0.0,0.014447370242209264,1276.4346927086403,5.227233513971268e-07,0.8508385537127648,0.018867924528301886,0.34447004513156915,0.5094339622641509
57,0.0,844.3195231485007,0.00825099921365056,0.0,0.009350355422308918,1794.9346967204892,5.272699506431242e-07,0.7889973231541167,0.0,0.07594610589338434,0.6101694915254238
58,0.0,856.4303595835324,0.009642694238935169,0.0061887491954485735,0.013724006473750945,-5320.207295385304,5.914718337883092e-07,0.707749454370809,0.0,-0.06454972243679026,0.578125
59,0.0,872.053781713956,0.00968981794440991,0.001681912684925386,0.015721054982938125,-1805.0633830103238,4.533178074697216e-07,0.6287595150132652,0.0,0.18999014891433705,0.5517241379310345
60,401.33181674612734,326.286766194175,0.00843855497968918,0.0,0.007103757836564275,6278.735283306904,3.7826040910843986e-07,0.545191910854313,0.024390243902439025,0.36000000000000004,0.7073170731707317
61,282.59422969570426,410.1183899239361,0.00805705681420331,0.006328337751244436,0.005927065398397855,4985.271453763893,3.5026140722030923e-07,0.45609951638347945,0.0,0.25573907949350594,0.5
62,296.0356488465717,383.7713504673105,0.007900113456060674,0.013121046869008083,0.0025434347640486757,5504.566451175938,3.887131282740317e-07,0.3861976411076987,0.0,0.4523809523809524,0.7083333333333334
63,198.14883255149257,515.4869379121193,0.008046003674212591,0.0,0.01715389641532854,1494.7828318823845,4.279151401277917e-07,0.36492461776144053,0.10714285714285714,0.3333333333333333,0.7857142857142857
64,71.77933317706272,615.4663972386655,0.008223371823344443,0.0,0.022057176037575163,1886.8126717740463,4.500967671698325e-07,0.2856499808030927,0.0,0.5,0.8461538461538461
65,0.0,628.0463162423735,0.008282614797157372,0.0,0.013533874291319747,-1159.115426191192,4.843869949175831e-07,0.2766997949203344,0.0,0.5833333333333335,0.7619047619047619
66,0.0,644.0498793329158,0.008374964875419595,0.0,0.012067203887115428,-805.2163079698513,5.321273913812894e-07,0.26527974515806857,0.0,0.48553038055886144,0.6551724137931034
67,0.0,636.5324272218982,0.008457814872252589,0.0,0.008563647820909655,-589.36920275626,5.385956345530023e-07,0.25271470878578484,0.0,0.27859304643013594,0.5428571428571428
68,0.0,639.8229243464941,0.008622108934371667,0.0,0.00917825481413,-627.180134606687,5.550053951424436e-07,0.2461405845936839,0.0,0.18365345150671514,0.41025641025641024
69,0.0,636.0349637305258,0.009005099782156186,0.0,0.019691608835620156,1228.7696094696867,5.829423372616015e-07,0.23795299111705057,0.0,0.5445811486371709,0.8333333333333334
70,0.0,634.7376990979355,0.009050436448121733,0.0024542406437661566,0.007540450665972927,734.5207809766175,6.124681519263645e-07,0.2780236800663612,0.0,0.7156264473321343,0.7272727272727273
71,0.0,629.5272856248567,0.009050436448121733,0.0,0.002985400863836726,0.0,6.132663803342625e-07,0.3548109349214321,0.0,,1.0
72,30.694606665687175,638.5420784221225,0.00944680898934295,0.0,0.008934658943706396,949.2045739510453,7.030483786711198e-07,0.34796102490075786,0.023255813953488372,0.4070588235294117,0.5116279069767442
73,45.68948480379108,634.8522072118253,0.009574105112284481,0.0,0.012582219179513288,-124.14949154590491,7.172764409865075e-07,0.338932459710778,0.0,0.04761904761904759,0.41935483870967744
74,195.5642310587207,575.4189334924689,0.009615714991325516,0.0037330416509316735,0.0036827294262051936,3289.119431284532,5.995871889789677e-07,0.3645392162118694,0.0,0.057059372637385385,0.6578947368421053
75,178.35083447981827,386.409427532123,0.0091141515177062,0.002491337238285976,0.005015658456297988,-608.9634152752027,6.244066854771251e-07,0.4314673883916608,0.05,0.47193990372426936,0.65
76,200.30202078098446,371.25396173679303,0.008997516672433387,0.0007418625765471395,0.005463449648975563,185.7196463360358,5.302890858302613e-07,0.5332569795938473,0.0,0.2999999999999999,1.0
77,148.66756912832437,414.2732782682298,0.008797785058845528,0.0,0.0012632952111162796,0.0,4.776719566448332e-07,0.6050561137006568,0.0,,1.0
78,107.99626285362609,429.7939058093756,0.007245564544252445,0.0,0.0,,4.5688130264521174e-07,0.6937265792696976,0.0,,1.0
79,82.16011659596772,444.9858505030525,0.007180230938601938,0.0,0.0,,4.3495559843792857e-07,0.7734808947157126,0.0,,1.0
80,60.83607260834916,456.5561060964123,0.006998749691246667,0.0,0.0,0.0,3.9400600485851e-07,0.8120602649327964,0.0,,1.0
81,0.0,608.1767883822113,0.0068392350047782316,0.0,0.00676878047713092,1769.9147087438753,3.922229418351045e-07,0.7360894685110158,0.02702702702702703,0.2145454545454546,0.7567567567567568
82,0.0,572.2751850485388,0.006522665104122598,0.0,0.00676878047713092,0.0,3.481562706430912e-07,0.804859925093633,0.0,,1.0
83,0.0,515.18939618389,0.0061962258228060365,0.0,0.0,0.0,2.9289730746578136e-07,0.8232014420802366,0.0,,1.0
84,0.0,443.30819909938833,0.005890446124556584,0.0,0.0,0.0,2.635166571673948e-07,0.8785340939637407,0.0,,1.0
85,0.0,414.6393954009319,0.005604273613702407,0.0,0.0,0.0,2.3378342190519522e-07,0.895077642544517,0.0,,1.0
86,0.0,413.2220612728024,0.005465240347098389,0.0,0.0,0.0,2.3032082295668295e-07,0.9148019249227877,0.0,,1.0
87,0.0,410.3861498641514,0.005336127463129698,0.0,0.0,,2.2626215449209374e-07,0.9141714466136927,0.0,,1.0
88,0.0,412.7650693687211,0.0051279204682251785,0.0,0.002613722598611418,1749.4978263230505,2.3470302698903992e-07,0.8224018707198931,0.0,0.44721359549995787,0.5454545454545454
89,115.73950391449819,440.62232786037265,0.004899919103470857,0.0025814817471998997,0.0058282924031578115,298.8493510103027,2.700632595297515e-07,0.7799852084054254,0.0,0.34163335903782827,0.8181818181818182
90,101.46780691316005,442.4043256583923,0.005103990175604632,0.010347301828630065,0.002446115707899748,6790.699935654529,2.714694601185876e-07,0.6862905256852696,0.04,0.3066666666666667,0.72
91,95.08386278125082,445.3600888451275,0.00533474339263754,0.004617608225878992,0.00468043570932157,765.1818528279551,2.2035213928174734e-07,0.7318576555351615,0.0,0.5921565254637922,0.6774193548387096
92,171.45428282269853,346.9759878834835,0.0047656069606902916,0.00030084933752931635,0.006404318553917005,-588.0859711481152,2.3306070191884024e-07,0.7221606362102799,0.0,0.2619047619047617,0.875
93,168.7845491572342,340.36064644765116,0.004515946853425993,0.0,0.0063315812650695195,572.0406972048986,2.3296177621658879e-07,0.6468704252262902,0.0,-0.10000000000000006,0.4166666666666667
94,168.82437482077674,414.64054443528534,0.0054286590641604085,0.00034659459076687757,0.010264236480697641,528.0507515402018,2.3010154927474208e-07,0.5582042661081409,0.0,0.31944444444444436,0.627906976744186
95,237.5046283864182,268.9033171103568,0.005265154283829974,0.0036756868203227946,0.00878906906286903,2659.9534045240835,2.9734822498062774e-07,0.4631530076985442,0.0,0.5138888888888887,0.7906976744186046
96,188.26039711275692,403.4835511063863,0.00603172258264059,0.0,0.010950354782576267,1288.9476371099904,3.678792497608754e-07,0.374942222844737,0.0,0.2429811282914313,0.6451612903225806
97,175.45470636012638,414.3690910167623,0.006207063424676251,0.0,0.01623476464033768,500.02972967277543,3.9547630440506283e-07,0.32788333762375543,0.0,0.5192621227991822,0.625
98,184.93944954564392,412.90232685490196,0.006297697704991843,0.006219890695155609,0.0020776148901766843,-10787.399797735194,4.174323641721665e-07,0.3418422029659622,0.014925373134328358,0.163283414022085,0.5373134328358209
99,174.40359656563663,424.3765842955545,0.006512186049996613,0.0024923754062840192,0.004938542554768048,1972.5347682026188,4.265374921671097e-07,0.3296010511895776,0.0,0.19856887298747758,0.47368421052631576
100,188.64374348838106,455.3505942733759,0.0067985142909706055,0.010944308616447391,0.001592151110423979,293.8095246419267,4.282628071293614e-07,0.37942171213129294,0.0,0.05054945054945056,0.6326530612244898
101,232.70893781227923,383.3414557354195,0.006586243308855113,0.0009561116941103654,0.006909377577465323,143.19734311743665,4.556108930890786e-07,0.3694827837202692,0.0,0.25031308716087947,0.6829268292682927
102,209.94567735502048,417.206711883537,0.00671114970413702,0.0,0.0072173189668520085,2676.9131508719333,4.7442213669428697e-07,0.31494380079543494,0.0,0.08738275920531942,0.6666666666666666
103,245.63457754849426,410.5105941150269,0.00697376398661378,0.0,0.010198807916722265,-3363.4976536932413,5.342241227206115e-07,0.37151743442651275,0.0,0.13333333333333344,0.5
104,241.73273843137727,414.1170993923011,0.007025780154461329,0.0023054919756333773,0.0054151481042800965,-687.6300054686891,5.574364899772193e-07,0.36749829565409015,0.0,-0.06579516949597691,0.3870967741935484
105,236.83018003814755,473.21336836417254,0.0077896684363176595,0.0,0.016797943579192468,1974.2277186764336,6.477415681120028e-07,0.41681426297182,0.017241379310344827,0.12433866237057146,0.6896551724137931
106,185.49726698700988,525.3463351539131,0.008047608589314643,0.0031219320307618813,0.010993538391178378,-876.2345641597016,6.965900340934015e-07,0.43557314403057124,0.0,0.4434336101756008,0.5625
107,223.77057703677065,494.6318850258331,0.008047608589314643,0.0,0.006669179435081399,0.0,5.737061024371676e-07,0.5387982272724502,0.0,,0.0
108,139.5761400136564,537.122759572891,0.008008530571725405,0.0,0.0,,4.4462664810052216e-07,0.6442134982669883,0.0,,0.0
109,86.47019756347896,534.0817315871109,0.00772475652792545,0.0,0.0,,4.1261648625489425e-07,0.7059436913451511,0.0,,0.0
110,90.45068453282501,533.1484117826876,0.007537358762107318,0.0,0.0,,4.112344972695074e-07,0.7434438166850863,0.0,,0.0
111,0.0,546.5243650138306,0.007525980199535204,0.0,0.004935620831426462,680.5893280968921,3.865144129091422e-07,0.7331260364842455,0.015625,0.22222222222222227,0.671875
112,0.0,543.8831836983226,0.007496460996597176,0.0,0.006324217970317295,3494.358173984773,3.9875713699369013e-07,0.7434627769823589,0.03636363636363636,0.360088036609656,0.7090909090909091
113,84.28659091568267,529.2125131324777,0.007620755192571046,0.0,0.013802063777109226,571.1255982390596,3.702166476706337e-07,0.6886403405544241,0.018518518518518517,0.27417284322002733,0.6851851851851852
114,0.0,523.0987011635054,0.007572008071840517,0.005631139451691829,0.0075280962966355405,1076.68952921375,3.888017646318251e-07,0.6834281519544869,0.019230769230769232,0.5203761755485894,0.5384615384615384
115,237.7488665163842,432.3701349612424,0.007807257905014519,0.013082407302372036,0.004226328159403242,1670.3982284613805,3.8885709675388955e-07,0.6780281460994061,0.023809523809523808,0.4430910254820618,0.7380952380952381
116,243.48868067462152,380.2390659254732,0.007343748607088549,0.0,0.009245880487433203,999.632827922855,3.8701863180953e-07,0.6680369937237318,0.0,0.1701432773608401,0.647887323943662
117,243.1563222839738,421.70586971356755,0.0075750520746893915,0.0,0.01403358381773331,4131.810187815837,4.2978679125617537e-07,0.5864535386503752,0.038461538461538464,0.5192307692307692,0.7692307692307693
118,337.346308518059,336.00915600080526,0.007793847655874804,0.007132412245482323,0.006013200683334878,2830.6123092221474,4.659273499122671e-07,0.4543718906614285,0.0,0.10032206202542022,0.6842105263157895
119,213.5085946364374,535.5021976502758,0.00809360286439432,0.0011585455380790125,0.010707259370460988,316.6443762921672,4.5078475280765004e-07,0.32396949765467364,0.05714285714285714,0.29166666666666663,0.6285714285714286
120,0.0,620.0642087926163,0.00806708018118541,0.0,0.019886243051874457,499.99608430699044,4.592207819266657e-07,0.24596935463778283,0.0,0.12820512820512828,0.4857142857142857
121,21.43353460932143,589.7031919030728,0.008426766826244924,0.010185931325404258,0.0044013445382763625,4009.1883641734885,4.5257828230376667e-07,0.2127075623096322,0.06,0.3493105470290527,0.64
122,0.0,636.2195619995326,0.008532248693219998,0.010370437051931242,0.004319585407563716,-335.2926541582423,4.4163831438777825e-07,0.1783153828526533,0.0,0.7996422182468695,0.42105263157894735
123,0.0,687.8545711935121,0.008722870400297454,0.0,0.018394946987900295,1100.024572249348,4.709516813239429e-07,0.1783968119667504,0.0,0.22068965517241373,0.5166666666666667
124,0.0,637.7618846191591,0.008847271567913548,0.009104888433115056,0.004622390591755683,2924.718572017107,4.4923933636642867e-07,0.1792736315830376,0.0,0.3125,0.6666666666666666
125,238.2580093822542,480.2399295819574,0.008492486198909986,0.010241168344108317,0.0029613685519813554,-1288.1339013632712,4.3391329555815155e-07,0.15698194286302436,0.03636363636363636,-0.0027529308506178602,0.4909090909090909
126,225.26512428665478,471.26901632102073,0.008429666680575114,0.010581811399792779,0.0028104209370111537,2397.0855576817867,5.169947365317031e-07,0.15453893978423816,0.0,0.40350877192982465,0.6811594202898551
127,214.86580717027715,483.7054284139022,0.008778881862415157,0.0,0.0207344462009315,1120.9527434034376,6.216563680104328e-07,0.17975542426665977,0.02631578947368421,0.3994152764044084,0.7105263157894737
128,165.79372172418869,621.0960280485069,0.00927920071739911,0.001643658088632509,0.011768471569724069,-595.8478334202109,7.983894832725935e-07,0.23416888681459014,0.0,0.23295454545454544,0.6721311475409836
129,357.34948822844956,510.79713108191953,0.00964355294689651,0.017714091075631346,0.002068621030126838,5606.219216627825,8.720087416518125e-07,0.23727366787377133,0.0,0.2987012987012987,0.7454545454545455
130,327.6789219781647,553.1975418430021,0.00970531875675616,0.0,0.010152652957918434,340.4194363295168,8.857077605567467e-07,0.30834193426937484,0.0,-0.24999999999999997,0.7272727272727273
131,368.9428756287256,607.2883354017977,0.010563857496648366,0.002388270302192469,0.013564677155548321,-355.57384547197415,9.763432454789642e-07,0.3195404682144222,0.0,0.013297919370836905,0.5178571428571429
132,514.9908226593863,440.81724645021814,0.010862278524077831,0.014043316789685114,0.00840006737952232,3301.147049785947,1.0362614422112304e-06,0.3192834562697576,0.0,0.16690042075736325,0.5818181818181818
133,428.73656296677234,613.757261306457,0.010860755738709982,0.0,0.017867324983234213,5006.29598350245,1.024569806378591e-06,0.37020998338549005,0.0,0.338235294117647,0.5652173913043478
134,375.72617083339054,660.1928915549217,0.01046514888831525,0.0,0.008469245061822976,1580.5677358506289,9.60399860168942e-07,0.45319617927994116,0.034482758620689655,0.5130434782608696,0.5517241379310345
135,403.288643516617,574.6828578531487,0.010291912707718247,0.0006609408085128083,0.004419225209076427,3930.5442577766453,9.54605779872216e-07,0.4467953251827153,0.0,0.4059989714705752,0.7346938775510204
136,423.84142409542625,543.8743484873805,0.010282468783974482,0.0,0.0057280121244756114,1279.6440799429881,8.865394476062998e-07,0.4432410750100281,0.02702702702702703,0.2198142414860681,0.5135135135135135
137,363.36600639869914,568.5913389091113,0.010093952977174594,0.002117094586680448,0.004708144733312896,2940.318161747725,8.434755434268875e-07,0.41502469666058195,0.04,0.33333333333333337,0.8
138,417.7835951130834,553.564126457938,0.010258249836261477,0.0,0.018953422224108125,2874.52119104142,8.951658652642293e-07,0.3540720075298451,0.0,0.07549407034786232,0.6833333333333333
139,456.0611944444169,482.1337814687265,0.010111597496224667,0.012872916861879923,0.003534768694184138,-838.0899255116989,8.692975154582423e-07,0.3887103487332746,0.0,0.18771451861776278,0.5283018867924528
140,453.94541208456934,481.6926138379675,0.009945625669753199,0.0,0.010012459725683799,-72.0614123202149,8.821599503059227e-07,0.37223386591905067,0.07692307692307693,0.47809144373375745,0.46153846153846156
141,451.19058817618276,492.74921362145454,0.009682250777115205,0.000328509802965762,0.004670086359875302,369.9892910325712,8.558504290974265e-07,0.4087912237759854,0.0,0.21666666666666665,0.5833333333333334
142,446.19938059653845,538.2177574169664,0.009665476497504162,0.0,0.013560521930412961,-1423.2642310508988,8.690163486612545e-07,0.4400883188747521,0.0,0.25,0.5272727272727272
143,442.5704595834482,531.5317305303192,0.009571637910269068,4.217395570873557e-05,0.009424235206226875,665.5913542040557,8.611390398398071e-07,0.3830138481478955,0.06451612903225806,0.2606800811700246,0.7096774193548387
144,426.774658616044,526.7864084797059,0.009550347871827734,0.0013808608631738497,0.008222127098454234,456.67803005916096,8.394985991785108e-07,0.3814341920183742,0.0,0.093341082079043,0.65
145,434.0439096626095,512.4003914612002,0.009538448440946291,0.004775923028177323,0.006010587708054661,1814.325843364896,8.152636056779379e-07,0.43024949362886894,0.0,0.09523809523809529,0.6410256410256411
146,435.2235104783498,509.6547135234756,0.00938985612083054,0.0008383299356328888,0.006961189239387735,-249.3999210554498,8.167459196146775e-07,0.47859002302588877,0.0,0.5,0.4
147,463.43009835161234,452.8703686875603,0.009166642727976702,0.0013409766802787103,0.003914943459684602,-49.235238573682,7.056801231841016e-07,0.48527388587347114,0.0,-0.07100716024967263,0.5757575757575758
148,336.2467911540586,594.4889901030745,0.009067044354257564,0.0,0.01486621512764836,2841.7580644247478,7.161745428844082e-07,0.5178349090809583,0.0,0.45817096691151765,0.9565217391304348
149,395.04424938951826,458.7475211579245,0.008859290938712483,0.0,0.011831091046691517,3400.5029799063645,7.248149519559053e-07,0.5596209492724804,0.0,0.004227885745265362,0.5909090909090909
150,375.9124190136713,494.74661152367156,0.008854406379360039,0.0051770749819259705,0.0035812814396800896,1240.1232367011205,6.35020056041112e-07,0.486089454247025,0.0,0.38949041885226,0.7297297297297297
151,102.39525454297898,634.7313431436095,0.007875468889857042,0.0,0.014861091329279479,1171.5123876436462,6.074696189113486e-07,0.4750268436638695,0.0,0.44309102548206175,0.6666666666666666
152,158.4717543494915,585.085749245983,0.007892235161185996,0.0,0.019835539481826477,351.47385244583364,6.371610474006083e-07,0.43477574334575964,0.03125,0.3916600131784208,0.65625
153,343.050440346926,517.5294627428221,0.008890408313755892,0.005886209377880673,0.013303375851986148,1039.1987987177708,7.353899530308505e-07,0.43880429807843385,0.0,0.13181604987444914,0.6440677966101694
154,180.8514072380893,693.9181171480677,0.009070311395750598,0.0,0.017626107525888196,2698.39965694125,7.820656797857144e-07,0.375425501373908,0.038461538461538464,0.2444444444444444,0.5576923076923077
155,143.50426210838506,712.7141303721558,0.00903546812149265,0.0,0.01001420576166705,1190.0462975291307,7.903735195569253e-07,0.3420757507998211,0.0,0.4276686017238497,0.6774193548387096
156,164.16060343954211,702.4352969445449,0.008995203575170288,0.00031056199821097573,0.003962918720599095,1007.6372241679877,7.957043121077496e-07,0.35754143760591905,0.0,0.3086066999241837,0.7741935483870968
157,95.4330523247633,727.9508411571326,0.008980866485571927,0.0,0.006212457854614998,5824.402183168004,7.053526271392162e-07,0.3548093497896987,0.0,0.3355491619617611,0.6101694915254238
158,0.0,668.3527894044068,0.008641892971557224,0.004695617390644655,0.0031093771461608508,652.4294767990623,7.08173254687435e-07,0.38292330756423276,0.020833333333333332,0.38157894736842113,0.6041666666666666
159,0.0,676.0762654865728,0.008470937763799884,0.0,0.00859590212688832,-533.7117745285196,7.004092527901239e-07,0.3183344619339146,0.0,0.497809052563182,0.6875
160,0.0,681.7643494162573,0.008536293726643236,0.0,0.007416027976826802,1862.0401369070703,6.826510766238315e-07,0.3336638503859475,0.0,0.3266084458844825,0.5952380952380952
161,30.336497598567398,660.7536538245021,0.008472556311347901,0.007326033755912693,0.00031554099268039926,1674.68654348036,6.448454433012668e-07,0.30393661933220023,0.0,0.5192307692307693,0.8823529411764706
162,0.0,713.4232610795962,0.008580780536336572,0.0,0.013700821480634652,4245.346034375884,6.692604362493912e-07,0.3241340621600728,0.0,0.2545454545454546,0.6904761904761905
163,0.0,715.0063538341992,0.008356641383976704,0.0,0.008459296290605559,-430.5649313597735,6.820886044396625e-07,0.3989594402506175,0.0,0.07738095238095241,0.4375
164,0.0,732.592588970583,0.008907450553146196,0.0032389855517351318,0.010002856548346682,2622.8054207249484,7.255412942821673e-07,0.39769404294427263,0.01818181818181818,-0.11444652908067535,0.7090909090909091
165,0.0,716.2728847441927,0.0086514025362667,0.001136826008428442,0.01093435294329486,5330.311293602181,7.139768183065206e-07,0.4258255915985348,0.0,-0.3076923076923077,0.6111111111111112
166,0.0,723.4334068650033,0.00883311308620782,0.0020946164346632825,0.005144120275743829,4818.454117613053,7.428911518117201e-07,0.36937362400772294,0.0,0.20227920227920237,0.7317073170731707
167,0.0,726.6874573148249,0.008783544064997807,0.0,0.009583502766510325,2072.5826618521946,6.740629640042173e-07,0.357605189219189,0.0,0.45238095238095233,0.7916666666666666
168,0.0,722.9749596533078,0.00863136060521803,0.0,0.008486442395131688,3561.808492780983,6.632610770451794e-07,0.3333797346771163,0.05,0.5183673469387757,0.7166666666666667
169,0.0,737.5297435841593,0.008597831405329822,0.0009910458010377481,0.00820899278338142,1302.4247245648637,6.440709534725282e-07,0.3991258948425007,0.02857142857142857,0.40348502177920154,0.7142857142857143
170,0.0,734.9219014711427,0.00885388426172704,0.0,0.011804372096227256,3819.5750521543896,6.726368330375409e-07,0.40159883005575514,0.038461538461538464,0.30550504633038933,0.5384615384615384
171,0.0,681.3972213806238,0.008768492464519157,0.0,0.01162148246665835,-1073.7954192966058,6.118193357232796e-07,0.46897542831379624,0.02631578947368421,0.21572774865200242,0.5263157894736842
172,0.0,771.588228360544,0.008372524281056948,0.0,0.00864784144473777,-1033.1486714239004,5.095182251266911e-07,0.5285361203304851,0.0,-0.16363636363636364,0.6470588235294118
173,0.0,519.5991221690053,0.007179850128322132,0.0014697133412279288,0.002666453447220307,-187.47607845057468,4.550277670216716e-07,0.5426075915810329,0.0,-0.4999999999999999,0.7142857142857143
174,74.55854913308312,419.36570482220276,0.007026387909747917,0.0,0.006604776643414292,1125.0057128035044,4.880969335462092e-07,0.592620214256341,0.09523809523809523,0.4444444444444444,0.8095238095238095
175,155.61112419645502,384.5557105297641,0.007012686655678773,0.00272341679978124,0.003376917924760074,87.68238906084018,4.965642786951632e-07,0.5825939356531132,0.0,-0.08908708063747482,0.5454545454545454
176,126.17342526568382,408.7835261367782,0.006950849015870905,0.0,0.0024061056803224854,,4.828329617121516e-07,0.6575882090850584,0.0,,1.0
177,118.34047482651123,405.1869783233134,0.006842263863836322,0.0,0.0,,4.482280962176827e-07,0.7381515531697552,0.0,,1.0
178,91.18683897547685,430.63448517342925,0.006745302534104516,0.0,0.0024442039675482957,650.0122429308101,4.440286957230065e-07,0.737869758075489,0.125,0.29417420270727584,0.875
179,0.0,552.3717611621331,0.007013900346005518,0.0,0.013591278708563161,2035.649051454995,4.990397252867523e-07,0.7368338568673812,0.07317073170731707,0.3142857142857143,0.7073170731707317
180,0.0,582.60911297006,0.007003932895228021,0.0,0.00963231839482917,-1319.48512657658,4.817558930887464e-07,0.7917129267924942,0.027777777777777776,0.10256410256410257,0.6111111111111112
181,0.0,554.510351613599,0.007232271893833154,0.004209282679117775,0.004974405172440605,1961.8722318510959,4.3723067895619085e-07,0.7635697312725583,0.030303030303030304,0.08801020408163271,0.6212121212121212
182,0.0,503.419602325898,0.007153236792456328,0.005686655920496796,0.005845078436057059,2473.186969539561,4.2798601299827777e-07,0.7146679049909551,0.03225806451612903,0.27380952380952384,0.6129032258064516
183,0.0,491.5436267663239,0.0073625993697285655,0.012706803021796694,0.0014596870261876851,2497.9721855329212,3.839548295374996e-07,0.6713667379925143,0.043478260869565216,0.19347649748797371,0.7391304347826086
184,0.0,501.1894985270559,0.006676978010893717,0.00920308036044687,0.0027807111756946758,-285.49775548711114,4.2335143947595096e-07,0.6737732519220235,0.03333333333333333,0.21758445525607323,0.8333333333333334
185,0.0,614.983994874964,0.0070926780673121505,0.0,0.013034176580964039,-987.9259355708148,4.475878131026519e-07,0.6997915405823415,0.023809523809523808,0.2672910153478103,0.8571428571428571
186,0.0,754.4075472191996,0.007211804893303595,0.0,0.02666642701300468,116.32242518932715,5.070198679226956e-07,0.6507044520295326,0.13043478260869565,-0.13363062095621217,0.5434782608695652
187,0.0,774.8414674537867,0.007272274765884889,0.0,0.016916038517540727,-2087.382896784166,5.178644817590434e-07,0.6299293468895398,0.0,0.07352941176470583,0.6363636363636364
188,0.0,772.7108755978682,0.006952470477027197,0.0001269209928192688,0.004456057961116318,831.3943820339757,4.9474258917626e-07,0.6974209022799547,0.0,,0.6
189,0.0,791.4235090964986,0.0068335423242371395,0.00017734887481658874,0.003142733153945757,1001.2142726824156,4.4546471418453647e-07,0.6523143958438076,0.0,0.39852669849304273,0.6956521739130435
190,0.0,661.0023754107741,0.006884328210252846,0.0032993867597634723,0.006802910839890132,1402.251284935947,4.645962354074358e-07,0.6232627157942155,0.0,0.34666666666666673,0.58
191,0.0,650.3304763970999,0.0070015105957432515,0.010839751303145536,0.0034616280904947033,208.29910778509762,4.899162511140337e-07,0.608579971285942,0.10526315789473684,0.6625413488689134,0.8947368421052632
192,0.0,654.6167093294631,0.007074301077501,0.0,0.016590880186990137,-1001.8785203326185,5.306981264758757e-07,0.6585436249975402,0.08,0.24210526315789466,0.6
193,0.0,604.9519958308821,0.007062199034754073,0.0,0.0047077347898156225,0.0,4.844798244046876e-07,0.7032881327050248,0.0,,0.0
194,0.0,594.9298727094464,0.00710655199402227,0.0,0.005186094062848147,1048.1312390785283,4.760605749851489e-07,0.698007451156133,0.0,0.17879606250706973,0.6
195,0.0,582.7845942636061,0.0074809675411302914,0.008289169742948325,0.00440511544460323,2215.7085656769395,5.351641661033083e-07,0.6347331379082392,0.06382978723404255,0.28265107212475643,0.6808510638297872
196,0.0,560.7465417264888,0.008324858786582734,0.013386512909540538,0.006119206902711484,20200.768771287396,6.185815367866482e-07,0.6373992720303964,0.0,0.43953374009610047,0.7216494845360825
197,0.0,656.0887327793179,0.008474084895611186,0.00590440173432179,0.009434712075654023,1655.980538892861,6.404965790511603e-07,0.5817663589456047,0.02702702702702703,0.29848100289785473,0.7297297297297297
198,0.0,672.5235052224764,0.00865293011140981,0.0,0.011043896278460533,713.9895728690449,5.780855218932589e-07,0.5024410780126434,0.0,0.23599320882852293,0.6862745098039216
199,0.0,667.8166944839446,0.008561272131797677,0.0,0.014919504944448762,-1008.995082748195,6.338102302998611e-07,0.5205541722357538,0.022727272727272728,0.2217194570135746,0.6136363636363636
200,0.0,646.6400957824742,0.008928207994864702,0.011005276269959549,0.004125517751560136,1220.5171991498232,6.8290416650317e-07,0.516048008254813,0.06153846153846154,0.1802955665024631,0.6307692307692307
201,0.0,634.7761876495523,0.008697192071206278,0.0007350373707363187,0.0086764480788783,216.26948284975893,6.838431448064132e-07,0.49981624903020316,0.023255813953488372,0.26058493679378253,0.3488372093023256
202,0.0,627.3457106774378,0.008598543294343227,0.001350307352438342,0.004214765016030138,2466.6554472668163,6.976868054183704e-07,0.44998613637746926,0.0,0.7410805300713555,0.6484375
203,0.0,686.132450337201,0.009551756914814233,0.0,0.027577834849035636,3582.2934867574554,7.518077118702024e-07,0.4336783197923338,0.0,-0.19148936170212771,0.6842105263157895
204,0.0,705.7209557731692,0.009832260175832672,0.013964793383659305,0.009155175599454203,1955.7893854636934,7.456912651538426e-07,0.45734570098668087,0.023255813953488372,0.2929292929292929,0.8604651162790697
205,101.75610012607562,633.3550948171534,0.009661138932032262,0.0033272002513100593,0.008687446977115928,2521.3385775302245,6.806343020553629e-07,0.4792341047241826,0.03125,0.3541666666666667,0.71875
206,144.74257880763818,577.6747233494036,0.009572257398987953,0.0,0.010735558907035581,1267.473868492148,6.636390792133854e-07,0.4493838115609004,0.0,0.4428571428571429,0.525
207,81.22954915454369,620.1339141785055,0.009793601924159819,0.005790081018977974,0.0065620534685509185,289.6985393010179,7.200429751152841e-07,0.4717008421703144,0.015384615384615385,0.45295107776545734,0.5692307692307692
208,132.16181438849446,602.6484464850749,0.010145505022871882,0.017610675970787755,0.0009488356549830941,2093.5889500001836,7.10456897069516e-07,0.4695677896466721,0.015384615384615385,0.6775661907274249,0.8461538461538461
209,142.2132192842286,764.6055161402904,0.011617919160103813,0.0,0.02603082493598117,7678.574324276018,8.173594496084131e-07,0.42417974931221725,0.018518518518518517,0.531456782681411,0.8888888888888888
210,0.0,813.431411914998,0.011756245881253213,0.0,0.021544162969465715,22233.781857922033,8.15587424691907e-07,0.3969403123100906,0.0,0.35988620199146515,0.7105263157894737
211,119.95079240724144,779.5608387118145,0.012016919634978657,0.013044109940861475,0.006242058421233598,445.19760260405775,8.071277778538353e-07,0.4359218552933,0.0,0.3180732125814321,0.6666666666666666
212,241.18684567672435,745.574826600802,0.01215335382082057,0.012781970096390987,0.004733067063097528,2116.976080925065,8.830945365650815e-07,0.4183889446260397,0.0,0.38918345705196183,0.5846153846153846
213,412.1078987423695,725.7831394750058,0.012905911407738247,0.009873926626230184,0.01004191990268933,2578.202967786701,9.99564990865191e-07,0.3828767836683679,0.0,0.14624105815482005,0.75
214,534.3559815230635,608.8848177135824,0.012981599366704306,0.00868560120189893,0.010480626041215288,5075.019535528682,1.016489318892965e-06,0.38034570979597665,0.0,-0.17647058823529413,0.8536585365853658
215,457.19145075863565,697.5197505674608,0.012796697083839941,0.0,0.01710234792020043,2500.6554656811736,9.933148640359292e-07,0.38520062532569044,0.0,0.4982392488040267,0.8444444444444444
216,466.0025949247607,665.4653023960723,0.012329375648702914,0.0,0.008975059816138437,5778.779621779129,9.907895775925088e-07,0.393109360060664,0.0,0.41798941798941824,0.5
217,482.7338617991161,659.3342329132782,0.012314941401452046,0.007228710367198743,0.0018577981413111112,-663.3336226648108,1.0473164874553042e-06,0.4214827826202234,0.0,0.6871842709362765,0.95
218,492.60660753974383,646.0130023089013,0.012447484905023721,0.006865116931636096,0.005621682589993265,5163.3020867331625,9.981718465396264e-07,0.3986979759688157,0.0,0.07699749762199026,0.5306122448979592
219,435.44684622481435,688.0888693056344,0.012414933909378277,0.009075156193108126,0.004642368788167574,-1246.279609655081,9.317262797967909e-07,0.4425594960024559,0.0,0.3816425120772947,0.8181818181818182
220,428.6244693413233,661.2996658706112,0.012189770333105327,0.005255656916974239,0.003942211959438065,1156.2212218426873,9.267430737681683e-07,0.435626684992335,0.022222222222222223,0.4442105263157895,0.7333333333333333
221,419.1404443508706,704.9394447436975,0.012329793920498572,0.0,0.014311258223296295,-534.7223583899658,9.74895929906743e-07,0.4298405389850019,0.06382978723404255,0.5372044197403709,0.6808510638297872
222,414.8537690845855,714.4094993575916,0.012346384604364805,0.0,0.014198428253845263,2319.9841086803654,9.138961548669045e-07,0.42585914082534354,0.06521739130434782,0.5445344129554655,0.7391304347826086
223,460.2059243228766,609.6943550582846,0.011658069273029644,0.0,0.01104462551786636,293.14088995065623,9.192163715356373e-07,0.38045822375759714,0.015873015873015872,0.5241228070175439,0.6666666666666666
224,461.7649703918606,581.412183096928,0.011339604429612415,0.0,0.01449690057706057,847.5684100100316,9.112113131646219e-07,0.29548614643741306,0.0,0.5217732845620351,0.5161290322580645
225,462.49718413146485,579.8430955896932,0.011313134589523335,0.0,0.008644183173555439,3484.8886869776975,9.145260125569785e-07,0.2917225861159519,0.0,0.5204199658323464,0.6595744680851063
226,489.03386185542416,673.239763339547,0.012331803723569495,0.0,0.02120375570993497,4469.59244865346,1.0057686469889596e-06,0.27589235806116746,0.058823529411764705,0.49853160034014815,0.8382352941176471
227,387.9504451549303,804.6792846401437,0.012194300576404294,0.0,0.024595465971033292,-10.875833345234502,1.0456570344634435e-06,0.3034726758814284,0.038461538461538464,2.0816681711721682e-17,0.7692307692307693
228,366.8488502764109,823.7292806254045,0.011902309624156063,0.0,0.005505779422357573,0.0,9.069319386714613e-07,0.3970220308290835,0.0,,0.0
229,460.0713981502318,525.1120387957061,0.010614173133141289,0.0,0.006594037058730559,1330.7775319882483,8.931442765987241e-07,0.3915733101566344,0.0,0.07526881720430106,0.6590909090909091
230,420.41723449199526,589.9853744438306,0.010220455378782758,0.005452260257604476,0.004178061151281297,0.35202283640109133,8.908832181697125e-07,0.428697809489009,0.024390243902439025,0.050357974669844395,0.6341463414634146
231,353.1206627729321,667.7939844356985,0.009900884635142812,0.0,0.010773456224553137,454.17206403383875,8.274940479155084e-07,0.40088748019017434,0.02857142857142857,0.6136363636363635,0.5714285714285714
232,0.0,792.5253215354209,0.009667048042049627,0.0036294208812947303,0.00424900880919735,847.9574798263861,7.042950235076762e-07,0.4025458338045513,0.0,0.5129870129870129,0.5769230769230769
233,0.0,854.6668154157971,0.008745077810021111,0.0,0.0072958450586095725,793.2926321955578,6.471443385900256e-07,0.4004561174878452,0.04081632653061224,0.49579831932773105,0.8367346938775511
234,0.0,715.6060806587368,0.008555445821518178,0.004675596341887847,0.002815593035728276,3235.4492433264827,6.247624149979304e-07,0.4419609234465546,0.041666666666666664,0.5490196078431374,0.75
235,0.0,655.472273068337,0.008534043125969669,0.005255169263367068,0.0013850879615502996,-308.2016823583192,6.069699252408884e-07,0.4080218000075346,0.024390243902439025,0.40476190476190477,0.6585365853658537
236,0.0,691.3642081721403,0.008806157720979943,0.0,0.012866402024143759,10045.550651541434,6.413884585639233e-07,0.43495336586343614,0.02702702702702703,0.37796447300922714,0.7027027027027027
237,0.0,666.2373994379363,0.00946800072196972,0.013663512277203398,0.006399601825173108,-1269.2791632268277,6.973502010394313e-07,0.38918506258139424,0.075,0.09066481509192066,0.475
238,0.0,809.4699105582323,0.009314849462776163,0.0,0.019421781524754732,708.0386447515807,7.645190410218676e-07,0.29640938974349124,0.07407407407407407,0.19599157740244452,0.6296296296296297
239,0.0,867.1222047149283,0.009217295365621664,0.0,0.014177423244348824,957.3113009261926,7.879307020567373e-07,0.26002052877535015,0.02564102564102564,0.40918976946676877,0.7435897435897436
240,0.0,853.8435314587314,0.009298654924651912,0.004971904569434774,0.0038895647736992625,6887.825742330678,7.741637554730895e-07,0.2779167279682212,0.0,0.25563909774436094,0.6764705882352942
241,0.0,856.3799872581947,0.00955508824036472,0.0,0.012265882731128937,2799.294599962641,7.978161383418832e-07,0.30784703110333506,0.02631578947368421,0.2961889568785686,0.6578947368421053
242,0.0,854.9267628917166,0.009827950769528363,0.01598873588967288,0.0033099141171565316,-1063.0378530551118,8.517550494466462e-07,0.37744303556106396,0.03125,0.2619047619047617,0.78125
243,0.0,805.4750664052771,0.00966201328520745,0.0,0.015658192649636367,-86.36923150884789,8.619732269315807e-07,0.4418708014273559,0.09090909090909091,0.2125,0.7272727272727273
244,0.0,899.3780900388839,0.01022203277148916,0.0,0.021295403861843813,4054.5007467109936,9.66187811689291e-07,0.40870100791059044,0.109375,0.6202278528209025,0.71875
245,180.8674624750526,865.7153058456404,0.010391268185862132,0.013568743585385814,0.0052446226381669195,1878.2750966771132,9.220818394094129e-07,0.4436247740583903,0.10256410256410256,0.2692307692307692,0.6666666666666666
246,436.37588974515666,559.5506400339987,0.009489604597040357,0.011177599505005227,0.005885827949101974,5511.321935070527,9.282237072485444e-07,0.404227330779055,0.19003115264797507,0.6262463655492746,0.4517133956386293
247,547.4422563517289,507.5795908589924,0.00986357861651936,0.005447459998001262,0.011180971381737688,1954.6714608665618,1.0793082858433433e-06,0.41762859522131823,0.14166666666666666,0.4223300970873787,0.6166666666666667
248,571.395663667386,454.3371094992814,0.010024377658869262,0.006147406448750214,0.008144970687239465,3872.66308247771,1.0623863934826443e-06,0.40907958530555927,0.027777777777777776,0.33796318470968734,0.7222222222222222
