ticker,first_date,last_date,n_obs,max_gap_days
SPY,1993-01-29,2026-10-02,8477,7
QQQ,1999-03-10,2026-10-02,6935,7
MDY,1995-05-04,2026-10-02,7906,7
IWM,2000-05-26,2026-10-02,6627,7
IWD,2000-05-26,2026-10-02,6627,7
IWF,2000-05-26,2026-10-02,6627,7
XLB,1998-12-22,2026-10-02,6987,7
XLE,1998-12-22,2026-10-02,6987,7
XLF,1998-12-22,2026-10-02,6987,7
XLI,1998-12-22,2026-10-02,6987,7
XLK,1998-12-22,2026-10-02,6987,7
XLP,1998-12-22,2026-10-02,6987,7
XLU,1998-12-22,2026-10-02,6987,7
XLV,1998-12-22,2026-10-02,6987,7
XLY,1998-12-22,2026-10-02,6987,7
XBI,2006-02-06,2026-10-02,5197,5
KRE,2006-06-22,2026-10-02,5102,5
XHB,2006-02-06,2026-10-02,5197,5
GDX,2006-05-22,2026-10-02,5124,5
IYR,2000-06-19,2026-10-02,6612,7
EFA,2001-08-27,2026-10-02,6312,7
EWJ,1996-03-18,2026-10-02,7686,7
EWG,1996-03-18,2026-10-02,7686,7
EWU,1996-03-18,2026-10-02,7686,7
EWC,1996-03-18,2026-10-02,7686,7
EWA,1996-03-18,2026-10-02,7686,7
EWL,1996-03-18,2026-10-02,7686,7
EEM,2003-04-14,2026-10-02,5906,5
EWZ,2000-07-14,2026-10-02,6594,7
EWT,2000-06-23,2026-10-02,6608,7
EWY,2000-05-12,2026-10-02,6637,7
FXI,2004-10-08,2026-10-02,5531,5
EWW,1996-03-18,2026-10-02,7686,7
SHY,2002-07-30,2026-10-02,6084,5
IEF,2002-07-30,2026-10-02,6084,5
TLT,2002-07-30,2026-10-02,6084,5
TIP,2003-12-05,2026-10-02,5742,5
LQD,2002-07-30,2026-10-02,6084,5
HYG,2007-04-11,2026-10-02,4902,5
EMB,2007-12-19,2026-10-02,4726,5
MUB,2007-09-10,2026-10-02,4797,5
GLD,2004-11-18,2026-10-02,5502,5
SLV,2006-04-28,2026-10-02,5140,5
DBC,2006-02-06,2026-10-02,5197,5
DBA,2007-01-05,2026-10-02,4967,5
UUP,2007-03-01,2026-10-02,4930,5
FXE,2005-12-12,2026-10-02,5234,5
FXY,2007-02-13,2026-10-02,4941,5
SH,2006-06-21,2026-10-02,5103,5
