date,current,vol_scaled,vol_rule
1999-12-22,0.0005715928303717255,0.005723329363003238,-0.018143525532053784
2000-01-24,0.020478586579298172,0.04526214901846813,0.02059707600847481
2000-02-23,-0.004163305010119384,0.009215076507261083,0.02343056585795647
2000-03-23,-0.12512502599829695,-0.050470001934588185,-0.07530912742032943
2000-04-24,-0.05661786285396084,-0.02654214935269958,-0.05340031919240881
2000-05-23,0.0991771892865492,0.02677386185741918,0.07549731516840977
2000-06-22,0.021244843423035648,-0.03675838326559186,0.021244843423035648
2000-07-24,-0.017933845806743978,0.010244371695720653,-0.0160914533062009
2000-08-22,0.005306754127127347,0.01369260628419712,0.005306754127127347
2000-09-21,-0.03981735969705878,0.004738502282583556,-0.05046311471050334
2000-10-20,-0.06882481645463781,-0.024436837784073052,-0.0560063621475471
2000-11-20,-0.069897946448948,0.023096750975290604,-0.11866665236459548
2000-12-20,0.07987635640608325,-0.05821404794518255,0.10626672940687142
2001-01-23,-0.019218439985254465,0.046979948983523645,-0.08929701073894009
2001-02-22,0.0010180115705725606,-0.020351906246549104,-0.0009669742682058696
2001-03-23,-0.00882756473665873,-0.004390191928177065,-0.016046080415726013
2001-04-24,0.022877811928978954,-0.011070101628634275,0.030694378515654576
2001-05-23,0.0008419962476258966,0.018423190888630668,-0.04421307134257516
2001-06-22,-0.022947156329369424,0.015131133516639687,-0.028767835030646192
2001-07-24,0.012555795801499348,-0.004144419441986144,-0.0014929658263021315
2001-08-22,-0.07201616046060305,0.05264351116356422,-0.08192120393930821
2001-09-27,0.03883496133453415,-0.045562734653498776,0.06530206568662267
2001-10-26,0.06771034333014278,-0.02309454832715034,0.07812296082289025
2001-11-27,0.034922181860840784,-0.009899520901243446,0.024273481073814756
2001-12-27,0.02126278183024179,0.037278146720389815,0.011466671813297061
2002-01-29,0.046293634932542876,0.006635339222543005,-0.004146163852688692
2002-02-28,0.014157514181359701,-0.007560149926570718,0.004806311129208533
2002-04-01,0.014875915675144123,0.026306498573627397,-0.017886430487617955
2002-04-30,-0.02558728479517739,0.006876531387520017,-0.00670574867891823
2002-05-30,-0.036121290826107544,0.028904252854459904,-0.054580749122389
2002-06-28,0.014253761097221262,0.01651363863506715,-0.021631499696985843
2002-07-30,-0.009960841676395316,-0.019797453812567468,0.006554585126270841
2002-08-28,-0.021819432638316344,0.041666913065888336,-0.06974298699918596
2002-09-27,0.05653189581488379,-0.023551181192346466,0.0591009370394513
2002-10-28,0.01031392410747873,-0.013596494634283304,0.038114979489521236
2002-11-26,-0.016297700673090994,-0.024060786393662898,-0.006317662631084353
2002-12-27,0.01785879866878885,-0.004450267512577894,0.019636123077546884
2003-01-29,-0.026156909963437024,0.020873777610564245,-0.02181693489520426
2003-02-28,-0.016656387364590786,0.0018902581711666433,-0.01672000471751253
2003-03-31,0.004236248365043382,-0.03159936377227425,0.03461104468073253
2003-04-30,0.006851983605354578,-0.003231862338740933,0.002722451752525931
2003-05-30,0.007392145957556315,0.0010282652678978502,0.013817228947084172
2003-06-30,0.01580387918553428,-0.006094243666670253,0.027626842055813974
2003-07-30,0.038216790256810844,-0.004508050165903856,0.03435787233708382
2003-08-28,-0.00871638039189726,-0.002538927470567387,-0.0006003382063429607
2003-09-29,0.033787774458584774,0.0147855021350096,0.035662301235110855
2003-10-28,-0.022692486038938635,0.00523093132218155,-0.020753695045110175
2003-11-26,0.020176138318083146,0.0019122873006283403,0.01306312494962552
2003-12-29,0.011706987517346498,-0.008201765772981685,0.020633994156252656
2004-01-29,0.015522196410940145,-0.0044732879189562195,0.012767691960717073
2004-03-01,-0.019425930495953554,0.007942767799592527,-0.0017963693602954661
2004-03-30,-0.0150727888140351,-0.011125691102736916,-0.021845947482369045
2004-04-29,-0.021201139962767183,-0.004375367390344169,-0.010887766467430667
2004-05-28,-0.009516212485493886,0.008524502894595717,-0.007457362856450047
2004-06-30,-0.00029123497082802,-0.005843162773189997,-0.008390161742301873
2004-07-30,-1.1424519909057976e-05,-0.011116442252964763,0.02853150722938736
2004-08-30,0.034375156331210154,0.02409238576351907,0.006425403194100489
2004-09-29,-0.001896164592238004,0.005292108573485374,0.002497432146842841
2004-10-28,0.024757035268173216,-0.012382313643037338,0.014733835982214671
2004-11-29,0.017954595814163025,-0.006693789478697261,0.010150415691406872
2004-12-29,0.015026795145663229,0.009138755767660255,0.0068521013805087315
2005-01-28,0.050719876644784674,-0.0005193913575821732,0.05271014303674163
2005-03-01,-0.029751877578593332,-0.0002369024335505468,-0.030090211298335504
2005-03-31,-0.0184368130923292,-0.0007503780157823506,-0.0016555185596429933
2005-04-29,0.013768989002596828,-0.008353207709873394,0.015652534772045874
2005-05-31,0.026774167210276884,0.020890480797479214,0.016056349923356247
2005-06-29,0.02111494474220081,-0.004440987129025173,0.02337512284363942
2005-07-29,0.005235626837523956,0.00703837280554942,-0.001323042602187646
2005-08-29,0.07072132638813895,0.03918846510495079,0.05569918845570447
2005-09-28,-0.0393910084628547,-0.035646031180928135,-0.026557781498801426
2005-10-27,0.03067948602684359,0.016159976756440944,0.028903945407314974
2005-11-28,0.02157607754641381,0.013022457534455939,0.023153177044983167
2005-12-28,0.05558036149993779,0.0640036502883577,0.07660290418618598
2006-01-30,-0.010797908036374513,-0.0034672061531349258,-0.01662035754366415
2006-03-01,-0.014924246636662312,-0.007205398172871926,-0.009356427726551634
2006-03-30,0.03913860129601621,0.004928406623089746,0.04661172422893402
2006-05-01,-0.05461057377018371,-0.009822838704932654,-0.05493401726373719
2006-05-31,-0.0010457068617963218,-0.0260114384629935,0.0030533740363794036
2006-06-29,0.020095918371339026,0.010963792010047551,0.01440845847922118
2006-07-31,-0.009990806219610855,-0.009839489049648582,-0.010829175625654852
2006-08-29,-0.017173485308568243,-0.004393403062202542,0.0010144940496318658
2006-09-28,0.007799470046009029,0.0010658324236162003,0.009780758255450401
2006-10-27,0.03113794482868554,0.003005978284584338,0.024008099552929544
2006-11-28,0.04262497569319989,0.0006385282892025362,0.01898534063474886
2006-12-28,0.0007672207604726786,-0.0004103043482834492,-0.015899647751325595
2007-01-31,-0.027320635117968728,-0.0005536747245264428,-0.023134819593399802
2007-03-02,0.04664982372283771,-0.005556066871573839,0.020617914566888773
2007-04-02,-0.0005780049209252944,-0.020848831735527144,0.009481318539631363
2007-05-02,0.029213899764151164,-0.027437020422617652,0.03139602874385182
2007-06-01,0.004751893455361813,-0.0038584427249364114,0.002473241499630582
2007-07-02,-0.0004608316754466518,-0.013372578542139583,0.003120708187665938
2007-08-01,-0.00825647804424555,0.011303283834048933,-0.015995340602966937
2007-08-30,0.07106892518042557,0.02292173445676815,0.06281064668143271
2007-10-01,0.026762203635275865,0.015423355527961861,0.03704947191393637
2007-10-30,-0.039394449187340246,0.012207859134574093,-0.06550897329654373
2007-11-29,0.0009101981946901992,0.0005986640072590708,-0.003613800381064558
2007-12-31,-0.048707791850445784,0.0036825834212227126,0.003841377770262916
2008-01-31,0.04339718533875528,0.029021249469284475,-0.027702923308387892
2008-03-03,-0.019108107935788057,-0.038485642341195614,0.011581740740823243
2008-04-02,0.002375046759365961,-0.04169350742673808,-0.0026212735490080616
2008-05-01,0.04741408561398297,0.016817833020308925,-0.021426339968887678
2008-06-02,0.04540487817403786,0.08258556448951981,-0.021026810397158147
2008-07-01,-0.05126506921082585,-0.01989188995857791,-0.02019145696990256
2008-07-31,-0.05225843449253399,-0.02534786124972709,-0.01936990018898047
2008-08-29,-0.04624206558509038,0.004187512591748849,-0.00817641574409382
2008-09-30,-0.0667867229364576,0.14199050012021489,-0.1358022467823191
2008-10-29,0.03899679387626034,0.04199207907731617,0.04203630325754306
2008-11-28,-0.012524162191459347,-0.00019011819037385858,0.026881878277153076
2008-12-30,-0.029688162278147544,0.014911726681734218,-0.027281068086191497
2009-01-30,-0.05690311651331638,0.05370000259739381,-0.04120436056168038
2009-03-03,0.06224261274743295,-0.10149869421396338,0.09355577846686955
2009-04-01,0.03760589273799818,-0.0790278361391759,0.03973604405570477
2009-05-01,0.022781940448905705,-0.02682032693103023,0.03639442246856402
2009-06-02,-0.018354679822232878,0.029906675373440637,-0.02089012914223222
2009-07-01,0.033907801367636374,-0.042467045191999675,0.03996692611360316
2009-07-31,-0.018742098775480494,-0.026220227678763704,0.011947255594533076
2009-08-31,0.04743489475742867,0.02990677548323549,0.026435217072287215
2009-09-30,0.0022944749002951847,0.00503660783100156,-0.00018491393568026426
2009-10-29,0.017648743281267556,-0.007994664359324166,0.011331870139262155
2009-11-30,-0.005292766208702657,0.011410721124266303,-0.009224879973387175
2009-12-30,-0.0263204102756158,0.00379927857785305,-0.010174730564397442
2010-02-01,0.0054889248125198215,0.008117256833988035,0.009557507622757935
2010-03-03,0.03634212808017651,0.018125975854409088,0.02009793962322743
2010-04-01,-0.004837959709373571,0.01731145880613203,-0.008095856133121089
2010-05-03,-0.03251135801174601,0.00048794802676686844,-0.02155770499236262
2010-06-02,-0.03406751006054198,-0.00969653226265537,-0.022208797541702976
2010-07-01,0.03388713141558572,-0.02906415971824855,0.040815607602260565
2010-08-02,-0.0227339013314743,0.05118716845523473,-0.023888223795397387
2010-08-31,0.029355342262591358,-0.042214204977033716,0.020534047545747267
2010-09-30,-0.0061164726371779644,-0.020872329419854,-0.009209612690879682
2010-10-29,0.014699264185307787,-0.014133443492570393,0.011394530856446176
2010-11-30,0.025229687439549793,-0.03381915831089835,0.031142694929266128
2010-12-30,-0.016029317092268163,0.0005024367176296118,-0.013959174232946708
2011-01-31,0.012613462839173573,-0.011572185285151425,0.014236596599920295
2011-03-02,0.020777067545215945,0.004508703156470331,0.027587099304283526
2011-03-31,0.01780082018082911,-0.001251263833497121,0.016146767886228507
2011-05-02,-0.03679791457914021,-0.01750904318374263,-0.034453057835154066
2011-06-01,-0.0005021792397374862,0.002543689317126509,0.0007429354239920324
2011-06-30,0.011694091794681007,0.00394206812564314,0.007257236023617332
2011-08-01,-0.029046760903201164,0.0014040204991383823,-0.030111011980691514
2011-08-30,-0.044310009260534106,-0.011998038884177845,-0.0425123932856801
2011-09-29,0.06794306788233755,-0.06738466080581254,0.06946179300804357
2011-10-28,-0.03584867354973981,0.06042444461216509,-0.04116945124791423
2011-11-29,-0.008601201200695026,-0.019843678661038575,-0.01541329592829594
2011-12-29,0.043134140468402214,-0.032482264046399124,0.043134140468402214
2012-01-31,0.022109884374872886,-0.02838611983802418,0.017423454016524224
2012-03-01,-0.023372280470369034,-0.001209887870482684,-0.02474587613984911
2012-03-30,-0.010432634434795892,0.016569875904802616,-0.01310291689068421
2012-05-01,-0.026994124976914224,0.07660663801941411,-0.03312696647535625
2012-05-31,0.017748552475414806,-0.013689069192939794,0.012927140077367928
2012-06-29,-0.001541970328512953,0.008608433394795046,-0.0017040574735812664
2012-07-31,0.015163396487484663,-0.02339709420751195,0.01488197530143243
2012-08-29,0.022866480091765822,-0.01942203264817452,0.033961218592935216
2012-09-28,0.007589273669468927,-0.005998211142897964,0.0017100224497033911
2012-10-31,-0.003771159264722634,-0.000544677156982554,-0.0009970677407177162
2012-11-30,0.021622298326071803,0.0016483028080484345,0.018087135867098928
2013-01-02,0.012377905684294374,0.006097400457872411,-3.352643836611845e-05
2013-02-01,-0.0239086313104958,0.011722425182797282,-0.02855349805418773
2013-03-05,-0.02145624022081304,0.01511655548895611,-0.020473851122336094
2013-04-04,-0.009180413724664516,0.014723787640280706,-0.01659331906851371
2013-05-03,-0.014870751783118828,-0.005316770002125958,-0.01883070544776537
2013-06-04,-0.038742250456284315,0.020323221188267872,-0.041136089772002164
2013-07-03,0.016409940051837844,0.022066227337121644,0.013276470632878977
2013-08-02,0.032914153139703604,-0.028453028406497667,0.03199696941390484
2013-09-03,0.015857070908235123,0.013049053061195356,-0.010617206669852431
2013-10-02,-0.021632954084443965,0.018093229790910107,-0.020244818709791466
2013-10-31,-0.017323188088135,0.03459517488319035,-0.03373446101982669
2013-12-02,-0.008841886005252314,0.008457088450161281,-0.004416124592896758
2014-01-02,-0.03314198636349884,-0.02194472509202591,-0.01179677728406189
2014-02-03,0.006971576862246122,0.013215387813879036,0.01970208051100291
2014-03-05,-0.01713521847248527,-0.021630001620066317,-0.0070778731663003955
2014-04-03,-0.020279950690239395,-0.00325689730113314,-0.020590781705847577
2014-05-05,-0.0048984752194074725,0.0053904296301771955,-0.004981154384668307
2014-06-04,0.04454748501624284,-0.013522042753917506,0.0406155854867889
2014-07-03,-0.022113047408675864,-0.000677231255923328,-0.014696003103630808
2014-08-04,0.010700063917673749,0.005216264281100797,0.009761138591992454
2014-09-03,-0.0540984748128542,0.028045362522481174,-0.04256321313610808
2014-10-02,-0.017554793681519836,0.004477363730466505,-0.017554793681519836
2014-10-31,0.016467692503425606,0.012821490256364471,-0.0011305289185507051
2014-12-02,-0.005988072410807956,0.01797446368973244,-0.0007572242310956018
2015-01-02,0.006523502639226485,0.0006491432315725576,0.012402049029173287
2015-02-03,-0.01881358663291858,0.004550233737571963,-0.017751401413462865
2015-03-05,0.018512574692709748,0.004863471995054233,0.01488036406814792
2015-04-06,-0.0049200544054663195,-0.013289554683786805,0.006239738363954154
2015-05-05,-0.0014430943247881276,0.026695388713457002,-0.017140911504789157
2015-06-04,-0.00944943996330465,0.009791466521799633,-0.012093651183576545
2015-07-06,-0.018948937805925985,0.023565068876094847,-0.050535886878569594
2015-08-04,-0.032335595626457214,-0.004836060172745897,-0.02887586972337
2015-09-02,-0.013139644929139277,-0.00045167577778092985,-0.00785074586536096
2015-10-02,0.021082482791562746,-0.0061800084427081,0.012210497775239186
2015-11-02,0.00270052674316738,0.017867103375204446,-0.0018349934450930874
2015-12-02,-0.029112850991784553,0.004041551252169762,-0.027862413472080072
2016-01-04,-0.06771858557598631,-0.007608994913751298,-0.03583787909599601
2016-02-03,0.0026455892073588075,-0.01843855903770201,0.05659619537915599
2016-03-04,-0.0024750713361993944,0.00840381814076068,-0.007995113909966985
2016-04-05,0.013955921311409145,-0.01711780411105579,0.02102140287163965
2016-05-04,-0.004841527705443587,-0.009468029810019346,0.0025265881797038
2016-06-03,0.03190161636537396,0.022795613225006513,0.01933104253687585
2016-07-05,0.02360306330817032,-0.03719657930782708,0.03291708706244477
2016-08-03,-0.008689186920498757,-0.0035868842810736082,-0.007326852109181423
2016-09-01,0.0034137893263782655,-0.009253136707778801,0.004489426636051459
2016-10-03,0.0010147955077797755,0.0029249166741504816,-0.0077994959864342885
2016-11-01,-0.047777114013174304,-0.050468842330288255,-0.047337115782359065
2016-12-01,0.002222006992690321,-0.006261959900169561,0.0033865077985969216
2017-01-03,0.008377886549477614,-0.021604148661234817,0.032552282163078705
2017-02-02,-0.008042916869744048,0.003450362322069595,-0.0006750683577572969
2017-03-06,-0.001213206813250883,-0.008517216604674444,0.006402133770745205
2017-04-04,-0.016954725202299646,0.018255705416415892,-0.025086585559265028
2017-05-04,-0.01243042419383535,0.005990965975076874,-0.006852861586031461
2017-06-05,0.03304550307164599,0.0007482195249799631,0.01730089062975335
2017-07-05,0.005977763197130594,0.007872553198694288,0.005318110860922286
2017-08-03,0.007292339140673416,-0.014483080080581195,0.018678095309579597
2017-09-01,0.018530838464375803,0.0063839362957833126,0.006923077320577712
2017-10-03,-0.01224782201520468,0.016360060077695204,0.000646614266180701
2017-11-01,-0.003473737270315908,0.00798036259457528,-0.010727304886556049
2017-12-01,0.021658612613534092,0.0018672863185520971,0.023002787812928027
2018-01-03,0.011254314082959549,0.015185450472629546,0.010474620320451622
2018-02-02,0.0017088857239936275,-0.002244326242193114,-0.006553700488228684
2018-03-06,-0.01721457652737629,-0.006878833425819483,-0.0032389379992663198
2018-04-05,-0.002672920556521424,0.012478565030602157,-0.010103077587949377
2018-05-04,0.010420636751853488,-0.025930263679781823,0.0057731206953677856
2018-06-05,-0.030844026031911956,-0.0058827927254364275,-0.016444270833470255
2018-07-05,0.017855858838452386,0.006325110106410294,-0.002205860599084371
2018-08-03,-0.0034432983341250644,0.03507523152418182,-0.032285124197795605
2018-09-04,0.01929559096476069,-0.0016672267744492265,0.018908155768668677
2018-10-03,-0.03919483862972455,-0.022700278401502204,-0.0021047752502699538
2018-11-01,-0.009532301180960953,-0.0038115217589232055,-0.004047893249250275
2018-12-03,-0.027918290125576353,-0.021864287027919954,0.006249706035846472
2019-01-04,0.028424184825282826,0.001394599238655897,0.028002810851483033
2019-02-05,-0.002307740220762527,0.013476193041009882,-0.009225275868177545
2019-03-07,0.018932391358106378,-0.017533987961610705,0.01807627364575929
2019-04-05,-0.021885911136625386,0.011435987469287473,-0.032849074619003875
2019-05-07,0.0009666500760854606,0.014857227506089452,-0.01746546522568734
2019-06-06,0.02656425180542228,-0.018513571605700198,0.018955566189930065
2019-07-08,-0.00739594769399466,0.029044235043482206,-0.013762815479295972
2019-08-06,-0.0028646705876551673,-0.005988188924600828,-0.0014129801832610638
2019-09-05,-0.010317291153208544,-0.0021362259568356284,-0.009120171366174537
2019-10-04,0.015540492626421432,-0.04015678955516779,0.018884284651901215
2019-11-04,0.0019304199764877184,0.0016751829647876915,-0.00033725851551203996
2019-12-04,0.022151794597333414,-0.016654119293145593,0.029251240007620347
2020-01-06,0.0060528434102438775,0.014409972567735149,-0.025692293838686122
2020-02-05,0.015254015033681442,0.07228476312225725,-0.021747233740564836
2020-03-06,-0.08981736790255251,0.08104461488938333,-0.07023448337941765
2020-04-06,0.026584215420568415,-0.04189941993625392,0.036706694321108894
2020-05-06,0.06507804885627783,-0.0935220845382444,0.08457810622222708
2020-06-05,0.0298977751104669,0.062066258223819885,-0.055800736844679476
2020-07-07,0.02128583648768504,-0.025627382733232,0.022120128209034563
2020-08-05,-0.021807675042620666,-0.011069749354698132,-0.010282688743895218
2020-09-03,0.005528717658581294,-0.005717672722772526,-0.017484271802338736
2020-10-05,-0.0067155747997064185,-0.011837571823727114,-0.00016996624816683438
2020-11-03,-0.023602970932312388,-0.044766398189419285,0.04483174518787744
2020-12-03,0.018159070122590014,-0.01261246280363271,0.016888898169226535
2021-01-05,0.01607040137664423,-0.003397187445683363,0.0023853288265245076
2021-02-04,-0.022973835609100303,-0.024328392631447163,0.014415508246547548
2021-03-08,0.017435882642596504,0.023263518601952284,-0.01717930173572013
2021-04-07,0.011548560407785048,0.014546296884940357,0.010481576148949269
2021-05-06,0.007666068919587047,0.0037106503853927483,0.012424712935720311
2021-06-07,-0.029463801581489826,0.005293970505769963,-0.033740205276374266
2021-07-07,-0.004315680363681256,0.010099277254056089,-0.012114839006112557
2021-08-05,0.000636510931456483,0.009340196748383324,-0.008435510689978394
2021-09-03,0.03803392392240555,-0.006062519118699539,0.011011251012246169
2021-10-05,0.0011919648655737691,0.01591000097164822,-0.0010094332958475172
2021-11-03,-0.0033353272111388797,-0.000997450497893907,-0.013521476933223458
2021-12-03,0.022379419549389698,0.01867882199846399,-0.000417495219955856
2022-01-04,-0.014375176368209994,-0.024345475415521345,0.005000878554628295
2022-02-03,0.03442555720768729,0.028305167709696377,-0.0014260068264740668
2022-03-07,0.022300898322354802,0.01722220897778972,0.03275885742837926
2022-04-05,0.0023783487311150042,0.048290647339483295,-0.02678950505969735
2022-05-05,0.01363315546547181,0.0013071068721772963,-0.008339941811970666
2022-06-06,-0.030095706494121008,0.007020262870031463,0.004485612245230058
2022-07-07,0.0019361750587449517,-0.02351373790453088,0.017327305835931166
2022-08-05,-0.01265797720541948,0.04775318387014109,-0.014812649777195389
2022-09-06,0.031164405341622417,-0.001712544139575195,0.0253231394753688
2022-10-05,-0.008783866150806228,0.036354720412979304,-0.020032863660838063
2022-11-03,0.01746263162024607,-0.056410820955318006,0.02383550510894278
2022-12-05,0.017566055533551,0.001717643742340005,0.015965842720005587
2023-01-05,-0.0018872716809476484,-0.03686481732374912,0.013922790217754305
2023-02-06,-0.019957205683358206,-0.002927781029872619,-0.02576233245000051
2023-03-08,-0.011518040580622196,-0.021113135514600895,0.027227645212481475
2023-04-06,0.00730403063504606,0.009208458623361154,0.008495592525340207
2023-05-08,0.01626062838139981,-0.03207149923863468,0.01341459228838715
2023-06-07,0.0031006940548788386,0.009571965385349712,-0.011271394744379382
2023-07-10,-0.010632746876020022,0.001938908656106804,0.011185307200835666
2023-08-08,0.0009985453850902444,0.005624616831338469,-0.012470609828897194
2023-09-07,-0.0074293230216743306,0.00010515789184398217,-0.01335221465802227
2023-10-06,0.016540432243379404,-0.009326736332299516,0.013809044219713056
2023-11-06,-0.0036717964462633854,-0.015885077550433533,0.0006375148930306343
2023-12-06,-0.005566106956175647,-0.01041874441570529,0.015457603226611522
2024-01-08,0.0006633492203961274,0.03254966095887653,-0.03045879743514963
2024-02-07,0.013176430914989566,-0.009784169013583612,0.0230133204702047
2024-03-08,-0.007230492541343614,-0.012694546098635108,0.018169884461461627
2024-04-09,0.006019993373582749,0.002488207523755276,0.0034820482931349262
2024-05-08,-0.0038411586324851956,-0.009726795352283999,-0.016462561071616897
2024-06-07,0.009145817657303285,-0.01579142306550004,0.010979787701831115
2024-07-10,-0.015270804648943273,-0.007227218245468986,-0.017059667770875322
2024-08-08,0.0031162395462063196,0.00012202616931408783,-0.011294830544156125
2024-09-09,0.029441082120990447,-0.025167254599752296,0.02191276653229196
2024-10-08,0.01975648793727719,-0.01793351049989432,-0.00042400320928085225
2024-11-06,-0.01787936377670306,0.012011923737104923,-0.019968861043918606
2024-12-06,-0.017975525276692904,0.0012824549880382091,-0.012167653981604971
2025-01-08,0.004120440353756749,-0.011957030907087364,0.01880800975664637
2025-02-10,-0.024433761839771133,-0.019998553699678318,-0.003046012091582135
2025-03-12,-0.016884607157739047,0.023780776064348783,-0.026600214238847238
2025-04-10,0.04625673234126469,-0.04898933686127259,0.04460737101618048
2025-05-12,0.0132159586948736,0.0021473331064428176,0.013673953732065858
2025-06-11,0.014117728812168114,-0.00804510772715043,0.027274872923073894
2025-07-14,0.006540754315829771,-0.007432955823052829,0.009090115829180095
2025-08-12,0.029930192337759516,-0.004960726148247194,0.03816611318431785
2025-09-11,0.00022289853898869137,0.015443796654644858,0.008454216579825657
2025-10-10,0.028350600818259093,-0.0010109564407754408,0.026076399309075998
2025-11-10,0.02656796497845246,-0.006850220296230237,0.034658243318698795
2025-12-10,0.05222195173932635,-0.015716579140498694,0.04648760924022367
2026-01-12,0.04288347031409033,-0.01866775486210252,0.04498533803914534
2026-02-11,-0.027699438944531377,0.0017764006951868222,-0.02432180363268291
2026-03-13,0.035166556541048145,-0.013379856496602005,0.040313078983155455
2026-04-14,0.023100938315663042,-0.01230451808729456,0.012771622615450642
2026-05-13,-0.054405827333188425,0.009739627355759563,-0.03664532611170056
2026-06-12,-0.03081837528847346,0.004761978575118513,-0.026014551578262508
2026-07-15,0.033768321646160046,-0.009758952474655379,0.034073554463349934
2026-08-13,0.03979604737222176,-0.004875403715890162,-0.003084135665646774
