date,wc_current,wc_no_vol,wc_vol_rule
1999-12-22,-0.022691451062596315,-0.016835984724918752,-0.004527394620663359
2000-01-24,0.04073302917338742,0.05501755260833597,0.04073302917338742
2000-02-23,0.005516466194345978,0.02088093804286238,0.01348748999626885
2000-03-23,-0.10329544123033071,-0.10699436010975891,-0.056655347795079795
2000-04-24,-0.032876962949467264,0.013262165171657854,-0.03625592911938125
2000-05-23,0.05085723920793214,0.0005282096775240802,0.07045594495155341
2000-06-22,0.0039356207514973,-0.013764017722115255,0.016771968561272325
2000-07-24,-0.00022403324856878828,0.006088291801525752,0.005887430197371949
2000-08-22,0.01056173550303284,0.015047605765657767,-0.007551663380757648
2000-09-21,0.002518888685853644,0.001815251316230024,-0.04794210462742003
2000-10-20,-0.05752394268160953,0.051446136048508465,-0.07791304329816556
2000-11-20,-0.016440335342150322,0.040763144235152135,-0.07679837851613394
2000-12-20,-0.002000307395845037,-0.052000972219966864,0.0750472151671066
2001-01-23,0.01600136155649587,0.04204938332565099,-0.09155760454331871
2001-02-22,0.03210993621886119,-0.010784058590983017,0.007799714333168691
2001-03-23,-0.001621344309974973,0.018624684168824616,-0.024670197365391024
2001-04-24,0.010277119584683893,-0.009729223869762242,0.015012897568718427
2001-05-23,0.00945061414814619,0.008280009698987296,-0.023893323599261385
2001-06-22,0.0011211836232581929,-0.0050358284751163196,-0.01417952469952352
2001-07-24,0.006755117746631136,0.02368269423878959,-0.03798368526251717
2001-08-22,-0.02561188668866561,0.00854491247081806,-0.033795320410051254
2001-09-27,0.02778296587110484,-0.024029719322224606,0.06621862872738972
2001-10-26,0.021072301968763717,-0.007414431338052656,0.0439294202944824
2001-11-27,-0.018901308233128848,0.006447723147706004,-0.005865599171387395
2001-12-27,0.01771573256953021,0.02012767064693657,0.00178528844709446
2002-01-29,0.0009705322156550178,0.015940693016256727,-0.01741747203321313
2002-02-28,-0.008443143734155036,-0.023297109002965666,0.004380623894290298
2002-04-01,0.023569808366441222,0.029323532051786224,-0.021312672979412802
2002-04-30,0.016699887986268938,0.017662906425422335,0.0063395526414646
2002-05-30,0.032328356517586934,0.031102340382920632,-0.021108011565598144
2002-06-28,0.002631795212179668,0.014297746484675881,0.024793050746423444
2002-07-30,-0.0042894791930326685,-0.00836173436556303,-0.016207929751043425
2002-08-28,0.03150467619245607,0.025254543484602435,-0.05520176160190172
2002-09-27,-0.013270047719063878,-0.03906265241657181,0.02848056858371585
2002-10-28,-0.006244934676493941,-0.006345100477385292,0.02867876053585185
2002-11-26,0.0019238388704060608,-0.0238753805486671,0.0034496785479186088
2002-12-27,0.0012550800342775073,-0.007754622152588034,0.0006163914173486146
2003-01-29,0.0009900477790485748,-0.01372352244789337,-0.014260425019506537
2003-02-28,0.014449678580053457,-0.018576259668062787,0.011709223967787409
2003-03-31,0.032902499139151054,0.008404363530202292,0.03793380052706991
2003-04-30,0.0077999510856335795,-0.0008588039493448328,0.0073598258385511464
2003-05-30,-0.004710130329681426,-0.00986702517296679,0.004965408478926594
2003-06-30,-0.01429228294725003,-0.012609298037608916,0.014156603357885785
2003-07-30,0.015951050016422136,0.007665698383371496,0.010993404908430844
2003-08-28,-0.002657519983976496,-0.007797656202046016,0.008628708200529082
2003-09-29,0.019918978324708445,0.006979898295365699,0.011891413062770943
2003-10-28,0.0052401571402223585,0.010180984579443572,-0.006843708479339701
2003-11-26,0.014040488369622916,0.002914964999555071,-0.010298616644654734
2003-12-29,-0.0017761611991651415,-0.025193119149096957,0.011071904010013008
2004-01-29,-0.01127221672889989,-0.003047643759237298,-0.00643222603496264
2004-03-01,-0.0073418149275506946,-0.0035429752309726714,-9.096675153528619e-05
2004-03-30,-0.029528594750061102,-0.01658163812775391,-0.012629062307871681
2004-04-29,0.0007145533076126018,-0.004380726917284437,0.0007813576136535064
2004-05-28,0.006465679029041678,0.0023369652513587575,0.00642592880155803
2004-06-30,0.02199093493625335,0.009574022471099071,0.024493967390237008
2004-07-30,0.006730548125608936,-0.001729937667278282,0.010685018044923965
2004-08-30,0.013570590356966481,0.011081529511269572,0.0029210415186569152
2004-09-29,-0.00327386374830977,0.008490162194454927,0.0031550490369372172
2004-10-28,0.0030692348477993968,0.00548378062326875,-0.0005378512478938086
2004-11-29,-0.006551616943511401,0.00024724064246353997,-0.0037812620608871153
2004-12-29,-0.0009361997909577684,-0.004217852458993037,0.004987418542232089
2005-01-28,0.023395816463119983,0.003050748591967906,0.015299702680870412
2005-03-01,0.010161975209647746,0.00478932328391264,-0.0011812464079772563
2005-03-31,-0.008724485300643453,-0.009803351758033452,-0.007401561115821606
2005-04-29,-0.0024225069231733148,-0.00848087516729288,0.0010259432394837582
2005-05-31,0.018741797347161363,0.015768933805050258,0.016138241420168443
2005-06-29,-0.0020336999026996506,-0.00918204142408651,1.0593674280922162e-05
2005-07-29,0.01171108668219993,0.0018521338697538128,0.003194530905888376
2005-08-29,0.017952135215463082,0.012399313632760998,0.02527332868638565
2005-09-28,-0.022686785405707934,-0.021002426006156743,-0.025860197969343208
2005-10-27,0.0044212457848156125,0.0009402040345685825,0.0033932277968802328
2005-11-28,0.009832673940597902,0.015636234361559174,0.009049257071518314
2005-12-28,0.014373250552366653,0.017887500786198607,0.019002796441854732
2006-01-30,-0.0025371102257910226,-0.0036982471710140076,-0.008338144790204267
2006-03-01,-0.0022708411691113334,-0.004365920466649017,-0.0031193963937972396
2006-03-30,-0.005872951175283577,-0.0012536488157437397,-0.0010504035181012682
2006-05-01,-0.008928963604920766,-0.00680753424671063,-0.015034856953777362
2006-05-31,-0.004290329086066557,-0.007123769655362622,0.0029533962925919477
2006-06-29,-0.00238615962967822,-0.001747712301931851,0.0006124775590220837
2006-07-31,-0.009233197184603588,-0.00402709327031505,-0.004632699859117896
2006-08-29,-0.012454571499273818,-0.01375104436997067,-0.009268974420834271
2006-09-28,0.006403072502131464,0.0018019847738428585,0.009775391784520438
2006-10-27,0.0003302214779856707,-0.004725722780505237,0.00962933034914012
2006-11-28,0.014731636491596936,0.01784129458756787,-0.00816891547033365
2006-12-28,0.00481133292500784,0.005633151784165811,0.0067412138877288065
2007-01-31,-0.0009106587996396183,-0.006440252269788021,-0.005249428003979317
2007-03-02,0.010149819179670857,0.0016822562329297426,-0.00015180613440668456
2007-04-02,-0.012822598521576996,-0.00524696217741197,-0.002371141905013818
2007-05-02,-0.0020096744193837195,0.006305373880741381,-0.0018607717441076967
2007-06-01,0.010650232651598765,0.0021683764997792628,-0.012845514281661119
2007-07-02,0.005692753407242219,0.00031320017674106885,-0.0033171555012961175
2007-08-01,-0.0004516775506527718,0.006428163682301163,-0.017225914020956214
2007-08-30,0.033943613754958926,0.010926597632803134,0.02435736010840831
2007-10-01,0.0190025833249217,0.017958338391654744,0.0080185223467304
2007-10-30,0.004369025694984777,0.011935011925871833,-0.033587451337835125
2007-11-29,0.0085579010496756,0.011270692653885743,0.011551881595527703
2007-12-31,-0.03351262114824249,-0.022926499179420228,0.0535061503307084
2008-01-31,0.02557456249312137,0.021385689305037963,-0.018276635320165407
2008-03-03,-0.03190285366732,-0.014558593478323252,0.004633856980755732
2008-04-02,-0.00399303129916527,-0.008775565022161168,-0.016772321266740938
2008-05-01,0.023069588198439957,0.04306182485423125,-0.027318613520723897
2008-06-02,0.037611338735441396,0.03170660400926718,-0.020065478699600472
2008-07-01,-0.04373440908421291,-0.028486226362279574,0.011543617786520655
2008-07-31,-0.02120103218041252,-0.008218231868477217,0.0020525401756997025
2008-08-29,-0.02638679071114108,-0.016727652622448595,0.0197935908403032
2008-09-30,-0.06257423194261665,-0.03257200785623241,-0.044522096087651765
2008-10-29,0.025085436866111588,0.03119851257784815,0.03583056847769283
2008-11-28,0.00484449903095652,-0.026490440559134174,0.016103584950157998
2008-12-30,-0.028839874648501074,-0.035963645967697765,0.006182561856892238
2009-01-30,0.0018471003011642252,-0.00018090307112144052,-0.016305544076255046
2009-03-03,-0.0057198709868769475,-0.024000145132070896,0.015556350335483271
2009-04-01,-0.030113254580937037,-0.013745269633506982,0.039210979307529294
2009-05-01,-0.00670834098043425,-0.016585308967651993,-0.008890349302542382
2009-06-02,-0.027620144089257972,-0.012230106480599523,-0.010105010192591057
2009-07-01,0.004247759805489968,0.0046258113634411995,0.025278961697035186
2009-07-31,-0.0025048738649930576,-0.012705485599964761,0.0123872451297684
2009-08-31,0.036821890705220635,0.02229918903843946,0.018680840317686156
2009-09-30,0.001019729118787056,0.005882061207708835,-0.009480338228303723
2009-10-29,0.02162859060141903,0.0034460276418639677,0.013085862728951134
2009-11-30,0.011749263798498047,0.00032304209544358267,-0.005253785632876124
2009-12-30,-0.010754380257777743,-0.0071760842883083625,0.001834279646214716
2010-02-01,0.008589886045538212,0.007182006205398735,0.0060370924689496
2010-03-03,0.012451548443154709,0.005999200023691424,-0.0023001898236615225
2010-04-01,0.013296129404037136,0.011663053282771766,0.009916000951045245
2010-05-03,-0.008428779630806538,0.005848669288357204,-0.0013916335705505864
2010-06-02,-0.013574235029955592,-0.017981045118085404,-0.010028121220078956
2010-07-01,-0.006109568331759782,-0.015514620074886664,0.010829793642467028
2010-08-02,0.0024705763462151468,0.0010123964985310023,-0.009897873723308996
2010-08-31,-0.0024745278409013523,-0.012277617923336448,0.01017918321612174
2010-09-30,0.006697074036924655,0.0037481288856207238,-0.009662442426324969
2010-10-29,0.0064104497594513615,-0.0029710240844636193,0.007693034242101511
2010-11-30,0.0035216023558001085,0.0025948377334880667,0.016617061591913878
2010-12-30,-0.0016206300028765118,0.00848489837858464,-0.022935936297451512
2011-01-31,0.007878567852981841,-0.012135712636239549,0.011756912856347251
2011-03-02,0.016795507037821178,-0.009527129428955483,0.014797552120901872
2011-03-31,0.009920031678094876,0.007137234265262457,0.0063377740906631385
2011-05-02,-0.019234857671286753,-0.018044462722260162,-0.013199984832567069
2011-06-01,0.0007832769983994228,0.0042207743914117885,-0.0018625306181518318
2011-06-30,-0.00036256899993489185,-0.008106501708932451,0.008232282928471049
2011-08-01,-0.0258576910735769,-0.003711092844589925,-0.00030147997215076533
2011-08-30,-0.026617947648049034,0.0014654431275132028,-0.02001963385216807
2011-09-29,0.0017061175014646095,-0.012002745398889283,0.029387443684964473
2011-10-28,0.007637902024701048,0.018550618052991488,-0.0166764664884787
2011-11-29,-0.01146868517800186,-0.024723933460861224,-0.009701444678411969
2011-12-29,0.007787201784734473,-0.009055582929873676,0.019771794830567454
2012-01-31,-0.004016076218714668,0.0056583169261928655,0.005056539452177928
2012-03-01,-0.002101644676500119,0.015955434171822446,-0.01035516058205462
2012-03-30,-0.006111416050623764,-0.0026969467024906455,-0.005025128134568392
2012-05-01,-0.0036368664256873073,0.013311760970158779,0.007903164200125415
2012-05-31,-0.00028140316550642866,0.005295327372059482,-0.0036279239792719243
2012-06-29,-0.0031236891297915423,0.003858953891507274,0.0003362801540326005
2012-07-31,0.0026170239488128113,0.0013737140544039803,0.014712190209684983
2012-08-29,0.012531767653856371,0.0017601047511883738,0.023248457301574724
2012-09-28,-0.008830066954697494,-0.0020895132948906647,-0.004347663844967399
2012-10-31,0.009128308847642971,-0.0037638480494017793,-0.0017840952475773745
2012-11-30,0.005558841908685498,0.00333126617765645,-0.000631953264366227
2013-01-02,0.016097220272995105,0.01477250271684948,-0.012372319978868007
2013-02-01,-0.007122708721389491,0.0023750383719723747,-0.019576402535916762
2013-03-05,-0.0047024464153405665,0.00821504779064624,-0.01517622765261419
2013-04-04,0.0016604161008245827,0.005212302526015654,-0.016303257891920515
2013-05-03,-0.012236393431558584,-0.006658244997784363,-0.007320031865040724
2013-06-04,0.013312695758313947,0.020414170733039496,-0.024834187293596793
2013-07-03,0.00850918201188115,0.00145237505863261,-0.004796365717742204
2013-08-02,-0.01644862599361251,-0.012733081597475266,0.014448889776670951
2013-09-03,0.0036045284398432595,0.003301556835654982,-0.006860062498022161
2013-10-02,-0.012612822135432328,0.002911101542962863,-0.017092634978238732
2013-10-31,0.014595296903173826,0.019501278244202138,-0.03573713077695613
2013-12-02,0.004520837678838087,-0.0016971688727254002,0.006543603438496877
2014-01-02,-0.011669863650915829,-0.01514453429714357,0.007165754025776225
2014-02-03,0.009840124112335672,0.004107108760037345,0.017320146371741733
2014-03-05,-0.02531868944201721,-0.020116722430070122,-0.02350760459293867
2014-04-03,-0.0016890203513852768,0.006081490100272831,-0.018957738358403056
2014-05-05,-0.004102208082923636,0.00020099500447809884,-0.008555080461199627
2014-06-04,0.0056524655800372125,-0.013347928709950316,0.0335804851783534
2014-07-03,0.004554023786708424,0.008691055621525098,-0.0057036676471909865
2014-08-04,-0.003903980428626181,-0.0042599915907586125,0.00296800297530255
2014-09-03,-0.008650270045529276,-0.008472211584344603,-0.022103883397324716
2014-10-02,0.016073347805905372,0.003927803390338218,-0.02125758914981357
2014-10-31,0.006568461761133598,0.002429314495171688,0.0028190182458789625
2014-12-02,0.006635327295693082,0.0008364291922281867,0.008608727294048846
2015-01-02,0.008178347126922942,-0.0023673726871789916,0.017655006828355062
2015-02-03,-0.004324648061712459,-0.0003708603816782686,-0.01310820291833475
2015-03-05,0.007978327040460356,0.0061384002688500095,0.00424445388083131
2015-04-06,-0.014629301116640925,-0.010925853937677,-0.0015720014685701444
2015-05-05,0.022919531779137164,0.025314021439295,-0.00989733113034926
2015-06-04,0.0087540004049488,0.004457878254010709,-0.00820473049824487
2015-07-06,0.01035726647752512,0.0060938353712579425,-0.03459888130418814
2015-08-04,-0.009784120715613874,-0.006748682075451491,-0.0038965179940967224
2015-09-02,-0.005528671861137854,0.003955093697091641,-0.004631608165519639
2015-10-02,-0.0029766119745218123,-0.004169223009048814,-0.0008356145749849036
2015-11-02,0.012758348149785187,0.0064131492176446175,-0.0020128646428211328
2015-12-02,-0.015861301235571435,-0.006925812913567707,-0.011303992074893437
2016-01-04,-0.040901088402616435,-0.008231451665106826,-0.014511504135252706
2016-02-03,-0.0031134793896827316,-0.012786248299488615,0.03445556867809442
2016-03-04,0.0031466788601167924,0.002292623163458634,-0.006582550958461331
2016-04-05,0.017994923072302233,-0.01423208111819893,0.03049901623673311
2016-05-04,-0.0068092282857993985,-0.0053556678811866555,0.010393907811737588
2016-06-03,0.03719486474042332,0.014023223650545619,0.02366789514469499
2016-07-05,0.01445342494586283,-0.008040820691594494,0.01578311327432082
2016-08-03,-0.013665653073553663,0.004026649572748222,-0.01438424577049017
2016-09-01,0.002711244368602414,-0.003316709983921228,0.006168437974351788
2016-10-03,0.0001469714419108928,0.0035181345670897706,-0.009246410705888547
2016-11-01,-0.046766957836420764,-0.037259405997944396,-0.05041513565622006
2016-12-01,0.008741972154018977,0.010410155988211793,-0.001105472387712951
2017-01-03,-0.0016256622281945639,-0.0027805122705155754,0.01885832702905553
2017-02-02,0.00030897603106914626,-0.0005355832273865453,-0.002337760626747175
2017-03-06,-0.00011643837679257973,-0.013314550220350557,0.004976614630219085
2017-04-04,-0.00040138896176435124,0.00043369435289162633,-0.02366006380471768
2017-05-04,-0.02059986366560272,-0.005921972086207548,-0.008132245585198317
2017-06-05,0.009687741888039128,0.009648170671871787,0.01493106691942915
2017-07-05,0.006270247622089424,0.008980488388918054,0.0003288832191767575
2017-08-03,0.0050908100087989116,-0.014295318645285637,0.01568747639580217
2017-09-01,0.0085446316604329,0.003676804923700206,-0.0062241760174964085
2017-10-03,0.006696024217967171,-0.004634031105785248,-0.009480787374360483
2017-11-01,-4.797378443970017e-05,0.0021556161533849015,-0.004493027923541111
2017-12-01,0.007892787565119236,0.005145184703489111,0.009735514578010107
2018-01-03,0.01310093038357748,0.0004633193549025884,0.0009624489001053659
2018-02-02,0.002953388694771288,0.0006254344292692069,-0.0023715752359091493
2018-03-06,-0.010610976325235688,-0.004021882420704735,-0.007477271252445183
2018-04-05,0.007832943632485856,0.00956840011439677,0.012955105072075548
2018-05-04,0.01645126599490501,-0.00518471724166028,0.020288995884755353
2018-06-05,-0.017403042123951634,-0.015932506239693212,0.004643250012308388
2018-07-05,-0.007458175441105126,-0.0012444400268204904,-0.017886514677786614
2018-08-03,0.012672620467330961,0.01188093980417732,-0.022807040433163325
2018-09-04,0.011788336160570831,-0.0057437618545880574,0.005599319326740996
2018-10-03,-0.02361782064117496,-0.0027274507662655902,0.003716603979809273
2018-11-01,-0.014340970509629477,-0.011315091881558992,-0.011934362147174799
2018-12-03,-0.010195039650271975,-0.0071347519008115095,0.018684951644691073
2019-01-04,0.005708933487837225,-0.0074441195506752935,0.0011368028818485416
2019-02-05,-0.01277633912569028,-0.009072187538146231,-0.0002317797105275641
2019-03-07,-0.0038912436802058885,-0.006501791043342114,0.00036228972568265634
2019-04-05,-0.01243466001722797,0.002043815178343756,-0.01361486920671857
2019-05-07,-0.0018211868727343779,0.017183942574324467,0.0013450764524564984
2019-06-06,0.008547522752143214,0.007983306423641215,0.010488938630150471
2019-07-08,0.02245553211119702,0.006916540729888838,0.010630007090010177
2019-08-06,0.0017369343773801689,0.009598297766819605,-0.008977246844046128
2019-09-05,-0.008568444768560937,0.0015425634377885984,-0.010957947644978988
2019-10-04,-0.0024307109306398364,-0.009680337540204512,0.0015477753730486071
2019-11-04,-0.006879160385939877,-0.0014182907090830499,-0.00010712397127228084
2019-12-04,0.011117455948307048,0.003081633092759082,0.005084997948957563
2020-01-06,0.013215529378347668,0.014308757213944132,-0.0212790784886219
2020-02-05,0.023014696552708293,0.021052628957396482,-0.004941678581750558
2020-03-06,-0.00904369362004033,0.004237485826197496,-0.030204952183515515
2020-04-06,0.0128336951783247,-0.0004282167147285088,0.029327264503316477
2020-05-06,-0.0032530093853630573,-0.054478381289943485,0.030867599107323517
2020-06-05,0.03178681520282103,0.07082399185762821,-0.02206975930899018
2020-07-07,0.036299370481495036,0.0007997725667266362,0.02959637921262384
2020-08-05,-0.021440797860559396,-0.024655576383943886,-0.01726899055095754
2020-09-03,0.003826272001794718,0.0019847086994899724,-0.022302828637327146
2020-10-05,-0.016562768152964782,-0.009031814175732794,0.0029053063185481612
2020-11-03,-0.018137014657330225,-0.012423695364119754,0.026266592533432134
2020-12-03,0.006319254525692777,-0.005123271066630339,0.01458616687711814
2021-01-05,0.00770138427753229,0.00851297534493779,-0.01293270568619341
2021-02-04,-0.026487071185978355,-0.025903700441937808,0.031095806968456888
2021-03-08,-0.0007738600642061326,0.021719487615790567,-0.025044366189398145
2021-04-07,0.011045846247480442,0.01139829912780363,0.007827308230833946
2021-05-06,-0.0034503124656258036,0.0011376983707962153,0.014038230863247311
2021-06-07,-0.015905683681557144,0.00951827516531406,-0.028988492872826354
2021-07-07,-0.00781555215825562,0.0005439806546867904,-0.014909406978646386
2021-08-05,-0.009098180297199632,-0.0015122057859125184,-0.008829753634024301
2021-09-03,0.04002149220991549,0.005521243572963345,0.007931069885257372
2021-10-05,-0.003306934351314744,0.007596492363740469,-0.005543390119008233
2021-11-03,-0.0008183378176865123,0.007354563080295507,-0.020068740086881726
2021-12-03,-0.0017852894777599427,0.004823912780612519,-0.013044426559215444
2022-01-04,0.00434439856818896,-0.004288944109604147,0.029607957570554507
2022-02-03,0.045249125174076366,0.023516484937390832,0.04080466191538718
2022-03-07,0.005147181150768264,0.009365576766604725,-0.010417339238290566
2022-04-05,0.008388125798962406,0.00940071212477693,-0.020953244201559747
2022-05-05,-0.006946725408079099,-0.0059664210271457435,0.0020818099136377852
2022-06-06,-0.026253092889919925,0.013660641983352428,0.01725188923934332
2022-07-07,-0.009011907676947093,-0.011154241841458981,-0.006105787876464036
2022-08-05,0.01444859163012841,0.02573446216928729,-0.00039933978169938894
2022-09-06,0.011835566561447228,0.00717569896780026,0.017203011766181085
2022-10-05,0.01050136607282732,-0.0015158252261166238,-0.019629912985362808
2022-11-03,0.01644318387116008,0.02889774602798692,0.0216093882106711
2022-12-05,0.010426660387832312,-0.0006728723473253678,0.02824380678940959
2023-01-05,-0.007198604322559248,-0.03208529499459529,0.0022511821763357663
2023-02-06,-0.025924644069987925,-0.004385702591519194,-0.02320076129131129
2023-03-08,0.025944690899508124,-0.013604520227682534,0.028313235953467655
2023-04-06,-0.007978382429795866,0.013504100403049038,-0.011383117599194512
2023-05-08,-0.0017424988299432626,-0.017351739290929213,-0.011244798849920218
2023-06-07,-0.008785970534432377,0.002042719583963145,-0.02337846720143241
2023-07-10,-0.004967221512362212,-0.003599169463747373,-5.944833651839084e-05
2023-08-08,0.002135848971683748,0.009710271602831472,-0.013644381022495489
2023-09-07,-0.010192292868780236,-0.0028655714373496785,-0.013599665746601675
2023-10-06,0.003571030802177133,0.0019714155183502605,0.008691685356593851
2023-11-06,0.000546404114331925,-0.0076085462520654725,0.034819756096172605
2023-12-06,-0.011405509332372304,-0.0026895486742477825,0.011857944484088417
2024-01-08,0.003282398036075306,0.02064277863593425,-0.03221870412859292
2024-02-07,0.011859360507132724,-0.007522995017130348,0.02454860710648091
2024-03-08,-0.002837276378477462,7.247599430789305e-07,0.0061543260034841825
2024-04-09,0.0016792249337293042,0.00025845542787541077,-0.001049364487293217
2024-05-08,-0.015373389388982825,-0.018311810372724332,-0.0094854069013183
2024-06-07,0.0036691193331204286,-0.014067058847271025,0.009286342138425649
2024-07-10,-0.008264263737677103,0.011347750729513962,0.007560646038627282
2024-08-08,0.005463070003407765,0.005138510983821121,0.0033093291298420305
2024-09-09,0.008430649487535467,0.0006188274775197929,0.004466971170756796
2024-10-08,-0.02334207859297884,-0.020056122839175405,0.0015018605580264931
2024-11-06,-0.008069040491633081,-0.00478998766014406,-0.0048840455224822095
2024-12-06,-0.016375546706404762,0.0058913600480910945,-0.02067340339825419
2025-01-08,0.0136240901168699,0.0016723994269369207,0.018984060447170468
2025-02-10,-0.01149682001467848,-0.017859683430781963,0.0015144765197968497
2025-03-12,0.017598343840916356,0.007981760080516808,-0.005086069667561124
2025-04-10,0.0014488286071942505,-0.01583819544811216,0.02329678727024
2025-05-12,0.01598735199180028,0.000997500227455422,0.013693186801720941
2025-06-11,-0.004838329752005326,-0.011105475778210508,0.0017700381750581685
2025-07-14,0.010052525891788325,0.01027589073923664,0.00969023823942225
2025-08-12,0.029159443058979776,0.005263481374586057,0.02709440478097666
2025-09-11,-0.0013527442206011746,-0.01209217873204139,0.012102759537852364
2025-10-10,0.00036536146576089207,0.0021348898118694892,-0.0010020265735860845
2025-11-10,0.02565496404310509,-0.011861466631991452,0.031419653468080184
2025-12-10,0.02273614328197521,-0.008708810083560725,0.029120895090982594
2026-01-12,0.011651298160781207,-0.010263294936373249,0.020324700094353287
2026-02-11,-0.006350248884594604,-0.0036387978904065346,-0.03628549180374102
2026-03-13,0.017497994646617287,0.0027274481883016355,0.02337528871851674
2026-04-14,-0.013066645720996,-0.01372528615487173,-0.0001700059725643453
2026-05-13,0.003930558074450845,0.02105725810901259,-0.01486985685578672
2026-06-12,-0.018859581002504584,0.000821563468288572,-0.015332839089618975
2026-07-15,0.021655042361251833,0.0030941836114840395,0.02142854223372861
2026-08-13,-0.0123045020636899,0.004981796509958739,-0.0002730648405277758
