kind,name,metric,value
arm,wc_current,ir,0.1806628183550492
arm,wc_current,mean_ic,0.015201931544199465
arm,wc_current,vol_tilt,0.5696461050934855
arm,wc_current,mean_vol_rank_of_picks,0.7117046193640232
arm,wc_current,ir_first_half,0.13648472287755908
arm,wc_current,ir_second_half,0.2423195222281782
arm,wc_current,n_periods,320
arm,wc_no_vol,ir,-0.022121280884480114
arm,wc_no_vol,mean_ic,0.010072220285829006
arm,wc_no_vol,vol_tilt,-0.1312044485332095
arm,wc_no_vol,mean_vol_rank_of_picks,0.4498740396703512
arm,wc_no_vol,ir_first_half,0.009505282309462525
arm,wc_no_vol,ir_second_half,-0.06753722448528929
arm,wc_no_vol,n_periods,320
arm,wc_vol_rule,ir,0.026314569998491823
arm,wc_vol_rule,mean_ic,0.00982459452489167
arm,wc_vol_rule,vol_tilt,1.0
arm,wc_vol_rule,mean_vol_rank_of_picks,0.8693362492313527
arm,wc_vol_rule,ir_first_half,3.5213465315499365e-06
arm,wc_vol_rule,ir_second_half,0.06205948655149723
arm,wc_vol_rule,n_periods,320
standalone_ir,wc_current,ci_low,-0.12709409506608604
standalone_ir,wc_current,ci_high,0.5264698691593634
standalone_ir,wc_no_vol,ci_low,-0.3244701568759916
standalone_ir,wc_no_vol,ci_high,0.26276789385888777
standalone_ir,wc_vol_rule,ci_low,-0.27246464673757836
standalone_ir,wc_vol_rule,ci_high,0.3108885473092473
paired_ir_diff,wc_current-wc_vol_rule,ci_low,-0.19071082351097063
paired_ir_diff,wc_current-wc_vol_rule,ci_high,0.5438950747759063
paired_ir_diff,wc_no_vol-wc_vol_rule,ci_low,-0.5385435277123908
paired_ir_diff,wc_no_vol-wc_vol_rule,ci_high,0.4356108174238653
paired_ir_diff,wc_no_vol-wc_current,ci_low,-0.552947306282958
paired_ir_diff,wc_no_vol-wc_current,ci_high,0.08718774223255712
decision,wc_current_adds_beyond_volatility,rule,False
decision,wc_current_positive_alone,rule,False
decision,wc_current_edge_found,rule,False
decision,wc_no_vol_adds_beyond_volatility,rule,False
decision,wc_no_vol_positive_alone,rule,False
decision,wc_no_vol_edge_found,rule,False
